
Accipiter striatus: 147 candidates, 111 reusable/eligible, 1 selected
  SELECT inaturalist:2096876 | yalexcia_carrera | type unknown | CC BY-NC 4.0 | San Bernardino de Milpillas, Pueblo Nuevo, Dgo., México | 733.879 km | geographic tier 4; quality not rated; type not supplied; reusable license; diversity within tier | https://www.inaturalist.org/observations/386927162
  candidate xeno-canto:XC274807 | Frank Lambert | call | https://creativecommons.org/licenses/by-nc-nd/4.0/ | Oaxaca:Carretera 175/Puerto Angel-Oaxaca--Km158 | 468.789 km | REJECT License not accepted
  candidate xeno-canto:XC71967 | Richard E Webster | call | https://creativecommons.org/licenses/by-nc-nd/2.5/ | Los Manzanos,  Sierra San Pedro Martir, Baja California | 2084.808 km | REJECT License not accepted
  candidate xeno-canto:XC676528 | Richard E. Webster | call | CC BY-NC-SA 4.0 | Mesa El Campanero, Yécora, Sonora | 1408.906 km
  candidate inaturalist:812271 | Efraín Octavio Aguilar Pérez | type unknown | CC BY-NC 4.0 | Colinas de San Javier, Guadalajara, Jal., México | 454.911 km
  candidate xeno-canto:XC973880 | Richard E. Webster | call | CC BY-NC-SA 4.0 | Rucker Canyon, Chiricahua Mountains | 1706.955 km
  candidate xeno-canto:XC934600 | Valerie Heemstra | call, Tews, Psits, Keek series, a harsh noisy call with pitch range 1-12 kHz lasting | CC BY-NC-SA 4.0 | Peninsula Point, Bay de Noc Township (near  Escanaba), Delta County, Michigan | 3137.398 km
  candidate xeno-canto:XC660802 | William Whitehead | call, drumming | https://creativecommons.org/licenses/by-nc-nd/4.0/ | Adirondack Mountains (near  Wilmington), Essex County, New York | 3646.725 km | REJECT License not accepted
  candidate xeno-canto:XC1014685 | Stanislas Wroza | call, flight call, song, scream series, keek | CC BY-NC-SA 4.0 | La Côte-de-Beaupré (near  La Barrière-du-Maurice), Capitale-Nationale, Québec | 4018.335 km
  ... 138 further candidates (full list in the import report after downloading).

Actitis macularius: 640 candidates, 523 reusable/eligible, 3 selected
  SELECT xeno-canto:XC587165 | Manuel Grosselet | flight call | CC BY-NC-SA 4.0 | Iztapalapa (near  Ciudad de México), Ciudad de México | 24.729 km | geographic tier 2; quality B; type flight call; reusable license; diversity within tier | https://xeno-canto.org/587165
  SELECT xeno-canto:XC598768 | Manuel Grosselet | alarm call | CC BY-NC-SA 4.0 | Toluca de Lerdo, Toluca, Estado de México | 43.851 km | geographic tier 3; quality B; type alarm call; reusable license; diversity within tier | https://xeno-canto.org/598768
  SELECT xeno-canto:XC610099 | Manuel Grosselet | call | CC BY-NC-SA 4.0 | San Pablo Etla, San Pablo Etla, Oaxaca | 360.905 km | geographic tier 4; quality A; type call; reusable license; diversity within tier | https://xeno-canto.org/610099
  candidate xeno-canto:XC1176757 | Manuel Grosselet | flight call | CC BY-NC-SA 4.0 | San Juan Guelavía, San Juan Guelavía, Oaxaca | 390.442 km
  candidate xeno-canto:XC613665 | Manuel Grosselet | alarm call | CC BY-NC-SA 4.0 | Mazunte, Santa María Tonameca, Oaxaca | 499.844 km
  candidate xeno-canto:XC531820 | Manuel Grosselet | alarm call | CC BY-NC-SA 4.0 | Topolobampo, Ahome, Sinaloa | 1219.89 km
  candidate xeno-canto:XC531986 | Isain Contreras Rodríguez | alarm call, call, flight call | CC BY-NC-SA 4.0 | Topolobampo, Ahome, Sinaloa | 1220.208 km
  candidate xeno-canto:XC646826 | Manuel Grosselet | call | CC BY-NC-SA 4.0 | San Pablo Etla, San Pablo Etla, Oaxaca | 361.011 km
  candidate xeno-canto:XC308827 | Jesper Bay Jacobsen | alarm call | CC BY-NC-SA 4.0 | Laguna Las Pintitas, San Pedro Tlaquepaque, Jalisco | 444.061 km
  candidate xeno-canto:XC264262 | Manuel Grosselet | flight call | CC BY-NC-SA 4.0 | Minatitlan, refineria de SAnta Alejandrina, Veracruz | 519.049 km
  candidate xeno-canto:XC755638 | Eric Hough | alarm call | CC BY-NC-SA 4.0 | Puente Carrizal, Tepoca, Yécora Municipio, Sonora | 1429.442 km
  ... 629 further candidates (full list in the import report after downloading).

Aeronautes saxatalis: 297 candidates, 224 reusable/eligible, 3 selected
  SELECT xeno-canto:XC289036 | Manuel Grosselet | flight call | CC BY-NC-SA 4.0 | San Miguel de Allende, Jardin Botanico | 231.554 km | geographic tier 4; quality B; type flight call; reusable license; diversity within tier | https://xeno-canto.org/289036
  SELECT xeno-canto:XC317987 | Manuel Grosselet | song, human voice in background | CC BY-NC-SA 4.0 | canyon del sabino Santa María Tecomavaca, Santa María Tecomavaca, Oaxaca | 289.317 km | geographic tier 4; quality B; type song, human voice in background; reusable license; diversity within tier | https://xeno-canto.org/317987
  SELECT xeno-canto:XC465406 | Richard E. Webster | call | CC BY-NC-SA 4.0 | Isla Santa Catalina, Baja California Sur | 1374.382 km | geographic tier 4; quality C; type call; reusable license; diversity within tier | https://xeno-canto.org/465406
  candidate xeno-canto:XC727099 | Leonardo Guzman Hernandez | song | CC BY-NC-SA 4.0 | Lagunillas, Santiago, Nuevo Leon | 668.688 km
  candidate xeno-canto:XC218213 | Peter Boesman | call | https://creativecommons.org/licenses/by-nc-nd/4.0/ | Cola de Caballo area, Nuevo Leon | 680.532 km | REJECT License not accepted
  candidate xeno-canto:XC127405 | Manuel Grosselet | song | CC BY-NC-SA 3.0 | San Miguel de Allende, Jardin Botanico | 231.554 km
  candidate inaturalist:1640980 | Diego Barrales | type unknown | no license | Ejidal Emiliano Zapata, 55020 Ecatepec de Morelos, Méx., México | 33.448 km | REJECT License not accepted
  candidate inaturalist:1574601 | ADRIANA MOLINA SÁNCHEZ | type unknown | no license | Ecatepec de Morelos, Méx., México | 34.722 km | REJECT License not accepted
  candidate inaturalist:315314 | Alvaro Rivera Rojas (brújula de aves) | type unknown | no license | San Cayetano, 76806 San Juan del Río, Qro., México | 135.448 km | REJECT License not accepted
  candidate inaturalist:1159755 | Efraín Octavio Aguilar Pérez | type unknown | CC BY-NC 4.0 | Nicolás Bravo, Pue., México | 217.804 km
  candidate inaturalist:18275 | Ricardo Arredondo T. | type unknown | CC BY-NC 4.0 | zacapu | 267.909 km
  ... 286 further candidates (full list in the import report after downloading).

Agapornis personatus: 29 candidates, 18 reusable/eligible, 3 selected
  SELECT xeno-canto:XC444525 | Stein Ø. Nilsen | song | CC BY-NC-SA 4.0 | Kisongo, Arusha | 14907.133 km | geographic tier 5; quality A; type song; reusable license; diversity within tier | https://xeno-canto.org/444525
  SELECT xeno-canto:XC949230 | Bram Piot | call | CC BY-NC-SA 4.0 | Bujumbura golf, Bujumbura Mairie | 14168.352 km | geographic tier 5; quality B; type call; reusable license; diversity within tier | https://xeno-canto.org/949230
  SELECT xeno-canto:XC845564 | Michael Hurben | type unknown | CC BY-NC-SA 4.0 | Kwa Kuchinia, Babati Rural, Manyara Region | 14868.018 km | geographic tier 5; quality C; type not supplied; reusable license; diversity within tier | https://xeno-canto.org/845564
  candidate xeno-canto:XC94827 | Martin St-Michel  | call, flight call | https://creativecommons.org/licenses/by-nc-nd/2.5/ | Ruaha National Park, Iringa | 14900.844 km | REJECT License not accepted
  candidate xeno-canto:XC509847 | Peter Boesman | call | https://creativecommons.org/licenses/by-nc-nd/4.0/ | Kilimanjaro Golf and Wildlife Estate, Usa River, Arusha | 14939.248 km | REJECT License not accepted
  candidate xeno-canto:XC509848 | Peter Boesman | call | https://creativecommons.org/licenses/by-nc-nd/4.0/ | Kilimanjaro Golf and Wildlife Estate, Usa River, Arusha | 14939.248 km | REJECT License not accepted
  candidate xeno-canto:XC509849 | Peter Boesman | call | https://creativecommons.org/licenses/by-nc-nd/4.0/ | Kilimanjaro Golf and Wildlife Estate, Usa River, Arusha | 14939.248 km | REJECT License not accepted
  candidate xeno-canto:XC1023788 | Bram Piot | call | CC BY-NC-SA 4.0 | Bujumbura golf, Bujumbura Mairie | 14168.352 km
  candidate xeno-canto:XC521388 | Frank Lambert | call | https://creativecommons.org/licenses/by-nc-nd/4.0/ | Cape Saint Francis Resort area, Western District, Eastern Cape | 14300.111 km | REJECT License not accepted
  candidate xeno-canto:XC521389 | Frank Lambert | call | https://creativecommons.org/licenses/by-nc-nd/4.0/ | Cape Saint Francis Resort area, Western District, Eastern Cape | 14300.111 km | REJECT License not accepted
  candidate xeno-canto:XC424432 | Bernard BOUSQUET | call | CC BY-NC-SA 4.0 | Babati, Manyara Region | 14858.882 km
  ... 18 further candidates (full list in the import report after downloading).

Agapornis roseicollis: 127 candidates, 95 reusable/eligible, 3 selected
  SELECT inaturalist:488685 | valverdeone | type unknown | CC BY-NC 4.0 | Lagos de Moreno, MX-JA, MX | 360.626 km | geographic tier 4; quality not rated; type not supplied; reusable license; diversity within tier | https://www.inaturalist.org/observations/124426858
  SELECT xeno-canto:XC432873 | Scott Olmstead | call | CC BY-NC-SA 4.0 | Himmel Park, Tucson, Pima County, Arizona | 1844.216 km | geographic tier 5; quality A; type call; reusable license; diversity within tier | https://xeno-canto.org/432873
  SELECT xeno-canto:XC469512 | Barry Edmonston | flight call | CC BY-NC-SA 4.0 | Paradise Valley, Maricopa County, Arizona | 2016.302 km | geographic tier 5; quality A; type flight call; reusable license; diversity within tier | https://xeno-canto.org/469512
  candidate xeno-canto:XC345740 | Ryan P. O&#039;Donnell | call | CC BY-NC-SA 4.0 | Tempe, Maricopa County, Arizona | 2000.189 km
  candidate xeno-canto:XC339567 | Nick Komar | call | CC BY-NC-SA 4.0 | Scottsdale, Maricopa County, Arizona | 2011.057 km
  candidate xeno-canto:XC191528 | Dalton | call | CC BY-NC-SA 4.0 | Phoenix, Maricopa County, Arizona | 2015.881 km
  candidate xeno-canto:XC469510 | Barry Edmonston | call | CC BY-NC-SA 4.0 | Paradise Valley, Maricopa County, Arizona | 2016.302 km
  candidate xeno-canto:XC469511 | Barry Edmonston | call | CC BY-NC-SA 4.0 | Paradise Valley, Maricopa County, Arizona | 2016.302 km
  candidate xeno-canto:XC469513 | Barry Edmonston | call | CC BY-NC-SA 4.0 | Paradise Valley, Maricopa County, Arizona | 2016.302 km
  candidate xeno-canto:XC196665 | Elias Aristides Elias | call | CC BY-NC-SA 4.0 | Phoenix, Maricopa County, Arizona | 2018.213 km
  candidate xeno-canto:XC267027 | Andrew Spencer | call | CC BY-NC-SA 4.0 | Encanto Park, Phoenix, Maricopa Co., Arizona | 2019.324 km
  ... 116 further candidates (full list in the import report after downloading).

Aimophila ruficeps: 557 candidates, 417 reusable/eligible, 3 selected
  SELECT xeno-canto:XC324450 | Manuel Grosselet | song | CC BY-NC-SA 4.0 | La grande Palapa Milpa Alta (near  Ciudad de México), Ciudad de México | 37.137 km | geographic tier 2; quality A; type song; reusable license; diversity within tier | https://xeno-canto.org/324450
  SELECT inaturalist:1520579 | Nao | type unknown | CC BY-NC 4.0 | Parque Nacional Bosque del Pedregal, Ciudad de México, CDMX, México | 10.948 km | geographic tier 2; quality not rated; type not supplied; reusable license; diversity within tier | https://www.inaturalist.org/observations/289101612
  SELECT xeno-canto:XC146037 | Alejandro Gama | song | CC BY-NC-SA 3.0 | Reserva ecológica del Pedregal de San Angel, Distrito Federal | 10.333 km | geographic tier 2; quality B; type song; reusable license; diversity within tier | https://xeno-canto.org/146037
  candidate xeno-canto:XC146052 | Alejandro Gama | song | CC BY-NC-SA 3.0 | Reserva ecológica del Pedregal de San Angel, Distrito Federal | 10.333 km
  candidate xeno-canto:XC324438 | Manuel Grosselet | song | CC BY-NC-SA 4.0 | La grande Palapa Milpa Alta (near  Ciudad de México), Ciudad de México | 37.137 km
  candidate inaturalist:2093248 | Amalia Estrada | type unknown | CC BY-NC 4.0 | C.U., Ciudad de México, CDMX, México | 11.073 km
  candidate inaturalist:1588657 | Amalia Estrada | type unknown | CC BY-NC 4.0 | Olímpica, 04710 Ciudad de México, CDMX, México | 12.78 km
  candidate inaturalist:1915737 | Efraín Octavio Aguilar Pérez | type unknown | CC BY-NC 4.0 | Buenavista, Ciudad de México, CDMX, México | 27.821 km
  candidate inaturalist:1532935 | Miguel Ángel Mota Ayala | type unknown | CC BY-NC 4.0 | San Miguel Teotongo, Ciudad de México, CDMX, México | 30.701 km
  candidate xeno-canto:XC899314 | Omar Suárez García | song | CC BY-NC-SA 4.0 | San Nicolás Tlaminca, Texcoco Municipality, Estado de México | 51.325 km
  candidate xeno-canto:XC419043 | Manuel Grosselet | song | CC BY-NC-SA 4.0 | Botanical Garden UNAM | 10.121 km
  ... 546 further candidates (full list in the import report after downloading).

Amazona albifrons: 255 candidates, 184 reusable/eligible, 3 selected
  SELECT xeno-canto:XC171100 | Elvis Herrera Rodríguez | call | CC BY-NC-SA 3.0 | Universidad Michoacana university campus, Morelia | 205.042 km | geographic tier 4; quality A; type call; reusable license; diversity within tier | https://xeno-canto.org/171100
  SELECT xeno-canto:XC282102 | Oscar Humberto Marin-Gomez | call, flight call, song | CC BY-NC-SA 4.0 | Xalapa Enríquez, Xalapa, Veracruz | 246.142 km | geographic tier 4; quality A; type call, flight call, song; reusable license; diversity within tier | https://xeno-canto.org/282102
  SELECT xeno-canto:XC614143 | Manuel Grosselet | flight call | CC BY-NC-SA 4.0 | Ventanilla, Mazunte, Santa María Tonameca, Oaxaca | 500.258 km | geographic tier 4; quality A; type flight call; reusable license; diversity within tier | https://xeno-canto.org/614143
  candidate xeno-canto:XC922936 | ALAN MONROY OJEDA | call | CC BY-NC-SA 4.0 | Kiekari Bird Observatory, Xico, Veracruz | 235.397 km
  candidate xeno-canto:XC615062 | Manuel Grosselet | call | CC BY-NC-SA 4.0 | Ventanilla, Mazunte, Santa María Tonameca, Oaxaca | 500.258 km
  candidate xeno-canto:XC802526 | Manuel Grosselet | call | CC BY-NC-SA 4.0 | ecoturística las Ninfas La Crucecita, Santa María Huatulco, Oaxaca | 518.963 km
  candidate xeno-canto:XC802529 | Manuel Grosselet | flight call | CC BY-NC-SA 4.0 | ecoturística las Ninfas La Crucecita, Santa María Huatulco, Oaxaca | 518.963 km
  candidate xeno-canto:XC802535 | Manuel Grosselet | flight call | CC BY-NC-SA 4.0 | ecoturística las Ninfas La Crucecita, Santa María Huatulco, Oaxaca | 518.963 km
  candidate xeno-canto:XC842288 | Manuel Grosselet | call | CC BY-NC-SA 4.0 | UJAT Las Puertas, Centro, Tabasco | 679.608 km
  candidate xeno-canto:XC894362 | Manuel Grosselet - Benoit Larrouquis | call | CC BY-NC-SA 4.0 | Reserva la Florida, Tapijulapa, Tacotalpa, Tabasco | 718.408 km
  candidate xeno-canto:XC256138 | Frank Lambert | call | https://creativecommons.org/licenses/by-nc-nd/4.0/ | near La Concordia, Chiapas | 774.765 km | REJECT License not accepted
  ... 244 further candidates (full list in the import report after downloading).

Amazona autumnalis: 257 candidates, 178 reusable/eligible, 3 selected
  SELECT xeno-canto:XC352301 | Manuel Grosselet | flight call | CC BY-NC-SA 4.0 | Rancho Isla, Papantla, Veracruz | 242.327 km | geographic tier 4; quality A; type flight call; reusable license; diversity within tier | https://xeno-canto.org/352301
  SELECT xeno-canto:XC897538 | Manuel Grosselet | call | CC BY-NC-SA 4.0 | Guadalupe Hidalgo, San Lorenzo Cacaotepec, Oaxaca | 358.282 km | geographic tier 4; quality A; type call; reusable license; diversity within tier | https://xeno-canto.org/897538
  SELECT xeno-canto:XC319758 | Manuel Grosselet | song | CC BY-NC-SA 4.0 | Ixhuatlan del Sureste, Veracruz | 534.408 km | geographic tier 4; quality A; type song; reusable license; diversity within tier | https://xeno-canto.org/319758
  candidate xeno-canto:XC352302 | Manuel Grosselet | flight call | CC BY-NC-SA 4.0 | Rancho Isla, Papantla, Veracruz | 242.327 km
  candidate xeno-canto:XC352303 | Manuel Grosselet | flight call | CC BY-NC-SA 4.0 | Rancho Isla, Papantla, Veracruz | 242.327 km
  candidate xeno-canto:XC922890 | Manuel Grosselet | call | CC BY-NC-SA 4.0 | Guadalupe Hidalgo, San Lorenzo Cacaotepec, Oaxaca | 358.282 km
  candidate xeno-canto:XC564279 | Manuel Grosselet | call | CC BY-NC-SA 4.0 | MEX, Oax, oaxaca Jardin Botanico | 371.095 km
  candidate xeno-canto:XC564280 | Manuel Grosselet | call | CC BY-NC-SA 4.0 | MEX, Oax, oaxaca Jardin Botanico | 371.095 km
  candidate xeno-canto:XC906448 | Manuel Grosselet | call | CC BY-NC-SA 4.0 | MEX, Oax, oaxaca Jardin Botanico | 371.095 km
  candidate xeno-canto:XC218346 | Peter Boesman | call | https://creativecommons.org/licenses/by-nc-nd/4.0/ | Vega del Sol area, Oaxaca | 377.043 km | REJECT License not accepted
  candidate xeno-canto:XC5094 | Nathan Pieplow | call | https://creativecommons.org/licenses/by-nc-nd/2.5/ | Gomez Farias, Tamaulipas | 411.383 km | REJECT License not accepted
  ... 246 further candidates (full list in the import report after downloading).

Anas crecca: 814 candidates, 657 reusable/eligible, 3 selected
  SELECT inaturalist:31324 | Ricardo Arredondo T. | type unknown | CC BY-NC 4.0 | Villamar, Mich., México | 357.007 km | geographic tier 4; quality not rated; type not supplied; reusable license; diversity within tier | https://www.inaturalist.org/observations/20040587
  SELECT xeno-canto:XC698774 | Jack Berteau | call | CC BY-NC-SA 4.0 | La Faute-sur-Mer, Vendée, Pays de la Loire | 9052.821 km | geographic tier 5; quality A; type call; reusable license; diversity within tier | https://xeno-canto.org/698774
  SELECT xeno-canto:XC1167197 | Stanislas Wroza | flight call | CC BY-NC-SA 4.0 | Kaamanen | 9307.827 km | geographic tier 5; quality A; type flight call; reusable license; diversity within tier | https://xeno-canto.org/1167197
  candidate inaturalist:1724503 | Diego Barrales | type unknown | no license | Atenco, Méx., México | 39.995 km | REJECT License not accepted
  candidate inaturalist:1741971 | Alvaro Rivera Rojas (brújula de aves) | type unknown | no license | Presa Centenario, Querétaro, México | 143.543 km | REJECT License not accepted
  candidate inaturalist:1741972 | Alvaro Rivera Rojas (brújula de aves) | type unknown | no license | Presa Centenario, Querétaro, México | 143.543 km | REJECT License not accepted
  candidate inaturalist:330103 | Alvaro Rivera Rojas (brújula de aves) | type unknown | no license | Tequisquiapan | 144.17 km | REJECT License not accepted
  candidate inaturalist:336695 | Alvaro Rivera Rojas (brújula de aves) | type unknown | no license | Ezequiel Montes | 160.058 km | REJECT License not accepted
  candidate xeno-canto:XC589702 | Simon Elliott | alarm call | https://creativecommons.org/licenses/by-nc-nd/4.0/ | Harwood Forest, Northumberland | 8696.612 km | REJECT License not accepted
  candidate xeno-canto:XC589700 | Simon Elliott | call | https://creativecommons.org/licenses/by-nc-nd/4.0/ | Northumberland, England | 8705.422 km | REJECT License not accepted
  candidate xeno-canto:XC589701 | Simon Elliott | call | https://creativecommons.org/licenses/by-nc-nd/4.0/ | Northumberland, England | 8705.422 km | REJECT License not accepted
  ... 803 further candidates (full list in the import report after downloading).
WARNING: Xeno-canto search truncated at 5 pages (world).

Anas diazi: 97 candidates, 72 reusable/eligible, 3 selected
  SELECT xeno-canto:XC712998 | Manuel Grosselet | call | CC BY-NC-SA 4.0 | Iztapalapa (near  Ciudad de México), Ciudad de México | 24.729 km | geographic tier 2; quality A; type call; reusable license; diversity within tier | https://xeno-canto.org/712998
  SELECT xeno-canto:XC698501 | Manuel Grosselet | flight call | CC BY-NC-SA 4.0 | Mexico City, Federal District, laguna de San Gregorio Atpulco | 25.24 km | geographic tier 2; quality A; type flight call; reusable license; diversity within tier | https://xeno-canto.org/698501
  SELECT inaturalist:1706230 | Efraín Octavio Aguilar Pérez | type unknown | CC BY-NC 4.0 | Parque Ecológico de Xochimilco, Ciudad de México, CDMX, México | 20.669 km | geographic tier 2; quality not rated; type not supplied; reusable license; diversity within tier | https://www.inaturalist.org/observations/328967525
  candidate xeno-canto:XC712999 | Manuel Grosselet | call | CC BY-NC-SA 4.0 | Iztapalapa (near  Ciudad de México), Ciudad de México | 24.729 km
  candidate xeno-canto:XC578114 | Isain Contreras Rodríguez | call | CC BY-NC-SA 4.0 | Mexico City, Federal District, laguna de San Gregorio Atpulco | 25.24 km
  candidate xeno-canto:XC576207 | Isain Contreras Rodríguez | flight call | CC BY-NC-SA 4.0 | Tláhuac (near  Ciudad de México), Ciudad de México | 28.024 km
  candidate xeno-canto:XC583596 | Isain Contreras Rodríguez | call, flight call | CC BY-NC-SA 4.0 | Tláhuac, Mexico City | 32.267 km
  candidate xeno-canto:XC583617 | Isain Contreras Rodríguez | call, flight call | CC BY-NC-SA 4.0 | Tláhuac, Mexico City | 32.267 km
  candidate xeno-canto:XC481864 | Manuel Grosselet | flight call | CC BY-NC-SA 4.0 | Mexico City, Federal District, laguna de San Gregorio Atpulco | 25.24 km
  candidate inaturalist:1916211 | Efraín Octavio Aguilar Pérez | type unknown | CC BY-NC 4.0 | Zoológico de San Juan de Aragón, 07920 Ciudad de México, CDMX, México | 24.984 km
  candidate inaturalist:1965356 | Efraín Octavio Aguilar Pérez | type unknown | CC BY-NC 4.0 | Zoológico de San Juan de Aragón, 07920 Ciudad de México, CDMX, México | 25.012 km
  ... 86 further candidates (full list in the import report after downloading).

Anas platyrhynchos: 1003 candidates, 844 reusable/eligible, 3 selected
  SELECT xeno-canto:XC607324 | Richard E. Webster | call, audible wingbeats | CC BY-NC-SA 4.0 | San Simon Cienega, Cochise County, Arizona | 1718.923 km | geographic tier 5; quality A; type call, audible wingbeats; reusable license; diversity within tier | https://xeno-canto.org/607324
  SELECT xeno-canto:XC960550 | João Ferreira Tomás | alarm call | CC BY-NC-SA 4.0 | Tierra de Cantalapiedra (near  Tarazona de Guareña), Salamanca, Castile and León | 8930.627 km | geographic tier 5; quality A; type alarm call; reusable license; diversity within tier | https://xeno-canto.org/960550
  SELECT xeno-canto:XC730554 | Sonothèque ADVL | flight call | CC0 1.0 | Jullouville, Manche, Normandie | 8950.897 km | geographic tier 5; quality A; type flight call; reusable license; diversity within tier | https://xeno-canto.org/730554
  candidate xeno-canto:XC1034784 | Richard E. Webster | call, long call | CC BY-NC-SA 4.0 | San Simon Cienega, Cochise County, Arizona | 1718.923 km
  candidate xeno-canto:XC534192 | Paul Marvin | call | CC BY-NC-SA 4.0 | El Monte Rd, Lakeside, San Diego Co, California | 2302.31 km
  candidate xeno-canto:XC62258 | Jonathon Jongsma | call | CC BY-SA 3.0 | Powderhorn Park, Minneapolis, Hennepin, Minnesota | 2899.332 km
  candidate xeno-canto:XC692779 | Barry Edmonston | call | CC BY-NC-SA 4.0 | Swan Lake, Victoria, Vancouver Island, BC | 3891.527 km
  candidate xeno-canto:XC603723 | Peter Ward and Ken Hall | call | CC BY-NC-SA 4.0 | Greater Vancouver A (near  Delta), Metro Vancouver, British Columbia | 3934.692 km
  candidate xeno-canto:XC717935 | Irish Wildlife Sounds | call | https://creativecommons.org/licenses/by-nc-nd/4.0/ | Tacumshane, Wexford, County Wexford | 8511.296 km | REJECT License not accepted
  candidate xeno-canto:XC591751 | Simon Elliott | call, flight call | https://creativecommons.org/licenses/by-nc-nd/4.0/ | Northumberland, England | 8705.422 km | REJECT License not accepted
  candidate xeno-canto:XC884217 | João Ferreira Tomás | call | CC BY-NC-SA 4.0 | León (near  Banuncias), León, Castilla y León | 8858.64 km
  ... 992 further candidates (full list in the import report after downloading).
WARNING: Xeno-canto search truncated at 5 pages (world).
WARNING: iNaturalist search truncated at 5 pages ({}).

Anser anser: 902 candidates, 705 reusable/eligible, 3 selected
  SELECT xeno-canto:XC905324 | Franco Vushurovich | song | CC BY-NC-SA 4.0 | Bosque de los Constituyentes, Rosario | 7108.325 km | geographic tier 5; quality A; type song; reusable license; diversity within tier | https://xeno-canto.org/905324
  SELECT xeno-canto:XC835541 | Frantz Barrault | call | CC BY-NC-SA 4.0 | Dalvik, Dalvíkurbyggð | 7630.948 km | geographic tier 5; quality A; type call; reusable license; diversity within tier | https://xeno-canto.org/835541
  SELECT xeno-canto:XC479372 | Stanislas Wroza | flight call | CC BY-NC-SA 4.0 | Eastern Region | 7825.464 km | geographic tier 5; quality A; type flight call; reusable license; diversity within tier | https://xeno-canto.org/479372
  candidate xeno-canto:XC138417 | Fernand DEROUSSEN | call, flight call | https://creativecommons.org/licenses/by-nc-nd/3.0/ | Thingvellir | 7506.011 km | REJECT License not accepted
  candidate xeno-canto:XC83885 | Patrik Åberg | call | https://creativecommons.org/licenses/by-nc-nd/2.5/ | Stöng, Mývatn | 7690.783 km | REJECT License not accepted
  candidate xeno-canto:XC663724 | Sean Morris | flight call | CC BY-NC-SA 4.0 | Rùm, Highland Council, Scotland | 8390.785 km
  candidate xeno-canto:XC668322 | Sean Morris | flight call, red deer cervus elaphus calf, sex unce | CC BY-NC-SA 4.0 | Rùm, Highland Council, Scotland | 8390.785 km
  candidate xeno-canto:XC853655 | Paul Kelly | flight call | CC BY-NC-SA 4.0 | Tacumshin Lake (East End), County Wexford | 8508.094 km
  candidate xeno-canto:XC853656 | Paul Kelly | flight call | CC BY-NC-SA 4.0 | Tacumshin Lake (East End), County Wexford | 8508.094 km
  candidate xeno-canto:XC1073623 | Paul Kelly | call | CC BY-NC-SA 4.0 | Tacumshin Lake (East End), County Wexford | 8508.094 km
  candidate xeno-canto:XC1073893 | Paul Kelly | flight call | CC BY-NC-SA 4.0 | Tacumshin Lake (East End), County Wexford | 8508.094 km
  ... 891 further candidates (full list in the import report after downloading).
WARNING: Xeno-canto search truncated at 5 pages (world).

Anser cygnoides: 77 candidates, 60 reusable/eligible, 3 selected
  SELECT xeno-canto:XC695798 | Jacobo Ramil MIllarengo | alarm call, call | CC BY-NC-SA 4.0 | Parque da música, Lagoa do auditorio, Santiago, Galicia | 8616.324 km | geographic tier 5; quality A; type alarm call, call; reusable license; diversity within tier | https://xeno-canto.org/695798
  SELECT xeno-canto:XC986469 | Jorge Leitão | call | CC BY-NC-SA 4.0 | Quinta Pedagógica, Real, Braga | 8663.319 km | geographic tier 5; quality A; type call; reusable license; diversity within tier | https://xeno-canto.org/986469
  SELECT xeno-canto:XC833577 | Martin Billard | flight call | CC BY-NC-SA 4.0 | Högönö-Taranaiin-Hüree, Rashaant, Bulgan | 12249.876 km | geographic tier 5; quality A; type flight call; reusable license; diversity within tier | https://xeno-canto.org/833577
  candidate xeno-canto:XC678417 | Jorge Leitão | call | CC BY-NC-SA 4.0 | Genneper Parken, Eindhoven, Noord-Brabant | 9310.411 km
  candidate xeno-canto:XC635985 | Simon Kiesé | call | CC BY-NC-SA 4.0 | Friesland (near  Jever), Niedersachsen | 9362.08 km
  candidate xeno-canto:XC465405 | Jorge Leitão | call | CC BY-NC-SA 4.0 | Neckarwiese, Heidelberg, Baden-Württemberg | 9610.558 km
  candidate xeno-canto:XC627038 | Francesco Sottile | alarm call | CC BY-NC-SA 4.0 | Palazzolo sull'Oglio, Provincia di Brescia, Lombardia | 9879.764 km
  candidate xeno-canto:XC391161 | Francesco Sottile | call | CC BY-NC-SA 4.0 | Castelli Calepio, Provincia di Bergamo, Lombardia | 9880.06 km
  candidate xeno-canto:XC680375 | Filippo Ceccolini | call | CC BY-NC-SA 4.0 | Area naturale La Querciola, Città Metropolitana di Firenze, Toscana | 10061.283 km
  candidate xeno-canto:XC1002016 | Ding Li Yong | call, flight call | https://creativecommons.org/licenses/by-nc-nd/4.0/ | Tashgai Lake  | 11721.822 km | REJECT License not accepted
  candidate xeno-canto:XC1046636 | Manuel Oudard | call | https://creativecommons.org/licenses/by-nc-nd/4.0/ | Bayannuur, Bayannuur, Bulgan | 12180.828 km | REJECT License not accepted
  ... 66 further candidates (full list in the import report after downloading).

Antrostomus arizonae: 507 candidates, 332 reusable/eligible, 3 selected
  SELECT inaturalist:1342870 | Gaby U | type unknown | CC BY-NC 4.0 | La Loma, Álvaro Obregón, CDMX, MX | 3.452 km | geographic tier 0; quality not rated; type not supplied; reusable license; diversity within tier | https://www.inaturalist.org/observations/266196489
  SELECT xeno-canto:XC712988 | Manuel Grosselet | song | CC BY-NC-SA 4.0 | Lomas de Bezares Miguel Hidalgo Mexico city | 5.885 km | geographic tier 2; quality A; type song; reusable license; diversity within tier | https://xeno-canto.org/712988
  SELECT xeno-canto:XC712990 | Manuel Grosselet | song | CC BY-NC-SA 4.0 | Lomas de Bezares Miguel Hidalgo Mexico city | 5.885 km | geographic tier 2; quality A; type song; reusable license; diversity within tier | https://xeno-canto.org/712990
  candidate xeno-canto:XC702568 | Isain Contreras Rodríguez | song | CC BY-NC-SA 4.0 | Milpa Alta (near  Ciudad de México), Ciudad de México | 37.071 km
  candidate xeno-canto:XC702569 | Isain Contreras Rodríguez | song | CC BY-NC-SA 4.0 | Milpa Alta (near  Ciudad de México), Ciudad de México | 37.071 km
  candidate xeno-canto:XC712987 | Manuel Grosselet | song | CC BY-NC-SA 4.0 | Lomas de Bezares Miguel Hidalgo Mexico city | 5.885 km
  candidate xeno-canto:XC712991 | Manuel Grosselet | song | CC BY-NC-SA 4.0 | Lomas de Bezares Miguel Hidalgo Mexico city | 5.885 km
  candidate inaturalist:373143 | Jaime Gmz | type unknown | CC BY-NC 4.0 | Lomas del Chamizal, 05129 Ciudad de México, CDMX, México | 5.848 km
  candidate inaturalist:1336605 | beauvoir | type unknown | no license | Cerrada Miahuatlán, Magdalena Contreras, CDMX, MX | 6.205 km | REJECT License not accepted
  candidate inaturalist:1377137 | Jaico Caballero | type unknown | CC BY-NC 4.0 | San Jerónimo Lídice, Mexico City, CDMX, Mexico | 6.281 km
  candidate inaturalist:559509 | Jaico Caballero | type unknown | CC BY-NC 4.0 | Calle Ocotepec, La Magdalena Contreras, CDMX, MX | 6.296 km
  ... 496 further candidates (full list in the import report after downloading).

Aphelocoma ultramarina: 41 candidates, 31 reusable/eligible, 3 selected
  SELECT xeno-canto:XC680021 | Alán Palacios | alarm call, call | CC BY-NC-SA 4.0 | Localidad Camino El Polvorín | 80.175 km | geographic tier 4; quality A; type alarm call, call; reusable license; diversity within tier | https://xeno-canto.org/680021
  SELECT xeno-canto:XC265514 | Andrew Spencer | call | CC BY-NC-SA 4.0 | Volcan Nieve, Jalisco | 451.167 km | geographic tier 4; quality A; type call; reusable license; diversity within tier | https://xeno-canto.org/265514
  SELECT xeno-canto:XC672672 | Oveth Fuentes | song | CC BY-NC-SA 4.0 | Montitlán, Cuauhtémoc Municipality, Colima, Colima | 454.796 km | geographic tier 4; quality C; type song; reusable license; diversity within tier | https://xeno-canto.org/672672
  candidate inaturalist:1653362 | Magali Vázquez Cárcamo | type unknown | no license | 14900 CDMX, México | 28.06 km | REJECT License not accepted
  candidate xeno-canto:XC351619 | Frank Lambert | call | https://creativecommons.org/licenses/by-nc-nd/4.0/ | High on NE slope Volcan de Fuego (road's end), Jalisco | 447.303 km | REJECT License not accepted
  candidate xeno-canto:XC351620 | Frank Lambert | call | https://creativecommons.org/licenses/by-nc-nd/4.0/ | High on NE slope Volcan de Fuego (road's end), Jalisco | 447.303 km | REJECT License not accepted
  candidate xeno-canto:XC218864 | Peter Boesman | call | https://creativecommons.org/licenses/by-nc-nd/4.0/ | Floripondio road, Volcan de Nieve, Jalisco | 463.911 km | REJECT License not accepted
  candidate xeno-canto:XC265478 | Andrew Spencer | call | CC BY-NC-SA 4.0 | Cerro La Bufa, San Sebastián del Oeste, Jalisco | 598.889 km
  candidate xeno-canto:XC265480 | Andrew Spencer | call | CC BY-NC-SA 4.0 | Cerro La Bufa, San Sebastián del Oeste, Jalisco | 598.889 km
  candidate xeno-canto:XC265484 | Andrew Spencer | call | CC BY-NC-SA 4.0 | Cerro La Bufa, San Sebastián del Oeste, Jalisco | 598.889 km
  candidate xeno-canto:XC265486 | Andrew Spencer | call | CC BY-NC-SA 4.0 | Cerro La Bufa, San Sebastián del Oeste, Jalisco | 598.889 km
  ... 30 further candidates (full list in the import report after downloading).

Aphelocoma woodhouseii: 433 candidates, 349 reusable/eligible, 3 selected
  SELECT xeno-canto:XC575694 | Manuel Grosselet | call | CC BY-NC-SA 4.0 | Lomas de Bezares Miguel Hidalgo Mexico city | 5.885 km | geographic tier 2; quality A; type call; reusable license; diversity within tier | https://xeno-canto.org/575694
  SELECT xeno-canto:XC290279 | Manuel Grosselet | song | CC BY-NC-SA 4.0 | Mx, Distrito Federal, Lomas de Bezares, Calle Colina | 6.177 km | geographic tier 2; quality A; type song; reusable license; diversity within tier | https://xeno-canto.org/290279
  SELECT xeno-canto:XC333653 | Esau Toaki Villarreal  | flight call | CC BY-NC-SA 4.0 | Tlalpan (near  Ciudad de México), Ciudad de México | 8.309 km | geographic tier 2; quality A; type flight call; reusable license; diversity within tier | https://xeno-canto.org/333653
  candidate xeno-canto:XC617789 | Manuel Grosselet | call | CC BY-NC-SA 4.0 | Lomas de Bezares Miguel Hidalgo Mexico city | 5.885 km
  candidate xeno-canto:XC289659 | Manuel Grosselet | call | CC BY-NC-SA 4.0 | Mx, Distrito Federal, Lomas de Bezares, Calle Colina | 6.177 km
  candidate xeno-canto:XC331702 | Esau Toaki Villarreal  | call, song | CC BY-NC-SA 4.0 | Tlalpan (near  Ciudad de México), Ciudad de México | 8.309 km
  candidate xeno-canto:XC332004 | Esau Toaki Villarreal  | begging call | CC BY-NC-SA 4.0 | Álvaro Obregón (near  Ciudad de México), Ciudad de México | 10.019 km
  candidate xeno-canto:XC588020 | Manuel Grosselet | call | CC BY-NC-SA 4.0 | Lomas de Bezares Miguel Hidalgo, Ciudad de México | 5.699 km
  candidate xeno-canto:XC167964 | Manuel Grosselet | call | CC BY-NC-SA 3.0 | Mx, Distrito Federal, Lomas de Bezares, Calle Colina | 6.177 km
  candidate xeno-canto:XC331391 | Esau Toaki Villarreal  | call, flight call | CC BY-NC-SA 4.0 | Tlalpan (near  Ciudad de México), Ciudad de México | 8.309 km
  candidate inaturalist:160803 | Manuel Grosselet | type unknown | no license | Lomas de Bezares, Ciudad de México, CDMX, Mexique | 5.882 km | REJECT License not accepted
  ... 422 further candidates (full list in the import report after downloading).

Ara chloropterus: 156 candidates, 107 reusable/eligible, 3 selected
  SELECT xeno-canto:XC257029 | Daniel F. Lane | flight call, flight calls | CC BY-NC-SA 4.0 | Loreto: 'Cushabatay Camp 2', ca. 79 km WNW of Contanama | 3918.42 km | geographic tier 5; quality A; type flight call, flight calls; reusable license; diversity within tier | https://xeno-canto.org/257029
  SELECT xeno-canto:XC939501 | JAYRSON ARAUJO DE OLIVEIRA | call | CC BY-NC-SA 4.0 | Estrada Perdida, Parque Nacional do Viruá, Caracaraí, Roraima | 4620.238 km | geographic tier 5; quality A; type call; reusable license; diversity within tier | https://xeno-canto.org/939501
  SELECT xeno-canto:XC688141 | Jacob Wijpkema | call, song | CC BY-NC-SA 4.0 | Ixiamas (near  Alto Madidi), Iturralde, Departamento de La Paz | 4962.939 km | geographic tier 5; quality A; type call, song; reusable license; diversity within tier | https://xeno-canto.org/688141
  candidate xeno-canto:XC17554 | Andrew Spencer | call | https://creativecommons.org/licenses/by-nc-nd/2.5/ | Yasuní Research Station, Parque Nacional Yasuní, Orellana | 3345.39 km | REJECT License not accepted
  candidate xeno-canto:XC1074917 | Manuel Sánchez-Nivicela | flight call | https://creativecommons.org/licenses/by-nc-nd/4.0/ | Mirador near Shiripuno river, Orellana, Orellana | 3348.872 km | REJECT License not accepted
  candidate xeno-canto:XC1039997 | Frank Lambert | flight call | https://creativecommons.org/licenses/by-nc-nd/4.0/ | Sabanitas, Inírida, Guainía | 3815.825 km | REJECT License not accepted
  candidate xeno-canto:XC11261 | Andrew Spencer | call | https://creativecommons.org/licenses/by-nc-nd/2.5/ | Rio Caura south of Maripa, Bolivar | 3945.096 km | REJECT License not accepted
  candidate xeno-canto:XC11262 | Andrew Spencer | call | https://creativecommons.org/licenses/by-nc-nd/2.5/ | Rio Caura south of Maripa, Bolivar | 3945.096 km | REJECT License not accepted
  candidate xeno-canto:XC218895 | Peter Boesman | flight call | https://creativecommons.org/licenses/by-nc-nd/4.0/ | Upper escalera, Bolivar | 4357.378 km | REJECT License not accepted
  candidate xeno-canto:XC461818 | GABRIEL LEITE | flight call | CC BY-NC-SA 4.0 | Amajari, State of Roraima | 4473.967 km
  candidate xeno-canto:XC122874 | Jon King | call | CC BY-NC-SA 3.0 | Panorama Nature Trail, The Oasis, Upper Takutu-Upper Essequibo | 4677.786 km
  ... 145 further candidates (full list in the import report after downloading).

Aratinga solstitialis: 16 candidates, 13 reusable/eligible, 3 selected
  SELECT xeno-canto:XC122871 | Jon King | call | CC BY-NC-SA 3.0 | location unknown | ? km | geographic tier 5; quality A; type call; reusable license; diversity within tier | https://xeno-canto.org/122871
  SELECT xeno-canto:XC528746 | Barry Edmonston | call, flight call | CC BY-NC-SA 4.0 | location unknown | ? km | geographic tier 5; quality A; type call, flight call; reusable license; diversity within tier | https://xeno-canto.org/528746
  SELECT inaturalist:1337299 | bugems | type unknown | CC BY-NC 4.0 | Virginia, US | ? km | geographic tier 5; quality not rated; type not supplied; reusable license; diversity within tier | https://www.inaturalist.org/observations/265588554
  candidate xeno-canto:XC66212 | Alexandre Renaudier | call | https://creativecommons.org/licenses/by-nc-nd/2.5/ | location unknown | ? km | REJECT License not accepted
  candidate xeno-canto:XC66213 | Alexandre Renaudier | call | https://creativecommons.org/licenses/by-nc-nd/2.5/ | location unknown | ? km | REJECT License not accepted
  candidate xeno-canto:XC66214 | Alexandre Renaudier | call | https://creativecommons.org/licenses/by-nc-nd/2.5/ | location unknown | ? km | REJECT License not accepted
  candidate xeno-canto:XC354888 | GABRIEL LEITE | call | CC BY-NC-SA 4.0 | location unknown | ? km
  candidate xeno-canto:XC528756 | Barry Edmonston | call, flight call | CC BY-NC-SA 4.0 | location unknown | ? km
  candidate xeno-canto:XC528758 | Barry Edmonston | call | CC BY-NC-SA 4.0 | location unknown | ? km
  candidate xeno-canto:XC528762 | Barry Edmonston | call, flight call | CC BY-NC-SA 4.0 | location unknown | ? km
  candidate xeno-canto:XC1105555 | Bo Shunqi 薄顺奇 | call | CC BY-NC-SA 4.0 | location unknown | ? km
  ... 5 further candidates (full list in the import report after downloading).
ERROR: aratinga-solstitialis: Invalid URL
ERROR: aratinga-solstitialis: Invalid URL

Archilochus alexandri: 165 candidates, 126 reusable/eligible, 3 selected
  SELECT inaturalist:1736322 | Kelly Tolentino | type unknown | CC BY-NC 4.0 | Texcoco, Méx., México | 54.241 km | geographic tier 4; quality not rated; type not supplied; reusable license; diversity within tier | https://www.inaturalist.org/observations/334020642
  SELECT inaturalist:1859950 | Efraín Octavio Aguilar Pérez | type unknown | CC BY-NC 4.0 | Cihuatlán, Jal., México | 570.886 km | geographic tier 4; quality not rated; type not supplied; reusable license; diversity within tier | https://www.inaturalist.org/observations/349915347
  SELECT inaturalist:1859954 | Efraín Octavio Aguilar Pérez | type unknown | CC BY-NC 4.0 | Cihuatlán, Jal., México | 570.886 km | geographic tier 4; quality not rated; type not supplied; reusable license; diversity within tier | https://www.inaturalist.org/observations/349915347
  candidate xeno-canto:XC445912 | Richard E. Webster | call | CC BY-NC-SA 4.0 | Alamos, Sonora | 1302.621 km | REJECT Low source quality
  candidate inaturalist:824440 | Alvaro Rivera Rojas (brújula de aves) | type unknown | no license | San Juan del Río, MX-QE, MX | 135.461 km | REJECT License not accepted
  candidate inaturalist:2160243 | Ricardo Esparza | type unknown | CC0 1.0 | Ejido Ana, Torreón, Coah., México | 811.94 km
  candidate xeno-canto:XC297544 | Ross Gallardy | call | CC BY-NC-SA 4.0 | Terlingua, Brewster County, Texas | 1192.195 km
  candidate xeno-canto:XC132280 | Richard E. Webster | call, chase call | CC BY-NC-SA 3.0 | Portal, Arizona | 1709.068 km
  candidate xeno-canto:XC132281 | Richard E. Webster | call, chase call | CC BY-NC-SA 3.0 | Portal, Arizona | 1709.068 km
  candidate xeno-canto:XC132283 | Richard E. Webster | call, chase call | CC BY-NC-SA 3.0 | Portal, Arizona | 1709.068 km
  candidate xeno-canto:XC132284 | Richard E. Webster | call, interaction calls | CC BY-NC-SA 3.0 | Portal, Arizona | 1709.068 km
  ... 154 further candidates (full list in the import report after downloading).

Archilochus colubris: 348 candidates, 269 reusable/eligible, 3 selected
  SELECT xeno-canto:XC758917 | Manuel Grosselet | call | CC BY-NC-SA 4.0 | San Juan Bautista Guelache, San Juan Bautista Guelache, Oaxaca | 353.065 km | geographic tier 4; quality A; type call; reusable license; diversity within tier | https://xeno-canto.org/758917
  SELECT xeno-canto:XC956457 | Étienne Leroy | flight call | CC BY-NC-SA 4.0 | Parque Nacional Benito Juarez (near  Oaxaca de Juárez), Oaxaca, Oaxaca | 371.396 km | geographic tier 4; quality B; type flight call; reusable license; diversity within tier | https://xeno-canto.org/956457
  SELECT inaturalist:1751272 | Kelly Tolentino | type unknown | CC BY-NC 4.0 | Tonatico, Méx., México | 76.335 km | geographic tier 4; quality not rated; type not supplied; reusable license; diversity within tier | https://www.inaturalist.org/observations/336292771
  candidate xeno-canto:XC610552 | Manuel Grosselet | call | CC BY-NC-SA 4.0 | Santa María Atzompa, Santa María Atzompa, Oaxaca | 364.74 km
  candidate xeno-canto:XC15636 | Roberto Sosa | call, fligth call | https://creativecommons.org/licenses/by-nc-nd/2.5/ | Parque Nacional Cañon del sumidero, Mpio. tuxtla gutierrez, Chiapas. N | ? km | REJECT License not accepted
  candidate xeno-canto:XC341897 | Manuel Grosselet | call | CC BY-NC-SA 4.0 | San Pablo Etla, Oaxaca | 358.842 km
  candidate xeno-canto:XC341898 | Manuel Grosselet | call, human voice | CC BY-NC-SA 4.0 | San Pablo Etla, Oaxaca | 358.842 km
  candidate xeno-canto:XC835097 | Aladdin | alarm call, flight call, Wing flap | CC BY-NC-SA 4.0 | 250 km SSE of San Pedro Island, Texas | ? km | REJECT Low source quality
  candidate inaturalist:1696755 | Sebastian Zorrilla De La Torre | type unknown | no license | El Tepozteco, Tepoztlán, MX-MR, MX | 42.368 km | REJECT License not accepted
  candidate inaturalist:824478 | Alvaro Rivera Rojas (brújula de aves) | type unknown | no license | San Juan del Río, MX-QE, MX | 135.42 km | REJECT License not accepted
  candidate inaturalist:824483 | Alvaro Rivera Rojas (brújula de aves) | type unknown | no license | San Juan del Río, MX-QE, MX | 135.42 km | REJECT License not accepted
  ... 337 further candidates (full list in the import report after downloading).

Ardea alba: 563 candidates, 432 reusable/eligible, 3 selected
  SELECT xeno-canto:XC290050 | Manuel Grosselet | alarm call, flight call | CC BY-NC-SA 4.0 | Mx, Distrito Federal, Xochimilco | 20.677 km | geographic tier 2; quality A; type alarm call, flight call; reusable license; diversity within tier | https://xeno-canto.org/290050
  SELECT xeno-canto:XC649137 | Manuel Grosselet | begging call, call, hatchling or nestling | CC BY-NC-SA 4.0 | Xochimilco (near  Ciudad de México), Ciudad de México | 20.817 km | geographic tier 2; quality B; type begging call, call, hatchling or nestling; reusable license; diversity within tier | https://xeno-canto.org/649137
  SELECT xeno-canto:XC290048 | Manuel Grosselet | alarm call, flight call | CC BY-NC-SA 4.0 | Mx, Distrito Federal, Xochimilco | 20.677 km | geographic tier 2; quality B; type alarm call, flight call; reusable license; diversity within tier | https://xeno-canto.org/290048
  candidate xeno-canto:XC290049 | Manuel Grosselet | alarm call, flight call | CC BY-NC-SA 4.0 | Mx, Distrito Federal, Xochimilco | 20.677 km
  candidate xeno-canto:XC663143 | Manuel Grosselet | flight call | CC BY-NC-SA 4.0 | Toluca de Lerdo, Toluca, Estado de México | 43.851 km
  candidate xeno-canto:XC669249 | Manuel Grosselet | flight call | CC BY-NC-SA 4.0 | Parque Estatal Sierra Morelos, Toluca de Lerdo, Toluca, Estado de México | 43.405 km
  candidate xeno-canto:XC598767 | Manuel Grosselet | flight call | CC BY-NC-SA 4.0 | Toluca de Lerdo, Toluca, Estado de México | 43.851 km
  candidate xeno-canto:XC570049 | Isain Contreras Rodríguez | call, flight call | CC BY-NC-SA 4.0 | Salina, Sinaloa | 1217.493 km
  candidate xeno-canto:XC661723 | Richard E. Webster | call | CC BY-NC-SA 4.0 | Zona de Restauración Laguna Grande, Baja California | 2128.842 km
  candidate xeno-canto:XC638748 | Manuel Grosselet | flight call | CC BY-NC-SA 4.0 | San Pablo Etla, San Pablo Etla, Oaxaca | 361.011 km
  candidate xeno-canto:XC638749 | Manuel Grosselet | flight call | CC BY-NC-SA 4.0 | San Pablo Etla, San Pablo Etla, Oaxaca | 361.011 km
  ... 552 further candidates (full list in the import report after downloading).

Arremon virenticeps: 81 candidates, 64 reusable/eligible, 3 selected
  SELECT xeno-canto:XC175051 | Manuel Grosselet | song | CC BY-NC-SA 4.0 | Mex DF entrance Desierto de los Leones | 4.266 km | geographic tier 0; quality A; type song; reusable license; diversity within tier | https://xeno-canto.org/175051
  SELECT inaturalist:1909586 | Nathan Zárate | type unknown | CC BY-NC 4.0 | Tlacoyaque, 01859 Ciudad de México, CDMX, México | 3.283 km | geographic tier 0; quality not rated; type not supplied; reusable license; diversity within tier | https://www.inaturalist.org/observations/356163322
  SELECT xeno-canto:XC252196 | Manuel Grosselet | song | CC BY-NC-SA 4.0 | Mex DF entrance Desierto de los Leones | 4.266 km | geographic tier 0; quality A; type song; reusable license; diversity within tier | https://xeno-canto.org/252196
  candidate xeno-canto:XC32583 | MAnuel Grosselet | song | https://creativecommons.org/licenses/by-nc-nd/2.5/ | COntadero, Mexico City | 1.477 km | REJECT License not accepted
  candidate xeno-canto:XC55199 | manuel Grosselet | song | https://creativecommons.org/licenses/by-nc-nd/2.5/ | COntadero, Mexico City | 1.477 km | REJECT License not accepted
  candidate xeno-canto:XC56312 | manuel Grosselet | call | https://creativecommons.org/licenses/by-nc-nd/2.5/ | Mex DF entrance Desierto de los Leones | 4.266 km | REJECT License not accepted
  candidate xeno-canto:XC252948 | Manuel Grosselet | song | CC BY-NC-SA 4.0 | Mex DF entrance Desierto de los Leones | 4.266 km
  candidate xeno-canto:XC291671 | Manuel Grosselet | song, water and two dogs running and playing at the beginning. | CC BY-NC-SA 4.0 | Mex DF entrance Desierto de los Leones | 4.266 km
  candidate xeno-canto:XC324096 | Manuel Grosselet | song, human voice | CC BY-NC-SA 4.0 | Mex DF entrance Desierto de los Leones | 4.266 km
  candidate xeno-canto:XC326477 | Manuel Grosselet | song | CC BY-NC-SA 4.0 | Mex DF entrance Desierto de los Leones | 4.266 km
  candidate xeno-canto:XC417128 | Manuel Grosselet | song | CC BY-NC-SA 4.0 | Mex DF entrance Desierto de los Leones | 4.266 km
  ... 70 further candidates (full list in the import report after downloading).

Astur cooperii: 598 candidates, 423 reusable/eligible, 3 selected
  SELECT inaturalist:2116361 | Efraín Octavio Aguilar Pérez | type unknown | CC BY-NC 4.0 | Cd. de México, México | 3.757 km | geographic tier 0; quality not rated; type not supplied; reusable license; diversity within tier | https://www.inaturalist.org/observations/390713216
  SELECT inaturalist:2116362 | Efraín Octavio Aguilar Pérez | type unknown | CC BY-NC 4.0 | Cd. de México, México | 3.757 km | geographic tier 0; quality not rated; type not supplied; reusable license; diversity within tier | https://www.inaturalist.org/observations/390713216
  SELECT inaturalist:2116372 | Efraín Octavio Aguilar Pérez | type unknown | CC BY-NC 4.0 | Cd. de México, México | 3.757 km | geographic tier 0; quality not rated; type not supplied; reusable license; diversity within tier | https://www.inaturalist.org/observations/390713216
  candidate inaturalist:2116378 | Efraín Octavio Aguilar Pérez | type unknown | CC BY-NC 4.0 | Cd. de México, México | 3.757 km
  candidate inaturalist:1562492 | Efraín Octavio Aguilar Pérez | type unknown | CC BY-NC 4.0 | Lomas Altas, 11950 Ciudad de México, CDMX, México | 8.2 km
  candidate inaturalist:1562493 | Efraín Octavio Aguilar Pérez | type unknown | CC BY-NC 4.0 | Lomas Altas, 11950 Ciudad de México, CDMX, México | 8.2 km
  candidate inaturalist:1562284 | Efraín Octavio Aguilar Pérez | type unknown | CC BY-NC 4.0 | Bosque de Chapultepec III Secc, Ciudad de México, CDMX, México | 9.449 km
  candidate inaturalist:1301583 | Octavio Pérez-Martínez | type unknown | CC BY-NC-SA 4.0 | Panteón Civíl de Dolores, 11100 Ciudad de México, CDMX, México | 9.899 km
  candidate inaturalist:890653 | Miguel Ángel Mota Ayala | type unknown | CC BY-NC 4.0 | Del Carmen, 04100 Ciudad de México, CDMX, México | 11.666 km
  candidate inaturalist:890654 | Miguel Ángel Mota Ayala | type unknown | CC BY-NC 4.0 | Del Carmen, 04100 Ciudad de México, CDMX, México | 11.666 km
  candidate inaturalist:41055 | Joel Galván | type unknown | CC BY-NC 4.0 | Del Carmen, Ciudad de México, CDMX, México | 11.683 km
  ... 587 further candidates (full list in the import report after downloading).
WARNING: iNaturalist search truncated at 5 pages ({}).

Atlapetes pileatus: 103 candidates, 75 reusable/eligible, 3 selected
  SELECT xeno-canto:XC168193 | Manuel Grosselet | song | CC BY-NC-SA 3.0 | Mex DF entrance Desierto de los Leones | 4.266 km | geographic tier 0; quality A; type song; reusable license; diversity within tier | https://xeno-canto.org/168193
  SELECT xeno-canto:XC168194 | Manuel Grosselet | call | CC BY-NC-SA 3.0 | Mex DF entrance Desierto de los Leones | 4.266 km | geographic tier 0; quality A; type call; reusable license; diversity within tier | https://xeno-canto.org/168194
  SELECT xeno-canto:XC579159 | Manuel Grosselet | alarm call | CC BY-NC-SA 4.0 | Mex DF entrance Desierto de los Leones | 4.266 km | geographic tier 0; quality A; type alarm call; reusable license; diversity within tier | https://xeno-canto.org/579159
  candidate xeno-canto:XC56310 | manuel Grosselet | song | https://creativecommons.org/licenses/by-nc-nd/2.5/ | Mex DF entrance Desierto de los Leones | 4.266 km | REJECT License not accepted
  candidate xeno-canto:XC252190 | Manuel Grosselet | song | CC BY-NC-SA 4.0 | Mex DF entrance Desierto de los Leones | 4.266 km
  candidate xeno-canto:XC56311 | manuel Grosselet | alarm call | https://creativecommons.org/licenses/by-nc-nd/2.5/ | Mex DF entrance Desierto de los Leones | 4.266 km | REJECT License not accepted
  candidate xeno-canto:XC80592 | manuel Grosselet | song | https://creativecommons.org/licenses/by-nc-nd/2.5/ | Mex DF entrance Desierto de los Leones | 4.266 km | REJECT License not accepted
  candidate xeno-canto:XC168023 | Manuel Grosselet | call | CC BY-NC-SA 3.0 | Mex DF entrance Desierto de los Leones | 4.266 km
  candidate xeno-canto:XC173832 | Manuel Grosselet | song | CC BY-NC-SA 4.0 | Mex DF entrance Desierto de los Leones | 4.266 km
  candidate xeno-canto:XC252189 | Manuel Grosselet | call | CC BY-NC-SA 4.0 | Mex DF entrance Desierto de los Leones | 4.266 km
  candidate xeno-canto:XC326464 | Manuel Grosselet | call | CC BY-NC-SA 4.0 | Mex DF entrance Desierto de los Leones | 4.266 km
  ... 92 further candidates (full list in the import report after downloading).

Balearica regulorum: 43 candidates, 21 reusable/eligible, 3 selected
  SELECT xeno-canto:XC282056 | Rolf A. de By | call | CC BY-NC-SA 4.0 | potato farmlands NW of Lk Mburo NP | 14192.417 km | geographic tier 5; quality A; type call; reusable license; diversity within tier | https://xeno-canto.org/282056
  SELECT xeno-canto:XC724083 | Lars Lachmann | call, flight call | CC BY-NC-SA 4.0 | Weru (near  Kasuku), Ol Joro Orok, Nyandarua County | 14736.661 km | geographic tier 5; quality A; type call, flight call; reusable license; diversity within tier | https://xeno-canto.org/724083
  SELECT xeno-canto:XC982990 | isaac kilusu | song | CC BY-NC-SA 4.0 | Ngorongoro Conservation Area (crater floor), Arusha | 14795.674 km | geographic tier 5; quality A; type song; reusable license; diversity within tier | https://xeno-canto.org/982990
  candidate xeno-canto:XC856414 | Brendan Sloan | song | https://creativecommons.org/licenses/by-nc-nd/4.0/ | Bigodi Swamp, southeast of Kibale NP, Bunyoro | 14108.166 km | REJECT License not accepted
  candidate xeno-canto:XC739422 | Peter Boesman | call | https://creativecommons.org/licenses/by-nc-nd/4.0/ | Bukoto marsh | 14242.434 km | REJECT License not accepted
  candidate xeno-canto:XC739423 | Peter Boesman | call | https://creativecommons.org/licenses/by-nc-nd/4.0/ | Bukoto marsh | 14242.434 km | REJECT License not accepted
  candidate xeno-canto:XC1046981 | Dries Van de Loock | song | https://creativecommons.org/licenses/by-nc-nd/4.0/ | Lochinvar National Park | 14353.495 km | REJECT License not accepted
  candidate xeno-canto:XC1046984 | Dries Van de Loock | flight call | https://creativecommons.org/licenses/by-nc-nd/4.0/ | Lochinvar National Park | 14353.495 km | REJECT License not accepted
  candidate xeno-canto:XC292786 | Andrew Spencer | call | https://creativecommons.org/licenses/by-nc-nd/4.0/ | Underberg - crane roost, KwaZulu-Natal | 14742.39 km | REJECT License not accepted
  candidate xeno-canto:XC96575 | Martin St-Michel  | flight call | https://creativecommons.org/licenses/by-nc-nd/2.5/ | Ngorongoro Conservation Area (crater floor), Arusha | 14795.674 km | REJECT License not accepted
  candidate xeno-canto:XC517503 | Frank Lambert | call | https://creativecommons.org/licenses/by-nc-nd/4.0/ | Wakkerstroom Marsh, Pixley Ka Seme Local Municipality, Eastvaal District Council, Mpumalanga | 14810.433 km | REJECT License not accepted
  ... 32 further candidates (full list in the import report after downloading).

Bartramia longicauda: 393 candidates, 296 reusable/eligible, 3 selected
  SELECT xeno-canto:XC583102 | Isain Contreras Rodríguez | nocturnal flight call | CC BY-NC-SA 4.0 | Xochimilco (near  Ciudad de México), Ciudad de México | 29.068 km | geographic tier 2; quality B; type nocturnal flight call; reusable license; diversity within tier | https://xeno-canto.org/583102
  SELECT xeno-canto:XC588102 | Isain Contreras Rodríguez | flight call | CC BY-NC-SA 4.0 | Tláhuac, Mexico City | 32.267 km | geographic tier 2; quality C; type flight call; reusable license; diversity within tier | https://xeno-canto.org/588102
  SELECT xeno-canto:XC586452 | Isain Contreras Rodríguez | nocturnal flight call | CC BY-NC-SA 4.0 | Xochimilco (near  Ciudad de México), Ciudad de México | 29.068 km | geographic tier 2; quality B; type nocturnal flight call; reusable license; diversity within tier | https://xeno-canto.org/586452
  candidate xeno-canto:XC588103 | Isain Contreras Rodríguez | flight call | CC BY-NC-SA 4.0 | Tláhuac, Mexico City | 32.267 km
  candidate xeno-canto:XC1157516 | Manuel Grosselet | nocturnal flight call | CC BY-NC-SA 4.0 | Teotitlán del Valle, Teotitlán del Valle, Oaxaca | 390.662 km
  candidate inaturalist:1195977 | Diego Barrales | type unknown | no license | Ecatepec de Morelos, MX-MX, MX | 39.076 km | REJECT License not accepted
  candidate inaturalist:1197719 | Diego Barrales | type unknown | no license | Manzana 031, Jardines de Morelos, 55070 Ecatepec de Morelos, Méx., México | 39.086 km | REJECT License not accepted
  candidate inaturalist:1199596 | Diego Barrales | type unknown | no license | Manzana 031, Jardines de Morelos, 55070 Ecatepec de Morelos, Méx., México | 39.086 km | REJECT License not accepted
  candidate inaturalist:1641147 | Diego Barrales | type unknown | no license | Jardines de Morelos, Ecatepec de Morelos, Méx., México | 39.086 km | REJECT License not accepted
  candidate inaturalist:2156887 | Kelly Tolentino | type unknown | CC BY-NC 4.0 | Ciénega de San Juan | 39.722 km
  candidate inaturalist:1626616 | Alvaro Rivera Rojas (brújula de aves) | type unknown | no license | Nuevo San Juan, 76808 San Juan del Río, Qro., México | 135.576 km | REJECT License not accepted
  ... 382 further candidates (full list in the import report after downloading).

Basileuterus belli: 144 candidates, 119 reusable/eligible, 3 selected
  SELECT xeno-canto:XC149096 | Manuel Grosselet | call | CC BY-NC-SA 3.0 | Mex DF entrance Desierto de los Leones | 4.266 km | geographic tier 0; quality A; type call; reusable license; diversity within tier | https://xeno-canto.org/149096
  SELECT xeno-canto:XC324090 | Manuel Grosselet | call, song | CC BY-NC-SA 4.0 | Mex DF entrance Desierto de los Leones | 4.266 km | geographic tier 0; quality A; type call, song; reusable license; diversity within tier | https://xeno-canto.org/324090
  SELECT inaturalist:2116351 | Efraín Octavio Aguilar Pérez | type unknown | CC BY-NC 4.0 | Cd. de México, México | 3.479 km | geographic tier 0; quality not rated; type not supplied; reusable license; diversity within tier | https://www.inaturalist.org/observations/390713208
  candidate xeno-canto:XC252183 | Manuel Grosselet | call | CC BY-NC-SA 4.0 | Mex DF entrance Desierto de los Leones | 4.266 km
  candidate xeno-canto:XC289889 | Manuel Grosselet | call | CC BY-NC-SA 4.0 | Mex DF entrance Desierto de los Leones | 4.266 km
  candidate xeno-canto:XC304654 | Manuel Grosselet | call | CC BY-NC-SA 4.0 | Mex DF entrance Desierto de los Leones | 4.266 km
  candidate xeno-canto:XC329095 | Manuel Grosselet | call | CC BY-NC-SA 4.0 | Mex DF entrance Desierto de los Leones | 4.266 km
  candidate xeno-canto:XC329103 | Manuel Grosselet | call | CC BY-NC-SA 4.0 | Mex DF entrance Desierto de los Leones | 4.266 km
  candidate xeno-canto:XC350055 | Manuel Grosselet | call | CC BY-NC-SA 4.0 | Mex DF entrance Desierto de los Leones | 4.266 km
  candidate xeno-canto:XC814547 | Manuel Grosselet | call | CC BY-NC-SA 4.0 | Mex DF entrance Desierto de los Leones | 4.266 km
  candidate xeno-canto:XC814548 | Manuel Grosselet | call | CC BY-NC-SA 4.0 | Mex DF entrance Desierto de los Leones | 4.266 km
  ... 133 further candidates (full list in the import report after downloading).

Basileuterus rufifrons: 336 candidates, 243 reusable/eligible, 3 selected
  SELECT xeno-canto:XC599598 | Isain Contreras Rodríguez | call | CC BY-NC-SA 4.0 | Tlalpan (near  Ciudad de México), Ciudad de México | 11.26 km | geographic tier 2; quality B; type call; reusable license; diversity within tier | https://xeno-canto.org/599598
  SELECT xeno-canto:XC599600 | Isain Contreras Rodríguez | song | CC BY-NC-SA 4.0 | Tlalpan (near  Ciudad de México), Ciudad de México | 11.26 km | geographic tier 2; quality B; type song; reusable license; diversity within tier | https://xeno-canto.org/599600
  SELECT inaturalist:1562485 | Efraín Octavio Aguilar Pérez | type unknown | CC BY-NC 4.0 | Lomas Altas, 11950 Ciudad de México, CDMX, México | 8.156 km | geographic tier 2; quality not rated; type not supplied; reusable license; diversity within tier | https://www.inaturalist.org/observations/296661285
  candidate inaturalist:1562486 | Efraín Octavio Aguilar Pérez | type unknown | CC BY-NC 4.0 | Lomas Altas, 11950 Ciudad de México, CDMX, México | 8.156 km
  candidate inaturalist:1562556 | Efraín Octavio Aguilar Pérez | type unknown | CC BY-NC 4.0 | Bosque de Chapultepec III Secc, Ciudad de México, CDMX, México | 8.4 km
  candidate inaturalist:1562264 | Efraín Octavio Aguilar Pérez | type unknown | CC BY-NC 4.0 | Bosque de Chapultepec III Secc, Ciudad de México, CDMX, México | 9.113 km
  candidate inaturalist:1230161 | Efraín Octavio Aguilar Pérez | type unknown | CC BY-NC 4.0 | Parque Nacional Bosque del Pedregal, Ciudad de México, CDMX, México | 10.157 km
  candidate inaturalist:1706045 | Efraín Octavio Aguilar Pérez | type unknown | CC BY-NC 4.0 | Parque Nacional Bosque del Pedregal, Ciudad de México, CDMX, México | 10.162 km
  candidate inaturalist:1250949 | Efraín Octavio Aguilar Pérez | type unknown | CC BY-NC 4.0 | Parque Nacional Bosque del Pedregal, Ciudad de México, CDMX, México | 10.272 km
  candidate inaturalist:1250950 | Efraín Octavio Aguilar Pérez | type unknown | CC BY-NC 4.0 | Parque Nacional Bosque del Pedregal, Ciudad de México, CDMX, México | 10.272 km
  candidate inaturalist:1359198 | Efraín Octavio Aguilar Pérez | type unknown | CC BY-NC 4.0 | Parque Nacional Bosque del Pedregal, Ciudad de México, CDMX, México | 10.406 km
  ... 325 further candidates (full list in the import report after downloading).

Basilinna leucotis: 180 candidates, 124 reusable/eligible, 3 selected
  SELECT xeno-canto:XC289821 | Manuel Grosselet | song | CC BY-NC-SA 4.0 | Mex DF entrance Desierto de los Leones | 4.266 km | geographic tier 0; quality A; type song; reusable license; diversity within tier | https://xeno-canto.org/289821
  SELECT xeno-canto:XC341230 | Manuel Grosselet | call | CC BY-NC-SA 4.0 | Mex DF entrance Desierto de los Leones | 4.266 km | geographic tier 0; quality A; type call; reusable license; diversity within tier | https://xeno-canto.org/341230
  SELECT xeno-canto:XC289818 | Manuel Grosselet | flight call | CC BY-NC-SA 4.0 | Mex DF entrance Desierto de los Leones | 4.266 km | geographic tier 0; quality B; type flight call; reusable license; diversity within tier | https://xeno-canto.org/289818
  candidate xeno-canto:XC150149 | Manuel Grosselet | call, song | CC BY-NC-SA 3.0 | Contadero, Mexico City | 1.478 km
  candidate xeno-canto:XC150150 | Manuel Grosselet | call | CC BY-NC-SA 3.0 | Contadero, Mexico City | 1.478 km
  candidate xeno-canto:XC289819 | Manuel Grosselet | flight call | CC BY-NC-SA 4.0 | Mex DF entrance Desierto de los Leones | 4.266 km
  candidate xeno-canto:XC289820 | Manuel Grosselet | flight call | CC BY-NC-SA 4.0 | Mex DF entrance Desierto de los Leones | 4.266 km
  candidate inaturalist:391440 | Arturo Crespo Moctezuma | type unknown | CC BY 4.0 | Av. Centenario - Frente a 1701, Bosques de Tarango, 01580 Ciudad de México, CDMX, México | 3.211 km
  candidate inaturalist:391441 | Arturo Crespo Moctezuma | type unknown | CC BY 4.0 | Av. Centenario - Frente a 1701, Bosques de Tarango, 01580 Ciudad de México, CDMX, México | 3.211 km
  candidate xeno-canto:XC779122 | Manuel Grosselet | song | CC BY-NC-SA 4.0 | Magdalena Contreras (near  Ciudad de México), Ciudad de México | 6.898 km
  candidate xeno-canto:XC779123 | Manuel Grosselet | song | CC BY-NC-SA 4.0 | Magdalena Contreras (near  Ciudad de México), Ciudad de México | 6.898 km
  ... 169 further candidates (full list in the import report after downloading).

Bombycilla cedrorum: 794 candidates, 576 reusable/eligible, 3 selected
  SELECT xeno-canto:XC466822 | Manuel Grosselet | song | CC BY-NC-SA 4.0 | Mx, Distrito Federal, Lomas de Bezares, Calle Colina | 6.177 km | geographic tier 2; quality A; type song; reusable license; diversity within tier | https://xeno-canto.org/466822
  SELECT xeno-canto:XC466823 | Manuel Grosselet | flight call | CC BY-NC-SA 4.0 | Mx, Distrito Federal, Lomas de Bezares, Calle Colina | 6.177 km | geographic tier 2; quality A; type flight call; reusable license; diversity within tier | https://xeno-canto.org/466823
  SELECT xeno-canto:XC314414 | Manuel Grosselet | call, dog | CC BY-NC-SA 4.0 | Lomas de Bezares Miguel Hidalgo Mexico city | 5.885 km | geographic tier 2; quality B; type call, dog; reusable license; diversity within tier | https://xeno-canto.org/314414
  candidate xeno-canto:XC648805 | Manuel Grosselet | call | CC BY-NC-SA 4.0 | Lomas de Bezares Miguel Hidalgo Mexico city | 5.885 km
  candidate xeno-canto:XC301200 | Manuel Grosselet | call | CC BY-NC-SA 4.0 | Mx, Distrito Federal, Lomas de Bezares, Calle Colina | 6.177 km
  candidate xeno-canto:XC305407 | Manuel Grosselet | call | CC BY-NC-SA 4.0 | Mx, Distrito Federal, Lomas de Bezares, Calle Colina | 6.177 km
  candidate xeno-canto:XC313684 | Manuel Grosselet | call | CC BY-NC-SA 4.0 | Mx, Distrito Federal, Lomas de Bezares, Calle Colina | 6.177 km
  candidate xeno-canto:XC618289 | Manuel Grosselet | call | CC BY-NC-SA 4.0 | Miguel Hidalgo (near  Ciudad de México), Ciudad de México | 8.974 km
  candidate xeno-canto:XC618290 | Manuel Grosselet | call | CC BY-NC-SA 4.0 | Miguel Hidalgo (near  Ciudad de México), Ciudad de México | 8.974 km
  candidate xeno-canto:XC618291 | Manuel Grosselet | call | CC BY-NC-SA 4.0 | Miguel Hidalgo (near  Ciudad de México), Ciudad de México | 8.974 km
  candidate xeno-canto:XC618292 | Manuel Grosselet | call | CC BY-NC-SA 4.0 | Miguel Hidalgo (near  Ciudad de México), Ciudad de México | 8.974 km
  ... 783 further candidates (full list in the import report after downloading).
WARNING: iNaturalist search truncated at 5 pages ({}).

Bubo virginianus: 1271 candidates, 942 reusable/eligible, 3 selected
  SELECT xeno-canto:XC686192 | Alán Palacios | call | CC BY-NC-SA 4.0 | Gustavo A. Madero (near  Mexico City), Mexico City | 24.834 km | geographic tier 2; quality A; type call; reusable license; diversity within tier | https://xeno-canto.org/686192
  SELECT inaturalist:1430632 | R.E.Llanos | type unknown | CC BY-NC 4.0 | Privada del Crespúsculo, Coyoacán, CDMX, MX | 12.249 km | geographic tier 2; quality not rated; type not supplied; reusable license; diversity within tier | https://www.inaturalist.org/observations/277287947
  SELECT inaturalist:1430633 | R.E.Llanos | type unknown | CC BY-NC 4.0 | Privada del Crespúsculo, Coyoacán, CDMX, MX | 12.249 km | geographic tier 2; quality not rated; type not supplied; reusable license; diversity within tier | https://www.inaturalist.org/observations/277287947
  candidate inaturalist:533702 | Casta Mcqueen | type unknown | no license | Calle Sierra Grande, Miguel Hidalgo, CDMX, MX | 8.493 km | REJECT License not accepted
  candidate inaturalist:533703 | Casta Mcqueen | type unknown | no license | Calle Sierra Grande, Miguel Hidalgo, CDMX, MX | 8.495 km | REJECT License not accepted
  candidate inaturalist:1430634 | R.E.Llanos | type unknown | CC BY-NC 4.0 | Privada del Crespúsculo, Coyoacán, CDMX, MX | 12.249 km
  candidate inaturalist:1467141 | R.E.Llanos | type unknown | CC BY-NC 4.0 | Privada del Crespúsculo, Coyoacán, CDMX, MX | 12.264 km
  candidate inaturalist:1432177 | Gilberto Chávez-León | type unknown | cc-by-nc-nd | Pedregal del Maurel, 04700 Ciudad de México, CDMX, México | 12.3 km | REJECT License not accepted
  candidate inaturalist:1432183 | Gilberto Chávez-León | type unknown | cc-by-nc-nd | Pedregal del Maurel, 04700 Ciudad de México, CDMX, México | 12.3 km | REJECT License not accepted
  candidate inaturalist:1432184 | Gilberto Chávez-León | type unknown | cc-by-nc-nd | Pedregal del Maurel, 04700 Ciudad de México, CDMX, México | 12.3 km | REJECT License not accepted
  candidate inaturalist:1701424 | achelen15 | type unknown | CC BY-NC 4.0 | Cerrada del Convento, Tlalpan, CDMX, MX | 13.767 km
  ... 1260 further candidates (full list in the import report after downloading).
WARNING: Xeno-canto search truncated at 5 pages (world).
WARNING: iNaturalist search truncated at 5 pages ({}).

Buteo brachyurus: 92 candidates, 59 reusable/eligible, 3 selected
  SELECT xeno-canto:XC676529 | Richard E. Webster | call | CC BY-NC-SA 4.0 | P.N. Cascada de Basaseachic, Chihuahua | 1335.41 km | geographic tier 4; quality C; type call; reusable license; diversity within tier | https://xeno-canto.org/676529
  SELECT inaturalist:771181 | Bodo Nuñez Oberg | type unknown | CC BY-NC 4.0 | León, Gto., México | 311.288 km | geographic tier 4; quality not rated; type not supplied; reusable license; diversity within tier | https://www.inaturalist.org/observations/173360495
  SELECT xeno-canto:XC283521 | David Vander Pluym | call | CC BY-NC-SA 4.0 | Mesa del Campanero, Sonora | 1408.715 km | geographic tier 4; quality C; type call; reusable license; diversity within tier | https://xeno-canto.org/283521
  candidate xeno-canto:XC283522 | David Vander Pluym | call | CC BY-NC-SA 4.0 | Mesa del Campanero, Sonora | 1408.715 km
  candidate inaturalist:505395 | Luis Humberto "Beto" Montemayor | type unknown | no license | Santiago, Nuevo Leon, Mexico | 677.171 km | REJECT License not accepted
  candidate inaturalist:505396 | Luis Humberto "Beto" Montemayor | type unknown | no license | Santiago, Nuevo Leon, Mexico | 677.171 km | REJECT License not accepted
  candidate inaturalist:1153771 | Andrew Martinez | type unknown | no license | Oaxaca, MX | ? km | REJECT License not accepted
  candidate inaturalist:1153773 | Andrew Martinez | type unknown | no license | Oaxaca, MX | ? km | REJECT License not accepted
  candidate xeno-canto:XC1154749 | Manuel Sánchez-Nivicela | call | https://creativecommons.org/licenses/by-nc-nd/4.0/ | Chongón-Colonche (El Paludo), Santa Elena, Santa Elena | 3147.209 km | REJECT License not accepted
  candidate xeno-canto:XC20289 | Guilherme R R Brito | call | https://creativecommons.org/licenses/by-nc-nd/2.5/ | Usina Zillo Lorenzetti - Quatá, Sao Paulo State | 7017.864 km | REJECT License not accepted
  candidate xeno-canto:XC41473 | Luiz Gabriel Mazzoni | call | https://creativecommons.org/licenses/by-nc-nd/2.5/ | Riacho dos Machados - MG  | ? km | REJECT License not accepted
  ... 81 further candidates (full list in the import report after downloading).

Buteo jamaicensis: 784 candidates, 582 reusable/eligible, 3 selected
  SELECT inaturalist:1186572 | Octavio Pérez-Martínez | type unknown | CC BY-NC-SA 4.0 | 2do Parque las Águilas, Ciudad de México, CDMX, México | 5.989 km | geographic tier 2; quality not rated; type not supplied; reusable license; diversity within tier | https://www.inaturalist.org/observations/227385094
  SELECT inaturalist:1752818 | Miguel Ángel Mota Ayala | type unknown | CC BY-NC 4.0 | San Andrés Totoltepec, Ciudad de México, CDMX, México | 14.366 km | geographic tier 2; quality not rated; type not supplied; reusable license; diversity within tier | https://www.inaturalist.org/observations/336546798
  SELECT inaturalist:529622 | -RodrigoFsc | type unknown | CC BY-NC 4.0 | 14505 CDMX, México | 24.178 km | geographic tier 2; quality not rated; type not supplied; reusable license; diversity within tier | https://www.inaturalist.org/observations/133224486
  candidate xeno-canto:XC327633 | Manuel Grosselet | flight call | CC BY-NC-SA 4.0 | San Pedro La Junta, Puebla | 140.346 km
  candidate xeno-canto:XC233997 | Elvis Herrera Rodríguez | flight call | CC BY-NC-SA 4.0 | Parque Estatal Cerro Punhuato | 197.938 km
  candidate xeno-canto:XC819407 | Manuel Grosselet | begging call, flight call | CC BY-NC-SA 4.0 | San Pablo Huitzo, San Pablo Huitzo, Oaxaca | 339.072 km
  candidate xeno-canto:XC519775 | Manuel Grosselet | flight call | CC BY-NC-SA 4.0 | Topolobampo, Ahome, Sinaloa | 1219.89 km
  candidate xeno-canto:XC661136 | Richard E. Webster | call | CC BY-NC-SA 4.0 | Arroyo La Bocana, Ensenada, Baja California | 1950.592 km
  candidate xeno-canto:XC589254 | Isain Contreras Rodríguez | flight call | CC BY-NC-SA 4.0 | Tepenahuac Milpa Alta | 37.556 km
  candidate xeno-canto:XC327575 | Manuel Grosselet | song | CC BY-NC-SA 4.0 | Presa de los carros, Chietla, Puebla | 104.803 km
  candidate xeno-canto:XC819406 | Manuel Grosselet | begging call, flight call | CC BY-NC-SA 4.0 | San Pablo Huitzo, San Pablo Huitzo, Oaxaca | 339.072 km
  ... 773 further candidates (full list in the import report after downloading).
WARNING: iNaturalist search truncated at 5 pages ({}).

Buteo platypterus: 712 candidates, 533 reusable/eligible, 3 selected
  SELECT xeno-canto:XC454231 | Miguel San Martin | call | CC BY-NC-SA 4.0 | Zoatzingo, Veracruz | 216.937 km | geographic tier 4; quality A; type call; reusable license; diversity within tier | https://xeno-canto.org/454231
  SELECT inaturalist:836512 | Carlos M Vieyra-Rojas | type unknown | CC BY-NC 4.0 | 94464 Ver., México | 245.784 km | geographic tier 4; quality not rated; type not supplied; reusable license; diversity within tier | https://www.inaturalist.org/observations/188840675
  SELECT inaturalist:836580 | Fátima Isabel Parra Rodríguez | type unknown | CC BY-NC 4.0 | Amatlán de los Reyes, MX-VE, MX | 259.804 km | geographic tier 4; quality not rated; type not supplied; reusable license; diversity within tier | https://www.inaturalist.org/observations/188859295
  candidate inaturalist:867084 | Diego Barrales | type unknown | no license | Ecatepec de Morelos, Méx., México | 35.594 km | REJECT License not accepted
  candidate inaturalist:30727 | Miguel San Martín | type unknown | no license | Altotonga, Ver., México | 216.93 km | REJECT License not accepted
  candidate inaturalist:839054 | Diego Aguilar | type unknown | no license | Amatlán de los Reyes, MX-VE, MX | 259.814 km | REJECT License not accepted
  candidate inaturalist:1710912 | Michael Shoop | type unknown | CC BY-NC 4.0 | Santa María Huatulco, Oax., Mexico | 504.983 km
  candidate inaturalist:927802 | Arturo Benavides-Mendoza | type unknown | CC BY 4.0 | Comalcalco, Tab., México | 650.679 km
  candidate inaturalist:285164 | Luis Humberto "Beto" Montemayor | type unknown | no license | 65755 Nuevo Leon, Mexico | 732.934 km | REJECT License not accepted
  candidate inaturalist:285167 | Luis Humberto "Beto" Montemayor | type unknown | no license | 65755 Nuevo Leon, Mexico | 732.934 km | REJECT License not accepted
  candidate xeno-canto:XC208627 | Edwin Calderón | call | CC BY-NC-SA 4.0 | Sitio Arqueológico Casa Blanca, Chalchuapa, Santa Ana | 1184.288 km
  ... 701 further candidates (full list in the import report after downloading).
WARNING: iNaturalist search truncated at 5 pages ({}).

Buteo swainsoni: 140 candidates, 118 reusable/eligible, 3 selected
  SELECT inaturalist:1943011 | Celeste Zulema Reyes | type unknown | CC BY-NC 4.0 | 60090 Mich., México | 293.296 km | geographic tier 4; quality not rated; type not supplied; reusable license; diversity within tier | https://www.inaturalist.org/observations/360490853
  SELECT xeno-canto:XC626069 | Richard E. Webster | call | CC BY-NC-SA 4.0 | San Bernardino National Wildlife Refuge, Cochise County, Arizona | 1666.752 km | geographic tier 5; quality A; type call; reusable license; diversity within tier | https://xeno-canto.org/626069
  SELECT xeno-canto:XC139794 | GABRIEL LEITE | flight call | CC BY-NC-SA 3.0 | Cheyenne, Laramie, Wyoming | 2475.075 km | geographic tier 5; quality A; type flight call; reusable license; diversity within tier | https://xeno-canto.org/139794
  candidate inaturalist:110898 | Homero Bennet | type unknown | no license | Benito Juárez Nte, Coatzacoalcos, Ver., México | 526.684 km | REJECT License not accepted
  candidate xeno-canto:XC346459 | Antonio Xeira | call | CC BY-NC-SA 4.0 | Rodeo, Hidalgo County, New Mexico | 1695.814 km
  candidate xeno-canto:XC626066 | Richard E. Webster | call | CC BY-NC-SA 4.0 | Rodeo, Hidalgo County, New Mexico | 1695.814 km
  candidate xeno-canto:XC771857 | Richard E. Webster | begging call, call | CC BY-NC-SA 4.0 | Whitewater Draw WA, near McNeal, Cochise Co, Arizona | 1712.685 km
  candidate xeno-canto:XC12214 | Nathan Pieplow | call, epigamic calls | https://creativecommons.org/licenses/by-nc-nd/2.5/ | Prowers County, Colorado | 2090.428 km | REJECT License not accepted
  candidate xeno-canto:XC736223 | Sue Riffe | call | CC BY-NC-SA 4.0 | Burnt Mill Rd, Pueblo County, Colorado | 2148.774 km
  candidate xeno-canto:XC192115 | Ted Floyd | call | CC BY-NC-SA 4.0 | Lafayette, Boulder, Colorado | 2362.385 km
  candidate xeno-canto:XC276868 | Ted Floyd | call | CC BY-NC-SA 4.0 | Boulder, Boulder County, Colorado | 2367.73 km
  ... 129 further candidates (full list in the import report after downloading).

Cairina moschata: 46 candidates, 29 reusable/eligible, 3 selected
  SELECT xeno-canto:XC1136175 | Manuel Grosselet | call | CC BY-NC-SA 4.0 | Mérida, Mérida Municipality, Yucatán | 1028.269 km | geographic tier 4; quality A; type call; reusable license; diversity within tier | https://xeno-canto.org/1136175
  SELECT xeno-canto:XC163735 | Danny Zapata-Henao | song | CC BY-NC-SA 3.0 | Guatapé, Antioquia | 2983.652 km | geographic tier 5; quality A; type song; reusable license; diversity within tier | https://xeno-canto.org/163735
  SELECT xeno-canto:XC443455 | JAYRSON ARAUJO DE OLIVEIRA | flight call | CC BY-NC-SA 4.0 | Santa Rita do Novo Destino, Goiás, Chácara Jayrson | 6673.486 km | geographic tier 5; quality A; type flight call; reusable license; diversity within tier | https://xeno-canto.org/443455
  candidate xeno-canto:XC39489 | Andrew Spencer | call | https://creativecommons.org/licenses/by-nc-nd/2.5/ | Cristalino Jungle Lodge, MT | 5737.026 km | REJECT License not accepted
  candidate xeno-canto:XC619235 | JAYRSON ARAUJO DE OLIVEIRA | alarm call, song | CC BY-NC-SA 4.0 | Santa Rita do Novo Destino, Goiás, Chácara Jayrson | 6673.486 km
  candidate xeno-canto:XC931256 | JAYRSON ARAUJO DE OLIVEIRA | call | CC BY-NC-SA 4.0 | Reserva do Setor Sítio de Recreio Caraíbas-Goiânia, Goiás | 6767.88 km
  candidate xeno-canto:XC705872 | Fernando Igor de Godoy | alarm call, wing sound | CC BY-NC-SA 4.0 | Reserva, Paraná | 7142.279 km
  candidate xeno-canto:XC714003 | Fernando Igor de Godoy | alarm call | CC BY-NC-SA 4.0 | Bertioga, São Paulo | 7505.71 km
  candidate xeno-canto:XC975900 | Jorge Leitão | call, agressive | CC BY-NC-SA 4.0 | Parque Da Ponte (near  Braga), Braga, Braga | 8665.322 km
  candidate xeno-canto:XC1070873 | Jorge Leitão | call | CC BY-NC-SA 4.0 | Parque Da Ponte (near  Braga), Braga, Braga | 8665.322 km
  candidate xeno-canto:XC1087444 | Jorge Leitão | call | CC BY-NC-SA 4.0 | Parque do Bom Jesus (near  Braga), Braga, Braga | 8668.33 km
  ... 35 further candidates (full list in the import report after downloading).
ERROR: cairina-moschata: Audio decode validation failed: [mp3float @ 0000017a7fc1ff00] Header missing
[aist#0:0/mp3 @ 0000017a7fc07380] [dec:mp3float @ 0000017a7fc16180] Error submitting packet to decoder: Invalid data found when processing input
[aist#0:0/mp3 @ 0000017a7fc07380] [dec:mp3float @ 0000017a7fc16180] Error processing packet in decoder: Invalid data found when processing input
[aist#0:0/mp3 @ 0000017a7fc07380] [dec:mp3float @ 0000017a7fc16180] Task finished with error code: -1094995529 (Invalid data found when processing input)
[aist#0:0/mp3 @ 0000017a7fc07380] [dec:mp3float @ 0000017a7fc16180] Terminating thread with return code -1094995529 (Invalid data found when processing input)

Camptostoma imberbe: 358 candidates, 265 reusable/eligible, 3 selected
  SELECT inaturalist:1868550 | Efraín Octavio Aguilar Pérez | type unknown | CC BY-NC 4.0 | Bosque de Chapultepec III Secc, Ciudad de México, CDMX, México | 8.662 km | geographic tier 2; quality not rated; type not supplied; reusable license; diversity within tier | https://www.inaturalist.org/observations/351011267
  SELECT inaturalist:1868485 | Efraín Octavio Aguilar Pérez | type unknown | CC BY-NC 4.0 | Panteón Civíl de Dolores, 11100 Ciudad de México, CDMX, México | 9.163 km | geographic tier 2; quality not rated; type not supplied; reusable license; diversity within tier | https://www.inaturalist.org/observations/351008429
  SELECT inaturalist:487935 | Efraín Octavio Aguilar Pérez | type unknown | CC BY-NC 4.0 | C.U., Ciudad de México, CDMX, México | 9.985 km | geographic tier 2; quality not rated; type not supplied; reusable license; diversity within tier | https://www.inaturalist.org/observations/124312630
  candidate inaturalist:1040367 | Efraín Octavio Aguilar Pérez | type unknown | CC BY-NC 4.0 | Parque Nacional Bosque del Pedregal, Ciudad de México, CDMX, México | 10.497 km
  candidate inaturalist:2081170 | Lorenzo D'Alessio | type unknown | CC BY-NC 4.0 | Bosque de Chapultepec II Secc, 11100 Ciudad de México, CDMX, Mexico | 11.242 km
  candidate inaturalist:573675 | Miguel Ángel Mota Ayala | type unknown | CC BY-NC 4.0 | Deportivo Huayamilpas, 04300 Ciudad de México, CDMX, México | 14.389 km
  candidate xeno-canto:XC789175 | Olivier SWIFT | song | CC BY-NC-SA 4.0 | Los Ocotes, Temascaltepec de González, State of Mexico | 74.392 km
  candidate inaturalist:255007 | R.E.Llanos | type unknown | CC BY-NC 4.0 | Ecatepec, State of Mexico, Mexico | 34.898 km
  candidate xeno-canto:XC327564 | Manuel Grosselet | song | CC BY-NC-SA 4.0 | Presa de los carros, Chietla, Puebla | 104.803 km
  candidate xeno-canto:XC910981 | Manuel Grosselet | call | CC BY-NC-SA 4.0 | Guadalupe Hidalgo, Soledad Etla, Oaxaca | 356.591 km
  candidate xeno-canto:XC912065 | Manuel Grosselet | song | CC BY-NC-SA 4.0 | San Agustín Etla, San Agustín Etla, Oaxaca | 358.579 km
  ... 347 further candidates (full list in the import report after downloading).

Campylorhynchus megalopterus: 75 candidates, 45 reusable/eligible, 3 selected
  SELECT xeno-canto:XC928241 | Richard E. Webster | call | CC BY-NC-SA 4.0 | Km 103, Highway 175, Santiago Comaltepec, Oaxaca | 353.884 km | geographic tier 4; quality A; type call; reusable license; diversity within tier | https://xeno-canto.org/928241
  SELECT xeno-canto:XC190632 | Andrew Spencer | song | CC BY-NC-SA 3.0 | Cerro San Felipe, Oaxaca | 368.131 km | geographic tier 4; quality A; type song; reusable license; diversity within tier | https://xeno-canto.org/190632
  SELECT xeno-canto:XC670560 | Oveth Fuentes | type unknown | CC BY-NC-SA 4.0 | Montitlán, Cuauhtémoc Municipality, Colima, Colima | 455.438 km | geographic tier 4; quality C; type not supplied; reusable license; diversity within tier | https://xeno-canto.org/670560
  candidate xeno-canto:XC33707 | manuel grosselet | song | https://creativecommons.org/licenses/by-nc-nd/2.5/ | La Venta, Mexico City | ? km | REJECT License not accepted
  candidate xeno-canto:XC658563 | Manuel Grosselet | call | CC BY-NC-SA 4.0 | Oax, Mex, arroyo Guacamayas | 358.563 km
  candidate xeno-canto:XC658564 | Manuel Grosselet | call | CC BY-NC-SA 4.0 | Oax, Mex, arroyo Guacamayas | 358.563 km
  candidate xeno-canto:XC658565 | Manuel Grosselet | call | CC BY-NC-SA 4.0 | Oax, Mex, arroyo Guacamayas | 358.563 km
  candidate xeno-canto:XC813949 | Manuel Grosselet | call | CC BY-NC-SA 4.0 | San Pablo Etla, San Pablo Etla, Oaxaca | 362.822 km
  candidate xeno-canto:XC651148 | Manuel Grosselet | call | CC BY-NC-SA 4.0 | San Pablo Etla, San Pablo Etla, Oaxaca | 363.096 km
  candidate xeno-canto:XC220284 | Peter Boesman | song | https://creativecommons.org/licenses/by-nc-nd/4.0/ | Cerro San Felipe (La Cumbre), Oaxaca | 364.493 km | REJECT License not accepted
  candidate xeno-canto:XC220285 | Peter Boesman | song | https://creativecommons.org/licenses/by-nc-nd/4.0/ | Cerro San Felipe (La Cumbre), Oaxaca | 364.493 km | REJECT License not accepted
  ... 64 further candidates (full list in the import report after downloading).

Cardellina pusilla: 1071 candidates, 838 reusable/eligible, 3 selected
  SELECT inaturalist:1909685 | Nathan Zárate | type unknown | CC BY-NC 4.0 | Distrito Federal, MX | 3.226 km | geographic tier 0; quality not rated; type not supplied; reusable license; diversity within tier | https://www.inaturalist.org/observations/356171799
  SELECT xeno-canto:XC289662 | Manuel Grosselet | call | CC BY-NC-SA 4.0 | Mx, Distrito Federal, Lomas de Bezares, Calle Colina | 6.177 km | geographic tier 2; quality B; type call; reusable license; diversity within tier | https://xeno-canto.org/289662
  SELECT xeno-canto:XC466826 | Manuel Grosselet | call, song | CC BY-NC-SA 4.0 | Mx, Distrito Federal, Lomas de Bezares, Calle Colina | 6.177 km | geographic tier 2; quality B; type call, song; reusable license; diversity within tier | https://xeno-canto.org/466826
  candidate xeno-canto:XC1075275 | Joren van Schie | call | CC BY-NC-SA 4.0 | Tlalpan (near  Ciudad de México), Ciudad de México | 10.868 km
  candidate xeno-canto:XC599601 | Isain Contreras Rodríguez | call | CC BY-NC-SA 4.0 | Tlalpan (near  Ciudad de México), Ciudad de México | 11.26 km
  candidate xeno-canto:XC501467 | Isain Contreras Rodríguez | song | CC BY-NC-SA 4.0 | Xochimilco, Ciudad de México | 19.655 km
  candidate xeno-canto:XC501630 | Isain Contreras Rodríguez | call, dog | CC BY-NC-SA 4.0 | Deportivo Nativitas, Xochimilco, Ciudad de México | 22.375 km
  candidate xeno-canto:XC687848 | Manuel Grosselet | call | CC BY-NC-SA 4.0 | Iztapalapa (near  Ciudad de México), Ciudad de México | 24.729 km
  candidate xeno-canto:XC501460 | Isain Contreras Rodríguez | call | CC BY-NC-SA 4.0 | Bosque de San Luis, Xochimilco, Ciudad de México | 28.525 km
  candidate xeno-canto:XC608510 | Isain Contreras Rodríguez | call | CC BY-NC-SA 4.0 | Xochimilco (near  Ciudad de México), Ciudad de México | 29.068 km
  candidate xeno-canto:XC289668 | Manuel Grosselet | call | CC BY-NC-SA 4.0 | Mx, Distrito Federal, Lomas de Bezares, Calle Colina | 6.177 km
  ... 1060 further candidates (full list in the import report after downloading).
WARNING: iNaturalist search truncated at 5 pages ({}).

Cardellina rubra: 122 candidates, 104 reusable/eligible, 3 selected
  SELECT xeno-canto:XC146290 | Manuel Grosselet | call | CC BY-NC-SA 3.0 | Contadero, Mexico City | 1.478 km | geographic tier 0; quality A; type call; reusable license; diversity within tier | https://xeno-canto.org/146290
  SELECT xeno-canto:XC252940 | Manuel Grosselet | song | CC BY-NC-SA 4.0 | Mex DF entrance Desierto de los Leones | 4.266 km | geographic tier 0; quality A; type song; reusable license; diversity within tier | https://xeno-canto.org/252940
  SELECT inaturalist:1934047 | Efraín Octavio Aguilar Pérez | type unknown | CC BY-NC 4.0 | Cd. de México, México | 3.518 km | geographic tier 0; quality not rated; type not supplied; reusable license; diversity within tier | https://www.inaturalist.org/observations/359343523
  candidate xeno-canto:XC168040 | Manuel Grosselet | call | CC BY-NC-SA 3.0 | Mex DF entrance Desierto de los Leones | 4.266 km
  candidate xeno-canto:XC248101 | Manuel Grosselet | call | CC BY-NC-SA 4.0 | Mex DF entrance Desierto de los Leones | 4.266 km
  candidate xeno-canto:XC341235 | Manuel Grosselet | call | CC BY-NC-SA 4.0 | Mex DF entrance Desierto de los Leones | 4.266 km
  candidate xeno-canto:XC814565 | Manuel Grosselet | call | CC BY-NC-SA 4.0 | Mex DF entrance Desierto de los Leones | 4.266 km
  candidate xeno-canto:XC814566 | Manuel Grosselet | call | CC BY-NC-SA 4.0 | Mex DF entrance Desierto de los Leones | 4.266 km
  candidate xeno-canto:XC168156 | Manuel Grosselet | song | CC BY-NC-SA 3.0 | Mex DF entrance Desierto de los Leones | 4.266 km
  candidate xeno-canto:XC324893 | Manuel Grosselet | call | CC BY-NC-SA 4.0 | Mex DF entrance Desierto de los Leones | 4.266 km
  candidate xeno-canto:XC326475 | Manuel Grosselet | call, plane | CC BY-NC-SA 4.0 | Mex DF entrance Desierto de los Leones | 4.266 km
  ... 111 further candidates (full list in the import report after downloading).

Cardinalis cardinalis: 1246 candidates, 949 reusable/eligible, 3 selected
  SELECT inaturalist:1885133 | Patricia Maldonado | type unknown | CC BY-NC 4.0 | AVA Barranca del Moral | 4.017 km | geographic tier 0; quality not rated; type not supplied; reusable license; diversity within tier | https://www.inaturalist.org/observations/353237411
  SELECT xeno-canto:XC356489 | Esau Toaki Villarreal  | song | CC BY-NC-SA 4.0 | Coyoacán (near  Ciudad de México), Ciudad de México | 10.019 km | geographic tier 2; quality A; type song; reusable license; diversity within tier | https://xeno-canto.org/356489
  SELECT xeno-canto:XC606968 | Isain Contreras Rodríguez | call | CC BY-NC-SA 4.0 | Coyoacán (near  Ciudad de México), Ciudad de México | 10.019 km | geographic tier 2; quality B; type call; reusable license; diversity within tier | https://xeno-canto.org/606968
  candidate inaturalist:176227 | Orianna Montero Piña | type unknown | no license | Parque ecologico "LA LOMA" | 4.969 km | REJECT License not accepted
  candidate xeno-canto:XC423360 | Manuel Grosselet | song | CC BY-NC-SA 4.0 | Mx, Distrito Federal, Xochimilco | 20.677 km
  candidate inaturalist:713522 | Diego Barrales | type unknown | no license | C.U., 04510 Ciudad de México, CDMX, México | 9.955 km | REJECT License not accepted
  candidate inaturalist:290009 | Diego Barrales | type unknown | no license | Jardin Botanico, C.U., 04510 Ciudad de México, CDMX, México | 10.005 km | REJECT License not accepted
  candidate inaturalist:290010 | Diego Barrales | type unknown | no license | Jardin Botanico, C.U., 04510 Ciudad de México, CDMX, México | 10.005 km | REJECT License not accepted
  candidate inaturalist:291146 | Diego Barrales | type unknown | no license | C.U., Ciudad de México, CDMX, México | 10.012 km | REJECT License not accepted
  candidate inaturalist:1040423 | Efraín Octavio Aguilar Pérez | type unknown | CC BY-NC 4.0 | Parque Nacional Bosque del Pedregal, Ciudad de México, CDMX, México | 10.863 km
  candidate inaturalist:1040426 | Efraín Octavio Aguilar Pérez | type unknown | CC BY-NC 4.0 | Parque Nacional Bosque del Pedregal, Ciudad de México, CDMX, México | 10.863 km
  ... 1235 further candidates (full list in the import report after downloading).
WARNING: Xeno-canto search truncated at 5 pages (world).
WARNING: iNaturalist search truncated at 5 pages ({}).

Cathartes aura: 26 candidates, 14 reusable/eligible, 3 selected
  SELECT xeno-canto:XC520288 | Cristian Pinto | alarm call, call, hatchling or nestling | CC BY-NC-SA 4.0 | Isla Chungungo | 6194.111 km | geographic tier 5; quality A; type alarm call, call, hatchling or nestling; reusable license; diversity within tier | https://xeno-canto.org/520288
  SELECT xeno-canto:XC989811 | Ed Pandolfino | call | CC BY-NC-SA 4.0 | Deer Creek Hills Preserve, Sacramento County, California | 2991.423 km | geographic tier 5; quality B; type call; reusable license; diversity within tier | https://xeno-canto.org/989811
  SELECT xeno-canto:XC780516 | Richard E. Webster | wingbeats as flushing | CC BY-NC-SA 4.0 | Las Cienegas National Conservation Area (Empire Gulch), Pima County, Arizona | 1788.912 km | geographic tier 5; quality B; type wingbeats as flushing; reusable license; diversity within tier | https://xeno-canto.org/780516
  candidate xeno-canto:XC381486 | Andrew Spencer | call | https://creativecommons.org/licenses/by-nc-nd/4.0/ | near Trumansburg, Tompkins County, New York | 3341.977 km | REJECT License not accepted
  candidate xeno-canto:XC520287 | Cristian Pinto | alarm call, call, hatchling or nestling | CC BY-NC-SA 4.0 | Isla Chungungo | 6194.111 km
  candidate xeno-canto:XC904279 | Brian Henderson | hiss | CC BY-NC-SA 4.0 | Salford Township (near  Telford), Montgomery County, Pennsylvania | 3255.752 km
  candidate xeno-canto:XC748979 | Guillermo Treboux | furnarius rufus, patagienas maculosa | CC BY-NC-SA 4.0 | Ubajay, Colón Department, Entre Rios | 7182.084 km
  candidate xeno-canto:XC552488 | Kent Livezey | call, wing flaps | https://creativecommons.org/licenses/by-nc-nd/4.0/ | Costa del Este, near Panama City | 2422.386 km | REJECT License not accepted
  candidate xeno-canto:XC39894 | Alvaro Riccetto | call | https://creativecommons.org/licenses/by-nc-nd/2.5/ | Cerro Blanco,Lavalleja | ? km | REJECT License not accepted
  candidate xeno-canto:XC764680 | William Whitehead | Hiss | https://creativecommons.org/licenses/by-nc-nd/4.0/ | Sandy Hook, Monmouth Co., NJ | 3359.409 km | REJECT License not accepted
  candidate xeno-canto:XC16325 | Charlie Vogt | call | https://creativecommons.org/licenses/by-nc-nd/2.5/ | Rio Palenque, Patricia Pilar, Pichincha | 3104.649 km | REJECT License not accepted
  ... 15 further candidates (full list in the import report after downloading).

Catharus aurantiirostris: 940 candidates, 710 reusable/eligible, 3 selected
  SELECT xeno-canto:XC252946 | Manuel Grosselet | song | CC BY-NC-SA 4.0 | Mex DF entrance Desierto de los Leones | 4.266 km | geographic tier 0; quality C; type song; reusable license; diversity within tier | https://xeno-canto.org/252946
  SELECT inaturalist:1909567 | Nathan Zárate | type unknown | CC BY-NC 4.0 | Tlacoyaque, 01859 Ciudad de México, CDMX, México | 3.283 km | geographic tier 0; quality not rated; type not supplied; reusable license; diversity within tier | https://www.inaturalist.org/observations/356161855
  SELECT xeno-canto:XC324429 | Manuel Grosselet | song, pigs and dogs | CC BY-NC-SA 4.0 | La grande Palapa Milpa Alta (near  Ciudad de México), Ciudad de México | 37.137 km | geographic tier 2; quality A; type song, pigs and dogs; reusable license; diversity within tier | https://xeno-canto.org/324429
  candidate xeno-canto:XC927239 | Hanji Eduardo Alegria Ovando | uncertain | CC BY-NC-SA 4.0 | Gustavo A. Madero (near  Mexico City), Mexico City | 29.223 km
  candidate xeno-canto:XC424579 | Manuel Grosselet | song | CC BY-NC-SA 4.0 | Lomas de Bezares Miguel Hidalgo Mexico city | 5.885 km
  candidate xeno-canto:XC329765 | Esau Toaki Villarreal Olvera  | call, song | CC BY-NC-SA 4.0 | Magdalena Contreras (near  De San Nicolás Totolapan), Ciudad de México | 7.681 km
  candidate xeno-canto:XC1075091 | Joren van Schie | song | CC BY-NC-SA 4.0 | Tlalpan (near  Mexico City), Mexico City | 14.414 km
  candidate inaturalist:503215 | Fabiola Mares | type unknown | no license | 05800 CDMX, México | 6.904 km | REJECT License not accepted
  candidate inaturalist:503277 | Efraín Octavio Aguilar Pérez | type unknown | CC BY-NC 4.0 | Distrito Federal, MX | 7.036 km
  candidate inaturalist:483947 | R.E.Llanos | type unknown | CC BY-NC 4.0 | Distrito Federal, MX | 7.486 km
  candidate inaturalist:1124806 | Marina Belem | type unknown | CC BY-NC 4.0 | Distrito Federal, MX | 7.517 km
  ... 929 further candidates (full list in the import report after downloading).
WARNING: Xeno-canto search truncated at 5 pages (world).

Catharus frantzii: 97 candidates, 55 reusable/eligible, 3 selected
  SELECT inaturalist:2064508 | Miguel Ángel Mota Ayala | type unknown | CC BY-NC 4.0 | Cd. de México, México | 4.78 km | geographic tier 0; quality not rated; type not supplied; reusable license; diversity within tier | https://www.inaturalist.org/observations/379882561
  SELECT inaturalist:2064509 | Miguel Ángel Mota Ayala | type unknown | CC BY-NC 4.0 | Cd. de México, México | 4.78 km | geographic tier 0; quality not rated; type not supplied; reusable license; diversity within tier | https://www.inaturalist.org/observations/379882561
  SELECT xeno-canto:XC977870 | Matthew L. Brady | alarm call | CC BY-NC-SA 4.0 | Omiltemi village hydro project forest, Omiltemi, Chilpancingo de los Bravo, Guerrero | 203.948 km | geographic tier 4; quality A; type alarm call; reusable license; diversity within tier | https://xeno-canto.org/977870
  candidate xeno-canto:XC977871 | Matthew L. Brady | song | CC BY-NC-SA 4.0 | Omiltemi village hydro project forest, Omiltemi, Chilpancingo de los Bravo, Guerrero | 203.948 km
  candidate xeno-canto:XC1169400 | Manuel Grosselet | song | CC BY-NC-SA 4.0 | Tierra Colorada, Santa Catarina Ixtepeji, Oaxaca | 371.877 km
  candidate xeno-canto:XC925969 | Richard E. Webster | call | CC BY-NC-SA 4.0 | San Agustín Loxicha road near El Manzanal, Oaxaca | 464.187 km
  candidate xeno-canto:XC803827 | Jessica Thompson Ambriz | call, song | CC BY-NC-SA 4.0 | Zinacantán, Zinacantán, Chiapas | 754.164 km
  candidate xeno-canto:XC620481 | Charlie Vogt | song | CC BY-NC-SA 4.0 | San Cristobal de las Casas, San Cristóbal de las Casas, Chiapas | 755.23 km
  candidate xeno-canto:XC334707 | Richard E. Webster | call | CC BY-NC-SA 4.0 | Campamento El Triunfo, Chiapas | 799.902 km
  candidate xeno-canto:XC334708 | Richard E. Webster | call | CC BY-NC-SA 4.0 | Campamento El Triunfo, Chiapas | 799.902 km
  candidate xeno-canto:XC58044 | Jon King | call | https://creativecommons.org/licenses/by-nc-nd/2.5/ | Nevado de Colima, Jalisco | ? km | REJECT License not accepted
  ... 86 further candidates (full list in the import report after downloading).
ERROR: catharus-frantzii: EPERM: operation not permitted, rename 'C:\Users\USER\Desktop\Proyectos\bird-songs\aviario\dist\content\catharus-frantzii\ave.json.e116fdba-a471-4c15-8963-6cae35f54c5d.tmp' -> 'C:\Users\USER\Desktop\Proyectos\bird-songs\aviario\dist\content\catharus-frantzii\ave.json'

Catharus guttatus: 1035 candidates, 838 reusable/eligible, 3 selected
  SELECT inaturalist:1154580 | Álvaro San José | type unknown | CC BY-NC 4.0 | Mexico City, Mexico | 2.293 km | geographic tier 0; quality not rated; type not supplied; reusable license; diversity within tier | https://www.inaturalist.org/observations/234182730
  SELECT inaturalist:1187201 | Octavio Pérez-Martínez | type unknown | CC BY-NC-SA 4.0 | Bosques de las Lomas, Ciudad de México, CDMX, México | 4.973 km | geographic tier 0; quality not rated; type not supplied; reusable license; diversity within tier | https://www.inaturalist.org/observations/238347307
  SELECT inaturalist:1877623 | Efraín Octavio Aguilar Pérez | type unknown | CC BY-NC 4.0 | Bosque de Chapultepec I Secc, Ciudad de México, CDMX, México | 12.389 km | geographic tier 2; quality not rated; type not supplied; reusable license; diversity within tier | https://www.inaturalist.org/observations/352356308
  candidate inaturalist:1877624 | Efraín Octavio Aguilar Pérez | type unknown | CC BY-NC 4.0 | Bosque de Chapultepec I Secc, Ciudad de México, CDMX, México | 12.389 km
  candidate inaturalist:1736589 | Magali Vázquez Cárcamo | type unknown | no license | Parque Nacional Cumbres del Ajusco, Cerro Pico del Águila km 21 Col. Héroes de 1910, 14714 Ciudad de México, CDMX, México | 24.942 km | REJECT License not accepted
  candidate xeno-canto:XC72218 | Richard E Webster | song | https://creativecommons.org/licenses/by-nc-nd/2.5/ | Observatorio area, Sierra San Pedro Martir, Baja California | 2077.004 km | REJECT License not accepted
  candidate xeno-canto:XC72220 | Richard E Webster | song | https://creativecommons.org/licenses/by-nc-nd/2.5/ | Observatorio area, Sierra San Pedro Martir, Baja California | 2077.004 km | REJECT License not accepted
  candidate xeno-canto:XC72221 | Richard E Webster | song | https://creativecommons.org/licenses/by-nc-nd/2.5/ | Observatorio area, Sierra San Pedro Martir, Baja California | 2077.004 km | REJECT License not accepted
  candidate xeno-canto:XC72226 | Richard E Webster | call | https://creativecommons.org/licenses/by-nc-nd/2.5/ | Observatorio area, Sierra San Pedro Martir, Baja California | 2077.004 km | REJECT License not accepted
  candidate xeno-canto:XC348959 | Richard E. Webster | song | CC BY-NC-SA 4.0 | Observatorio area, Sierra San Pedro Martir, Baja California | 2077.004 km
  candidate xeno-canto:XC348961 | Richard E. Webster | song | CC BY-NC-SA 4.0 | Observatorio area, Sierra San Pedro Martir, Baja California | 2077.004 km
  ... 1024 further candidates (full list in the import report after downloading).
WARNING: Xeno-canto search truncated at 5 pages (world).
WARNING: iNaturalist search truncated at 5 pages ({}).

Catharus occidentalis: 84 candidates, 55 reusable/eligible, 3 selected
  SELECT xeno-canto:XC252818 | Manuel Grosselet | song | CC BY-NC-SA 4.0 | Mex DF entrance Desierto de los Leones | 4.266 km | geographic tier 0; quality A; type song; reusable license; diversity within tier | https://xeno-canto.org/252818
  SELECT xeno-canto:XC329093 | Manuel Grosselet | call | CC BY-NC-SA 4.0 | Mex DF entrance Desierto de los Leones | 4.266 km | geographic tier 0; quality B; type call; reusable license; diversity within tier | https://xeno-canto.org/329093
  SELECT inaturalist:2116333 | Efraín Octavio Aguilar Pérez | type unknown | CC BY-NC 4.0 | Cd. de México, México | 3.052 km | geographic tier 0; quality not rated; type not supplied; reusable license; diversity within tier | https://www.inaturalist.org/observations/390713172
  candidate xeno-canto:XC814551 | Manuel Grosselet | song | CC BY-NC-SA 4.0 | Mex DF entrance Desierto de los Leones | 4.266 km
  candidate xeno-canto:XC814552 | Manuel Grosselet | song | CC BY-NC-SA 4.0 | Mex DF entrance Desierto de los Leones | 4.266 km
  candidate xeno-canto:XC814553 | Manuel Grosselet | song | CC BY-NC-SA 4.0 | Mex DF entrance Desierto de los Leones | 4.266 km
  candidate xeno-canto:XC248104 | Manuel Grosselet | song | CC BY-NC-SA 4.0 | Mex DF entrance Desierto de los Leones | 4.266 km
  candidate xeno-canto:XC814554 | Manuel Grosselet | song | CC BY-NC-SA 4.0 | Mex DF entrance Desierto de los Leones | 4.266 km
  candidate inaturalist:1554895 | Efraín Octavio Aguilar Pérez | type unknown | CC BY-NC 4.0 | Cd. de México, México | 4.032 km
  candidate inaturalist:1909708 | Nathan Zárate | type unknown | CC BY-NC 4.0 | 01864 CDMX, México | 4.206 km
  candidate inaturalist:1562036 | Efraín Octavio Aguilar Pérez | type unknown | CC BY-NC 4.0 | Cd. de México, México | 4.338 km
  ... 73 further candidates (full list in the import report after downloading).

Catharus ustulatus: 1035 candidates, 875 reusable/eligible, 3 selected
  SELECT xeno-canto:XC501029 | Richard E. Webster | call, song | CC BY-NC-SA 4.0 | Tecuitata (pueblo), Nayarit, | 655.329 km | geographic tier 4; quality A; type call, song; reusable license; diversity within tier | https://xeno-canto.org/501029
  SELECT xeno-canto:XC335001 | Richard E. Webster | call | CC BY-NC-SA 4.0 | Paval, Chiapas | 800.064 km | geographic tier 4; quality A; type call; reusable license; diversity within tier | https://xeno-canto.org/335001
  SELECT xeno-canto:XC312896 | Manuel Grosselet | flight call | CC BY-NC-SA 4.0 | Minatitlan, refineria de SAnta Alejandrina, Veracruz | 519.049 km | geographic tier 4; quality C; type flight call; reusable license; diversity within tier | https://xeno-canto.org/312896
  candidate xeno-canto:XC500983 | Richard E. Webster | call | CC BY-NC-SA 4.0 | Reserva de la Chara Pinta (Tufted Jay Preserve), Sinaloa | 828.33 km
  candidate xeno-canto:XC615827 | Manuel Grosselet | call | CC BY-NC-SA 4.0 | Аројо Секо, Xico, Veracruz | 235.397 km
  candidate xeno-canto:XC134606 | Dan Lane | call | CC BY-NC-SA 3.0 | Laguna La Maria, Colima | 464.383 km
  candidate xeno-canto:XC500981 | Richard E. Webster | call | CC BY-NC-SA 4.0 | Reserva Ecológica Sierra de San Juan--La Noria, Nayarit | 640.634 km
  candidate xeno-canto:XC335002 | Richard E. Webster | call | CC BY-NC-SA 4.0 | Canada Honda, near El Triunfo, Chiapas | 801.993 km
  candidate xeno-canto:XC220622 | Peter Boesman | song | https://creativecommons.org/licenses/by-nc-nd/4.0/ | Bonampak, Chiapas | 915.579 km | REJECT License not accepted
  candidate xeno-canto:XC220623 | Peter Boesman | call | https://creativecommons.org/licenses/by-nc-nd/4.0/ | Bonampak, Chiapas | 915.579 km | REJECT License not accepted
  candidate xeno-canto:XC220624 | Peter Boesman | call | https://creativecommons.org/licenses/by-nc-nd/4.0/ | Bonampak, Chiapas | 915.579 km | REJECT License not accepted
  ... 1024 further candidates (full list in the import report after downloading).
WARNING: Xeno-canto search truncated at 5 pages (world).
WARNING: iNaturalist search truncated at 5 pages ({}).

Catherpes mexicanus: 963 candidates, 680 reusable/eligible, 3 selected
  SELECT xeno-canto:XC630969 | Manuel Grosselet | song | CC BY-NC-SA 4.0 | MX Distrito federal la Loma baja | 4.242 km | geographic tier 0; quality B; type song; reusable license; diversity within tier | https://xeno-canto.org/630969
  SELECT inaturalist:1909322 | Nathan Zárate | type unknown | CC BY-NC 4.0 | Escaleras, San Bartolo Ameyalco, 01800 Ciudad de México, CDMX, México | 3.215 km | geographic tier 0; quality not rated; type not supplied; reusable license; diversity within tier | https://www.inaturalist.org/observations/356131822
  SELECT xeno-canto:XC608508 | Isain Contreras Rodríguez | call | CC BY-NC-SA 4.0 | Xochimilco (near  Ciudad de México), Ciudad de México | 29.068 km | geographic tier 2; quality B; type call; reusable license; diversity within tier | https://xeno-canto.org/608508
  candidate inaturalist:175484 | Manuel Grosselet | type unknown | no license | Santa Fe, Zedec Sta Fé, Ciudad de México, CDMX, Mexique | 3.858 km | REJECT License not accepted
  candidate xeno-canto:XC530766 | Isain Contreras Rodríguez | song | CC BY-NC-SA 4.0 | Xochimilco (near  Ciudad de México), Ciudad de México | 29.007 km
  candidate xeno-canto:XC608506 | Isain Contreras Rodríguez | song | CC BY-NC-SA 4.0 | Xochimilco (near  Ciudad de México), Ciudad de México | 29.068 km
  candidate xeno-canto:XC608507 | Isain Contreras Rodríguez | song | CC BY-NC-SA 4.0 | Xochimilco (near  Ciudad de México), Ciudad de México | 29.068 km
  candidate xeno-canto:XC608509 | Isain Contreras Rodríguez | call | CC BY-NC-SA 4.0 | Xochimilco (near  Ciudad de México), Ciudad de México | 29.068 km
  candidate xeno-canto:XC645559 | Isain Contreras Rodríguez | song | CC BY-NC-SA 4.0 | Xochimilco (near  Ciudad de México), Ciudad de México | 29.068 km
  candidate xeno-canto:XC645561 | Isain Contreras Rodríguez | song | CC BY-NC-SA 4.0 | Xochimilco (near  Ciudad de México), Ciudad de México | 29.068 km
  candidate inaturalist:1121071 | Octavio Pérez-Martínez | type unknown | CC BY-NC-SA 4.0 | San Clemente Nte, Ciudad de México, CDMX, México | 6.114 km
  ... 952 further candidates (full list in the import report after downloading).
WARNING: iNaturalist search truncated at 5 pages ({}).

Certhia americana: 1002 candidates, 785 reusable/eligible, 3 selected
  SELECT xeno-canto:XC248099 | Manuel Grosselet | call | CC BY-NC-SA 4.0 | Mex DF entrance Desierto de los Leones | 4.266 km | geographic tier 0; quality A; type call; reusable license; diversity within tier | https://xeno-canto.org/248099
  SELECT xeno-canto:XC814563 | Manuel Grosselet | song | CC BY-NC-SA 4.0 | Mex DF entrance Desierto de los Leones | 4.266 km | geographic tier 0; quality A; type song; reusable license; diversity within tier | https://xeno-canto.org/814563
  SELECT inaturalist:1909793 | Nathan Zárate | type unknown | CC BY-NC 4.0 | Distrito Federal, MX | 4.728 km | geographic tier 0; quality not rated; type not supplied; reusable license; diversity within tier | https://www.inaturalist.org/observations/356187363
  candidate xeno-canto:XC291499 | Manuel Grosselet | song | CC BY-NC-SA 4.0 | Mex DF entrance Desierto de los Leones | 4.266 km
  candidate inaturalist:1754091 | Magali Vázquez Cárcamo | type unknown | no license | Parque Nacional Cumbres del Ajusco, Cerro Pico del Águila km 21 Col. Héroes de 1910, 14714 Ciudad de México, CDMX, México | 25.33 km | REJECT License not accepted
  candidate xeno-canto:XC977894 | Matthew L. Brady | call, song | CC BY-NC-SA 4.0 | Omiltemi village hydro project forest, Omiltemi, Chilpancingo de los Bravo, Guerrero | 203.948 km
  candidate xeno-canto:XC977895 | Matthew L. Brady | song | CC BY-NC-SA 4.0 | Omiltemi village hydro project forest, Omiltemi, Chilpancingo de los Bravo, Guerrero | 203.948 km
  candidate xeno-canto:XC978333 | Matthew L. Brady | call | CC BY-NC-SA 4.0 | Selectively logged pine-oak forests 2-3 Km W Omiltemi, Chilpancingo de los Bravo, Guerrero | 204.355 km
  candidate xeno-canto:XC212539 | Dan Lane | song | CC BY-NC-SA 4.0 | Jilguero above Teotitlan del Valle, Oaxaca | 386.189 km
  candidate xeno-canto:XC220793 | Peter Boesman | song | https://creativecommons.org/licenses/by-nc-nd/4.0/ | Ocosingo road, Chiapas | 770.972 km | REJECT License not accepted
  candidate xeno-canto:XC259472 | Frank Lambert | song | https://creativecommons.org/licenses/by-nc-nd/4.0/ | Nr Rancho Nuevo, southeast of San Cristóbal de las Casas, Chiapas | 773.845 km | REJECT License not accepted
  ... 991 further candidates (full list in the import report after downloading).
WARNING: iNaturalist search truncated at 5 pages ({}).

Charadrius vociferus: 1065 candidates, 777 reusable/eligible, 3 selected
  SELECT xeno-canto:XC323533 | Manuel Grosselet | alarm call | CC BY-NC-SA 4.0 | PArque bicentenario Ciudad de Mexico | 15.432 km | geographic tier 2; quality A; type alarm call; reusable license; diversity within tier | https://xeno-canto.org/323533
  SELECT xeno-canto:XC578126 | Isain Contreras Rodríguez | call, flight call | CC BY-NC-SA 4.0 | Mexico City, Federal District, laguna de San Gregorio Atpulco | 25.24 km | geographic tier 2; quality B; type call, flight call; reusable license; diversity within tier | https://xeno-canto.org/578126
  SELECT xeno-canto:XC607840 | Isain Contreras Rodríguez | call | CC BY-NC-SA 4.0 | Mexico City, Federal District, laguna de San Gregorio Atpulco | 25.24 km | geographic tier 2; quality B; type call; reusable license; diversity within tier | https://xeno-canto.org/607840
  candidate xeno-canto:XC631970 | Manuel Grosselet | alarm call | CC BY-NC-SA 4.0 | Iztapalapa (near  Ciudad de México), Ciudad de México | 24.729 km
  candidate xeno-canto:XC631971 | Manuel Grosselet | alarm call | CC BY-NC-SA 4.0 | Iztapalapa (near  Ciudad de México), Ciudad de México | 24.729 km
  candidate xeno-canto:XC323534 | Manuel Grosselet | alarm call, airplane | CC BY-NC-SA 4.0 | PArque bicentenario Ciudad de Mexico | 15.432 km
  candidate xeno-canto:XC583610 | Isain Contreras Rodríguez | call | CC BY-NC-SA 4.0 | Tláhuac, Mexico City | 32.267 km
  candidate xeno-canto:XC593015 | Isain Contreras Rodríguez | alarm call, call | CC BY-NC-SA 4.0 | Tláhuac, Mexico City | 32.267 km
  candidate xeno-canto:XC588100 | Isain Contreras Rodríguez | flight call | CC BY-NC-SA 4.0 | Tláhuac, Mexico City | 32.267 km
  candidate xeno-canto:XC588101 | Isain Contreras Rodríguez | alarm call, flight call | CC BY-NC-SA 4.0 | Tláhuac, Mexico City | 32.267 km
  candidate inaturalist:1307558 | Octavio Pérez-Martínez | type unknown | CC BY-NC-SA 4.0 | Tarango II, 2do Parque las Águilas, 01620 Ciudad de México, CDMX, México | 7.285 km
  ... 1054 further candidates (full list in the import report after downloading).
WARNING: iNaturalist search truncated at 5 pages ({}).

Chlorophonia elegantissima: 151 candidates, 100 reusable/eligible, 3 selected
  SELECT xeno-canto:XC289836 | Manuel Grosselet | call | CC BY-NC-SA 4.0 | Mex DF entrance Desierto de los Leones | 4.266 km | geographic tier 0; quality C; type call; reusable license; diversity within tier | https://xeno-canto.org/289836
  SELECT xeno-canto:XC779501 | Manuel Grosselet | call, song | CC BY-NC-SA 4.0 | Magdalena Contreras (near  Ciudad de México), Ciudad de México | 6.898 km | geographic tier 2; quality A; type call, song; reusable license; diversity within tier | https://xeno-canto.org/779501
  SELECT inaturalist:1519018 | Nao | type unknown | CC BY-NC 4.0 | EL MIRADOR, Bosque de, Parque Nacional Bosque del Pedregal, Tlalpan, 14219 Ciudad de México, CDMX, México | 10.954 km | geographic tier 2; quality not rated; type not supplied; reusable license; diversity within tier | https://www.inaturalist.org/observations/288862611
  candidate xeno-canto:XC702565 | Isain Contreras Rodríguez | song | CC BY-NC-SA 4.0 | Parque las maravillas, Ciudad de México | 24.103 km
  candidate xeno-canto:XC778879 | Manuel Grosselet | call, song | CC BY-NC-SA 4.0 | Magdalena Contreras (near  Ciudad de México), Ciudad de México | 6.898 km
  candidate xeno-canto:XC599592 | Isain Contreras Rodríguez | call | CC BY-NC-SA 4.0 | Tlalpan (near  Ciudad de México), Ciudad de México | 11.26 km
  candidate xeno-canto:XC96763 | manuel Grosselet | call | https://creativecommons.org/licenses/by-nc-nd/2.5/ | Mexico, Distrito Federal, LA Cima | 22.478 km | REJECT License not accepted
  candidate xeno-canto:XC165657 | Manuel Grosselet | call | CC BY-NC-SA 3.0 | Mexico, Distrito Federal, LA Cima | 22.478 km
  candidate xeno-canto:XC587122 | Isain Contreras Rodríguez | call | CC BY-NC-SA 4.0 | Parque las maravillas, Ciudad de México | 24.103 km
  candidate xeno-canto:XC305573 | James Bradley | song | CC BY-NC-SA 4.0 | La Cima, Distrito Federal | 28.297 km
  candidate xeno-canto:XC581582 | Isain Contreras Rodríguez | call | CC BY-NC-SA 4.0 | Milpa Alta (near  Ciudad de México), Ciudad de México | 37.071 km
  ... 140 further candidates (full list in the import report after downloading).

Chondrohierax uncinatus: 49 candidates, 33 reusable/eligible, 3 selected
  SELECT inaturalist:182465 | Alan Soberanis | type unknown | CC BY-NC 4.0 | Acanceh, Yuc., México | 1038.922 km | geographic tier 4; quality not rated; type not supplied; reusable license; diversity within tier | https://www.inaturalist.org/observations/73034132
  SELECT xeno-canto:XC694781 | Bobby Wilcox | call | CC BY-NC-SA 4.0 | Colibri Trail, Rio Ayampe Reserve, Manabí Province | 3089.301 km | geographic tier 5; quality A; type call; reusable license; diversity within tier | https://xeno-canto.org/694781
  SELECT xeno-canto:XC769603 | JAYRSON ARAUJO DE OLIVEIRA | song | CC BY-NC-SA 4.0 | Foz do rio Sucupira, Porto Franco, Maranhão | 6357.785 km | geographic tier 5; quality A; type song; reusable license; diversity within tier | https://xeno-canto.org/769603
  candidate xeno-canto:XC1012062 | Manuel Sánchez-Nivicela | song, contact songs by a n adult or a juvenile or immature, perhaps. | https://creativecommons.org/licenses/by-nc-nd/4.0/ | Sendero Frutti Tour & Birdwatching, Pedro Vicente Maldonado, Pichincha | 3074.666 km | REJECT License not accepted
  candidate xeno-canto:XC820945 | rudy gelis | call | CC BY-NC-SA 4.0 | Pichincha: Mindo 1275 m | 3107.876 km
  candidate xeno-canto:XC922813 | Arcadio Marin  | call | CC BY-NC-SA 4.0 | Anapoima, Cundinamarca | 3149.579 km
  candidate xeno-canto:XC238136 | Niels Krabbe | call | CC BY-NC-SA 3.0 | Guayas: Cerro Blanco | 3184.544 km
  candidate xeno-canto:XC257345 | John V. Moore | call | CC BY-NC-SA 4.0 | Orellana: 'Yuturi Lodge', s-bank Río Napo | 3365.053 km
  candidate xeno-canto:XC883593 | Leonardo Ordóñez-Delgado | call | https://creativecommons.org/licenses/by-nc-nd/4.0/ | Reserva Ecológica El Ahuaca. Cariamanga, Loja | 3402.855 km | REJECT License not accepted
  candidate xeno-canto:XC5740 | Gilmar Farias | song | https://creativecommons.org/licenses/by-nc-nd/2.5/ | Crateús, state of Ceará | 6967.086 km | REJECT License not accepted
  candidate xeno-canto:XC912043 | rudy gelis | begging call | CC BY-NC-SA 4.0 | Pichincha: Mindo 1275 m | 3107.876 km
  ... 38 further candidates (full list in the import report after downloading).

Chordeiles acutipennis: 161 candidates, 111 reusable/eligible, 3 selected
  SELECT xeno-canto:XC551096 | Isain Contreras Rodríguez | call | CC BY-NC-SA 4.0 | Paredones, Ahome, Sinaloa | 1219.525 km | geographic tier 4; quality A; type call; reusable license; diversity within tier | https://xeno-canto.org/551096
  SELECT xeno-canto:XC488438 | Manuel Grosselet | flight call, song | CC BY-NC-SA 4.0 | Privanzas Los Mochis Ahome, Sinaloa | 1225.922 km | geographic tier 4; quality A; type flight call, song; reusable license; diversity within tier | https://xeno-canto.org/488438
  SELECT xeno-canto:XC498164 | Isain Contreras Rodríguez | alarm call | CC BY-NC-SA 4.0 | Topolobampo, Ahome, Sinaloa | 1220.208 km | geographic tier 4; quality B; type alarm call; reusable license; diversity within tier | https://xeno-canto.org/498164
  candidate xeno-canto:XC488439 | Manuel Grosselet | flight call, song | CC BY-NC-SA 4.0 | Privanzas Los Mochis Ahome, Sinaloa | 1225.922 km
  candidate xeno-canto:XC33305 | Manuel Grosselet | song | https://creativecommons.org/licenses/by-nc-nd/2.5/ | Minatitlan, refineria de Santa Alejandrina, Veracruz | 519.045 km | REJECT License not accepted
  candidate xeno-canto:XC1100125 | Manuel Grosselet | song | CC BY-NC-SA 4.0 | La Crucecita, Santa María Huatulco, Oaxaca | 521.676 km
  candidate xeno-canto:XC572039 | Manuel Grosselet | song | CC BY-NC-SA 4.0 | Privanzas Los Mochis Ahome, Sinaloa | 1225.922 km
  candidate xeno-canto:XC661898 | Richard E. Webster | call, interaction calls | CC BY-NC-SA 4.0 | Zona de Restauración Laguna Grande, Baja California | 2128.842 km
  candidate xeno-canto:XC714982 | PolarStride | nocturnal flight call | CC BY-NC-SA 4.0 | Vista Alegre Norte Park (near  Mérida), Mérida Municipality, Yucatán | 1029.8 km
  candidate xeno-canto:XC221060 | Peter Boesman | song | https://creativecommons.org/licenses/by-nc-nd/4.0/ | Bonampak, Chiapas | 915.579 km | REJECT License not accepted
  candidate xeno-canto:XC499283 | Richard E. Webster | song | CC BY-NC-SA 4.0 | Los Hornos, Cajeme, Sonora | 1425.917 km | REJECT Low source quality
  ... 150 further candidates (full list in the import report after downloading).

Chroicocephalus maculipennis: 56 candidates, 29 reusable/eligible, 3 selected
  SELECT xeno-canto:XC824602 | Cristian Pinto Fernandez | flight call | CC BY-NC-SA 4.0 | Laguna Batuco, Región Metropolitana | 6578.532 km | geographic tier 5; quality A; type flight call; reusable license; diversity within tier | https://xeno-canto.org/824602
  SELECT xeno-canto:XC47113 | Niels Krabbe | call | CC BY-NC-SA 3.0 | Santa Cruz: near El Calafate | 8189.338 km | geographic tier 5; quality A; type call; reusable license; diversity within tier | https://xeno-canto.org/47113
  SELECT xeno-canto:XC620391 | Meena Haribal | alarm call, call | CC BY-NC-SA 4.0 | Ushuaia port, Ushuaia, Tierra del Fuego | 8755.089 km | geographic tier 5; quality A; type alarm call, call; reusable license; diversity within tier | https://xeno-canto.org/620391
  candidate xeno-canto:XC824603 | Cristian Pinto Fernandez | flight call | CC BY-NC-SA 4.0 | Laguna Batuco, Región Metropolitana | 6578.532 km
  candidate xeno-canto:XC825054 | Bernard BOUSQUET | flight call | CC BY-NC-SA 4.0 | Villa Carlos Paz, Punilla, Córdoba | 6755.118 km
  candidate xeno-canto:XC449867 | Peter Boesman | call | https://creativecommons.org/licenses/by-nc-nd/4.0/ | Quetalmahue, Chiloé, X Región | 7287.079 km | REJECT License not accepted
  candidate xeno-canto:XC449868 | Peter Boesman | call | https://creativecommons.org/licenses/by-nc-nd/4.0/ | Quetalmahue, Chiloé, X Región | 7287.079 km | REJECT License not accepted
  candidate xeno-canto:XC534306 | Dante Buzzetti | flight call | CC BY-NC-SA 4.0 | Puerto Montt city, Llanquihue, Los Lagos | 7290.513 km
  candidate xeno-canto:XC44339 | Andrew Spencer | call | https://creativecommons.org/licenses/by-nc-nd/2.5/ | Estero Caulin, Chiloe Island, X Region | 7296.818 km | REJECT License not accepted
  candidate xeno-canto:XC44340 | Andrew Spencer | call | https://creativecommons.org/licenses/by-nc-nd/2.5/ | Estero Caulin, Chiloe Island, X Region | 7296.818 km | REJECT License not accepted
  candidate xeno-canto:XC44341 | Andrew Spencer | call | https://creativecommons.org/licenses/by-nc-nd/2.5/ | Estero Caulin, Chiloe Island, X Region | 7296.818 km | REJECT License not accepted
  ... 45 further candidates (full list in the import report after downloading).
ERROR: chroicocephalus-maculipennis: Audio exceeds 40 MiB

Colibri thalassinus: 227 candidates, 174 reusable/eligible, 3 selected
  SELECT inaturalist:1635389 | Octavio Pérez-Martínez | type unknown | CC BY-NC-SA 4.0 | Distrito Federal, MX | 4.542 km | geographic tier 0; quality not rated; type not supplied; reusable license; diversity within tier | https://www.inaturalist.org/observations/313667400
  SELECT xeno-canto:XC519637 | Isain Contreras Rodríguez | call | CC BY-NC-SA 4.0 | Parque las maravillas, Ciudad de México | 24.103 km | geographic tier 2; quality A; type call; reusable license; diversity within tier | https://xeno-canto.org/519637
  SELECT xeno-canto:XC702567 | Isain Contreras Rodríguez | song | CC BY-NC-SA 4.0 | Parque las maravillas, Ciudad de México | 24.103 km | geographic tier 2; quality A; type song; reusable license; diversity within tier | https://xeno-canto.org/702567
  candidate inaturalist:1745429 | Alejandro Calzada Arciniega | type unknown | CC BY-NC 4.0 | 01864 CDMX, México | 7.108 km
  candidate inaturalist:1233497 | Efraín Octavio Aguilar Pérez | type unknown | CC BY-NC 4.0 | San Andrés Totoltepec, Ciudad de México, CDMX, México | 13.209 km
  candidate inaturalist:1233498 | Efraín Octavio Aguilar Pérez | type unknown | CC BY-NC 4.0 | San Andrés Totoltepec, Ciudad de México, CDMX, México | 13.209 km
  candidate inaturalist:547451 | R.E.Llanos | type unknown | CC BY-NC 4.0 | Distrito Federal, MX | 13.289 km
  candidate inaturalist:1263458 | Efraín Octavio Aguilar Pérez | type unknown | CC BY-NC 4.0 | San Andrés Totoltepec, Ciudad de México, CDMX, México | 13.336 km
  candidate inaturalist:1263482 | Efraín Octavio Aguilar Pérez | type unknown | CC BY-NC 4.0 | San Andrés Totoltepec, Ciudad de México, CDMX, México | 13.687 km
  candidate inaturalist:1263483 | Efraín Octavio Aguilar Pérez | type unknown | CC BY-NC 4.0 | San Andrés Totoltepec, Ciudad de México, CDMX, México | 13.687 km
  candidate inaturalist:1263484 | Efraín Octavio Aguilar Pérez | type unknown | CC BY-NC 4.0 | San Andrés Totoltepec, Ciudad de México, CDMX, México | 13.687 km
  ... 216 further candidates (full list in the import report after downloading).

Columba livia: 438 candidates, 357 reusable/eligible, 3 selected
  SELECT xeno-canto:XC1136179 | Manuel Grosselet | song | CC BY-NC-SA 4.0 | Benito Juarez (near  Ciudad de México), Ciudad de México | 13.933 km | geographic tier 2; quality B; type song; reusable license; diversity within tier | https://xeno-canto.org/1136179
  SELECT xeno-canto:XC1136180 | Manuel Grosselet | song | CC BY-NC-SA 4.0 | Benito Juarez (near  Ciudad de México), Ciudad de México | 13.933 km | geographic tier 2; quality B; type song; reusable license; diversity within tier | https://xeno-canto.org/1136180
  SELECT inaturalist:2144523 | Uziel | type unknown | CC BY-NC 4.0 | Universidad del Valle de México | 2178.05 km | geographic tier 3; quality not rated; type not supplied; reusable license; diversity within tier | https://www.inaturalist.org/observations/396455939
  candidate xeno-canto:XC504295 | Richard E. Webster | call | CC BY-NC-SA 4.0 | Tesia, Rio Mayo, Sonora | 1348.669 km
  candidate xeno-canto:XC615049 | Manuel Grosselet | song | CC BY-NC-SA 4.0 | Ventanilla, Mazunte, Santa María Tonameca, Oaxaca | 500.258 km
  candidate xeno-canto:XC181094 | Elvis Herrera Rodríguez | begging call | CC BY-NC-SA 4.0 | Universidad Michoacana university campus, Morelia | 205.042 km
  candidate xeno-canto:XC361753 | Oscar Marin | song | CC BY-NC-SA 4.0 | Xalapa Enríquez, Xalapa, Veracruz | ? km | REJECT Low source quality
  candidate inaturalist:686986 | Salvador Sánchez | type unknown | CC BY-NC 4.0 | Manzana 042, Ecatepec 2000, 55018 Ecatepec de Morelos, Méx., México | 36.436 km
  candidate inaturalist:686983 | Salvador Sánchez | type unknown | CC BY-NC 4.0 | Manzana 022, San Cristóbal Centro, 55000 Ecatepec de Morelos, Méx., México | 36.866 km
  candidate inaturalist:1120740 | Alvaro Rivera Rojas (brújula de aves) | type unknown | no license | Blvd. Hidalgo NO. 51 LOC 1, Centro, San Juan del Río, Qro., México | 136.97 km | REJECT License not accepted
  candidate inaturalist:449047 | Alvaro Rivera Rojas (brújula de aves) | type unknown | no license | Carretas, 76050 Santiago de Querétaro, Qro., México | 179.072 km | REJECT License not accepted
  ... 427 further candidates (full list in the import report after downloading).
WARNING: iNaturalist search truncated at 5 pages ({}).

Columbina inca: 684 candidates, 489 reusable/eligible, 3 selected
  SELECT xeno-canto:XC398616 | Manuel Grosselet | song | CC BY-NC-SA 4.0 | Lomas de Bezares Miguel Hidalgo Mexico city | 5.885 km | geographic tier 2; quality B; type song; reusable license; diversity within tier | https://xeno-canto.org/398616
  SELECT xeno-canto:XC306939 | Manuel Grosselet | call | CC BY-NC-SA 4.0 | Mx, Distrito Federal, Lomas de Bezares, Calle Colina | 6.177 km | geographic tier 2; quality B; type call; reusable license; diversity within tier | https://xeno-canto.org/306939
  SELECT inaturalist:1772973 | Alicia Isabel Hernandez Morales | type unknown | CC BY-NC 4.0 | Distrito Federal, MX | 5.648 km | geographic tier 2; quality not rated; type not supplied; reusable license; diversity within tier | https://www.inaturalist.org/observations/339439471
  candidate xeno-canto:XC418785 | Manuel Grosselet | song | CC BY-NC-SA 4.0 | Lomas de Bezares Miguel Hidalgo Mexico city | 5.885 km
  candidate xeno-canto:XC608412 | Manuel Grosselet | song | CC BY-NC-SA 4.0 | Lomas de Bezares Miguel Hidalgo Mexico city | 5.885 km
  candidate xeno-canto:XC306940 | Manuel Grosselet | song | CC BY-NC-SA 4.0 | Mx, Distrito Federal, Lomas de Bezares, Calle Colina | 6.177 km
  candidate xeno-canto:XC448293 | Manuel Grosselet | song | CC BY-NC-SA 4.0 | Mx, Distrito Federal, Lomas de Bezares, Calle Colina | 6.177 km
  candidate xeno-canto:XC462200 | Manuel Grosselet | song | CC BY-NC-SA 4.0 | Mx, Distrito Federal, Lomas de Bezares, Calle Colina | 6.177 km
  candidate xeno-canto:XC323532 | Manuel Grosselet | song | CC BY-NC-SA 4.0 | PArque bicentenario Ciudad de Mexico | 15.432 km
  candidate xeno-canto:XC792656 | Alberto Paz | call | CC BY-NC-SA 4.0 | Xochimilco (near  Mexico City), Mexico City | 20.691 km
  candidate xeno-canto:XC609118 | Isain Contreras Rodríguez | song | CC BY-NC-SA 4.0 | Xochimilco (near  Ciudad de México), Ciudad de México | 29.068 km
  ... 673 further candidates (full list in the import report after downloading).

Contopus cooperi: 799 candidates, 626 reusable/eligible, 3 selected
  SELECT xeno-canto:XC348134 | Richard E. Webster | call, song | CC BY-NC-SA 4.0 | La Corona Arriba, Sierra San Pedro Martir, Baja California | 2078.061 km | geographic tier 4; quality A; type call, song; reusable license; diversity within tier | https://xeno-canto.org/348134
  SELECT xeno-canto:XC348132 | Richard E. Webster | song | CC BY-NC-SA 4.0 | Los Manzanos,  Sierra San Pedro Martir, Baja California | 2084.808 km | geographic tier 4; quality A; type song; reusable license; diversity within tier | https://xeno-canto.org/348132
  SELECT xeno-canto:XC348133 | Richard E. Webster | song | CC BY-NC-SA 4.0 | Los Manzanos,  Sierra San Pedro Martir, Baja California | 2084.808 km | geographic tier 4; quality A; type song; reusable license; diversity within tier | https://xeno-canto.org/348133
  candidate xeno-canto:XC71862 | Richard E Webster | song | https://creativecommons.org/licenses/by-nc-nd/2.5/ | La Corona Arriba, Sierra San Pedro Martir, Baja California | 2078.061 km | REJECT License not accepted
  candidate xeno-canto:XC71865 | Richard E Webster | song | https://creativecommons.org/licenses/by-nc-nd/2.5/ | La Corona Abajo, Sierra San Pedro Martir, Baja California | 2080.094 km | REJECT License not accepted
  candidate xeno-canto:XC71866 | Richard E Webster | call, song | https://creativecommons.org/licenses/by-nc-nd/2.5/ | Observatorio area, Sierra San Pedro Martir, Baja California | 2080.094 km | REJECT License not accepted
  candidate xeno-canto:XC801424 | Héctor Eduardo Cano Herrera | song | CC BY-NC-SA 4.0 | Laguna del Castillo, Xalapa, Ver. | 254.767 km
  candidate xeno-canto:XC71855 | Richard E Webster | call | https://creativecommons.org/licenses/by-nc-nd/2.5/ | La Corona Arriba, Sierra San Pedro Martir, Baja California | 2078.061 km | REJECT License not accepted
  candidate xeno-canto:XC71856 | Richard E Webster | call | https://creativecommons.org/licenses/by-nc-nd/2.5/ | La Corona Arriba, Sierra San Pedro Martir, Baja California | 2078.061 km | REJECT License not accepted
  candidate xeno-canto:XC71857 | Richard E Webster | call | https://creativecommons.org/licenses/by-nc-nd/2.5/ | La Corona Arriba, Sierra San Pedro Martir, Baja California | 2078.061 km | REJECT License not accepted
  candidate xeno-canto:XC71858 | Richard E Webster | call | https://creativecommons.org/licenses/by-nc-nd/2.5/ | La Corona Arriba, Sierra San Pedro Martir, Baja California | 2078.061 km | REJECT License not accepted
  ... 788 further candidates (full list in the import report after downloading).
WARNING: iNaturalist search truncated at 5 pages ({}).

Contopus pertinax: 361 candidates, 259 reusable/eligible, 3 selected
  SELECT xeno-canto:XC341241 | Manuel Grosselet | call | CC BY-NC-SA 4.0 | Mex DF entrance Desierto de los Leones | 4.266 km | geographic tier 0; quality B; type call; reusable license; diversity within tier | https://xeno-canto.org/341241
  SELECT xeno-canto:XC593000 | Isain Contreras Rodríguez | call, song | CC BY-NC-SA 4.0 | Mx, Distrito Federal, Xochimilco | 20.677 km | geographic tier 2; quality B; type call, song; reusable license; diversity within tier | https://xeno-canto.org/593000
  SELECT inaturalist:1598974 | Octavio Pérez-Martínez | type unknown | CC BY-NC-SA 4.0 | Distrito Federal, MX | 5.3 km | geographic tier 2; quality not rated; type not supplied; reusable license; diversity within tier | https://www.inaturalist.org/observations/305065788
  candidate inaturalist:1661017 | Kendra | type unknown | no license | Distrito Federal, MX | 1.876 km | REJECT License not accepted
  candidate xeno-canto:XC683380 | Manuel Grosselet | call | CC BY-NC-SA 4.0 | Coyoacán (near  Ciudad de México), Ciudad de México | 17.265 km
  candidate xeno-canto:XC398614 | Manuel Grosselet | call | CC BY-NC-SA 4.0 | Lomas de Bezares Miguel Hidalgo Mexico city | 5.885 km
  candidate xeno-canto:XC587101 | Isain Contreras Rodríguez | song | CC BY-NC-SA 4.0 | Parque las maravillas, Ciudad de México | 24.103 km
  candidate xeno-canto:XC618038 | Isain Contreras Rodríguez | song | CC BY-NC-SA 4.0 | La grande Palapa Milpa Alta (near  Ciudad de México), Ciudad de México | 37.137 km
  candidate xeno-canto:XC168124 | Alejandro Gama | call | CC BY-NC-SA 3.0 | Reserva ecológica del Pedregal de San Angel, Distrito Federal | 10.333 km
  candidate xeno-canto:XC324913 | Manuel Grosselet | call | CC BY-NC-SA 4.0 | La grande Palapa Milpa Alta (near  Ciudad de México), Ciudad de México | 37.137 km
  candidate inaturalist:1255845 | Efraín Octavio Aguilar Pérez | type unknown | CC BY-NC 4.0 | La Carbonera, Ciudad de México, CDMX, México | 6.609 km
  ... 350 further candidates (full list in the import report after downloading).

Contopus sordidulus: 930 candidates, 772 reusable/eligible, 3 selected
  SELECT inaturalist:998072 | Perla Castañeda | type unknown | CC BY-NC 4.0 | Cerro de la Estrella, Parque Nacional Cerro de la Estrella, 09860 Ciudad de México, CDMX, México | 20.208 km | geographic tier 2; quality not rated; type not supplied; reusable license; diversity within tier | https://www.inaturalist.org/observations/211021532
  SELECT inaturalist:1900849 | Miguel Ángel Mota Ayala | type unknown | CC BY-NC 4.0 | Lomas de la Estancia, Ciudad de México, CDMX, México | 29.15 km | geographic tier 2; quality not rated; type not supplied; reusable license; diversity within tier | https://www.inaturalist.org/observations/355076248
  SELECT xeno-canto:XC754214 | Manuel Grosselet | call | CC BY-NC-SA 4.0 | Sierra Morelos, Toluca, Estado de México | 43.298 km | geographic tier 3; quality B; type call; reusable license; diversity within tier | https://xeno-canto.org/754214
  candidate inaturalist:2176120 | Maryana Rodríguez S. | type unknown | no license | Calle Cucurpe & Av. Fray Servando Teresa de Mier, El Parque, 15960 Ciudad de México, CDMX, México | 18.752 km | REJECT License not accepted
  candidate inaturalist:1124681 | Angelina Martínez | type unknown | no license | San Miguel Teotongo, Ciudad de México, CDMX, México | 30.785 km | REJECT License not accepted
  candidate xeno-canto:XC575706 | Manuel Grosselet | call | CC BY-NC-SA 4.0 | Tacámbaro, Michoacán | 228.54 km
  candidate xeno-canto:XC553402 | Manuel Grosselet | song | CC BY-NC-SA 4.0 | Oaxaca,  San Augustin Etla, terreno de Golf | 358.779 km
  candidate xeno-canto:XC568465 | Manuel Grosselet | call | CC BY-NC-SA 4.0 | Oaxaca,  San Augustin Etla, terreno de Golf | 358.779 km
  candidate xeno-canto:XC542237 | Manuel Grosselet | call | CC BY-NC-SA 4.0 | San agustin Etla, Pequeña colina  | 359.238 km
  candidate xeno-canto:XC649845 | Manuel Grosselet | song | CC BY-NC-SA 4.0 | San Pablo Etla, San Pablo Etla, Oaxaca | 361.011 km
  candidate xeno-canto:XC635929 | Manuel Grosselet | song | CC BY-NC-SA 4.0 | San Pablo Etla, Oaxaca | 363.142 km
  ... 919 further candidates (full list in the import report after downloading).
WARNING: iNaturalist search truncated at 5 pages ({}).

Corthylio calendula: 1057 candidates, 878 reusable/eligible, 3 selected
  SELECT xeno-canto:XC291496 | Manuel Grosselet | call | CC BY-NC-SA 4.0 | Mex DF entrance Desierto de los Leones | 4.266 km | geographic tier 0; quality B; type call; reusable license; diversity within tier | https://xeno-canto.org/291496
  SELECT inaturalist:1712290 | Efraín Octavio Aguilar Pérez | type unknown | CC BY-NC 4.0 | Cd. de México, México | 4.569 km | geographic tier 0; quality not rated; type not supplied; reusable license; diversity within tier | https://www.inaturalist.org/observations/330153168
  SELECT xeno-canto:XC291497 | Manuel Grosselet | call | CC BY-NC-SA 4.0 | Mex DF entrance Desierto de los Leones | 4.266 km | geographic tier 0; quality C; type call; reusable license; diversity within tier | https://xeno-canto.org/291497
  candidate xeno-canto:XC289677 | Manuel Grosselet | alarm call | CC BY-NC-SA 4.0 | Mx, Distrito Federal, Lomas de Bezares, Calle Colina | 6.177 km
  candidate xeno-canto:XC288237 | Manuel Grosselet | call | CC BY-NC-SA 4.0 | Mx, Distrito Federal, Lomas de Bezares, Calle Colina | 6.177 km
  candidate xeno-canto:XC599591 | Isain Contreras Rodríguez | call | CC BY-NC-SA 4.0 | Tlalpan (near  Ciudad de México), Ciudad de México | 11.26 km
  candidate xeno-canto:XC70379 | manuel Grosselet | call | https://creativecommons.org/licenses/by-nc-nd/2.5/ | Mx, Distrito Federal, Xochimilco | 20.677 km | REJECT License not accepted
  candidate inaturalist:1255852 | Efraín Octavio Aguilar Pérez | type unknown | CC BY-NC 4.0 | La Carbonera, Ciudad de México, CDMX, México | 6.593 km
  candidate inaturalist:1715925 | Diego Barrales | type unknown | no license | La Bombilla, Chimalistac, Ciudad de México, CDMX, México | 10.04 km | REJECT License not accepted
  candidate inaturalist:1250930 | Efraín Octavio Aguilar Pérez | type unknown | CC BY-NC 4.0 | Parque Nacional Bosque del Pedregal, Ciudad de México, CDMX, México | 10.531 km
  candidate inaturalist:1729251 | Octavio Pérez-Martínez | type unknown | CC BY-NC-SA 4.0 | Extremadura Insurgentes, 03740 Ciudad de México, CDMX, México | 11.04 km
  ... 1046 further candidates (full list in the import report after downloading).
WARNING: Xeno-canto search truncated at 5 pages (world).
WARNING: iNaturalist search truncated at 5 pages ({}).

Corvus corax: 1187 candidates, 886 reusable/eligible, 3 selected
  SELECT xeno-canto:XC629461 | Manuel Grosselet | flight call | CC BY-NC-SA 4.0 | Santiago Etla, San Pablo Etla, Oaxaca | 360.004 km | geographic tier 4; quality A; type flight call; reusable license; diversity within tier | https://xeno-canto.org/629461
  SELECT xeno-canto:XC466239 | Richard E. Webster | call | CC BY-NC-SA 4.0 | near Buena Vista, Baja California Sur | 1179.326 km | geographic tier 4; quality A; type call; reusable license; diversity within tier | https://xeno-canto.org/466239
  SELECT xeno-canto:XC339885 | Manuel Grosselet | song | CC BY-NC-SA 4.0 | Bahía de los Ángeles, Ensenada, Baja California | 1796.396 km | geographic tier 4; quality B; type song; reusable license; diversity within tier | https://xeno-canto.org/339885
  candidate inaturalist:555287 | Jose ruiz | type unknown | no license | Distrito Federal, MX | 19.295 km | REJECT License not accepted
  candidate inaturalist:547978 | Ernesto P. Montes | type unknown | no license | Tequixquiac, State of Mexico, Mexico | 61.281 km | REJECT License not accepted
  candidate inaturalist:502435 | Matlaltic Ocelomichij | type unknown | no license | 55658 State of Mexico, Mexico | 62.499 km | REJECT License not accepted
  candidate xeno-canto:XC577575 | Manuel Grosselet | flight call | CC BY-NC-SA 4.0 | San Agustín Etla, Oaxaca | 360.114 km
  candidate xeno-canto:XC337908 | Richard E. Webster | call | CC BY-NC-SA 4.0 | Divisadero, Barranca del Cobre, Chihuahua | 1258.99 km
  candidate xeno-canto:XC448076 | Richard E. Webster | call | CC BY-NC-SA 4.0 | Arroyo Mentidero y Rio Cuchujaqui, Sonora | 1293.831 km
  candidate xeno-canto:XC448078 | Richard E. Webster | call | CC BY-NC-SA 4.0 | Minas Nuevas, Álamos, Sonora | 1314.077 km
  candidate xeno-canto:XC677082 | Richard E. Webster | call, duet | CC BY-NC-SA 4.0 | Cerro Cinco Millas, near Madera, Chihuahua | 1430.006 km
  ... 1176 further candidates (full list in the import report after downloading).
WARNING: Xeno-canto search truncated at 5 pages (world).
WARNING: iNaturalist search truncated at 5 pages ({}).

Crotophaga sulcirostris: 406 candidates, 270 reusable/eligible, 3 selected
  SELECT xeno-canto:XC578759 | Manuel Grosselet | song | CC BY-NC-SA 4.0 | Tláhuac (near  Ciudad de México), Ciudad de México | 27.761 km | geographic tier 2; quality A; type song; reusable license; diversity within tier | https://xeno-canto.org/578759
  SELECT xeno-canto:XC578130 | Isain Contreras Rodríguez | call | CC BY-NC-SA 4.0 | Mexico City, Federal District, laguna de San Gregorio Atpulco | 25.24 km | geographic tier 2; quality B; type call; reusable license; diversity within tier | https://xeno-canto.org/578130
  SELECT inaturalist:499694 | alfredo_abs91 | type unknown | CC BY-NC 4.0 | 13467 CDMX, México | 28.193 km | geographic tier 2; quality not rated; type not supplied; reusable license; diversity within tier | https://www.inaturalist.org/observations/126345279
  candidate xeno-canto:XC579152 | Manuel Grosselet | song | CC BY-NC-SA 4.0 | Tláhuac (near  Ciudad de México), Ciudad de México | 27.761 km
  candidate xeno-canto:XC327560 | Manuel Grosselet | song | CC BY-NC-SA 4.0 | Presa de los carros, Chietla, Puebla | 104.803 km
  candidate xeno-canto:XC327580 | Manuel Grosselet | call, song | CC BY-NC-SA 4.0 | Presa de los carros, Chietla, Puebla | 104.803 km
  candidate xeno-canto:XC678375 | Alán Palacios | call | CC BY-NC-SA 4.0 | Rancho Tierra Colorada | 132.666 km
  candidate xeno-canto:XC678376 | Alán Palacios | call, song | CC BY-NC-SA 4.0 | Rancho Tierra Colorada | 132.666 km
  candidate xeno-canto:XC678377 | Alán Palacios | call | CC BY-NC-SA 4.0 | Rancho Tierra Colorada | 132.666 km
  candidate xeno-canto:XC221794 | Peter Boesman | call | https://creativecommons.org/licenses/by-nc-nd/4.0/ | Hotel Talinul grounds, San Luis Potosí | 287.097 km | REJECT License not accepted
  candidate xeno-canto:XC726598 | Manuel Grosselet | call | CC BY-NC-SA 4.0 | Guadalupe Hidalgo, Soledad Etla, Oaxaca | 356.591 km
  ... 395 further candidates (full list in the import report after downloading).

Cyanocitta stelleri: 950 candidates, 746 reusable/eligible, 3 selected
  SELECT xeno-canto:XC252944 | Manuel Grosselet | call | CC BY-NC-SA 4.0 | Mex DF entrance Desierto de los Leones | 4.266 km | geographic tier 0; quality A; type call; reusable license; diversity within tier | https://xeno-canto.org/252944
  SELECT inaturalist:1934026 | Efraín Octavio Aguilar Pérez | type unknown | CC BY-NC 4.0 | Cd. de México, México | 3.547 km | geographic tier 0; quality not rated; type not supplied; reusable license; diversity within tier | https://www.inaturalist.org/observations/359343497
  SELECT xeno-canto:XC329096 | Manuel Grosselet | call | CC BY-NC-SA 4.0 | Mex DF entrance Desierto de los Leones | 4.266 km | geographic tier 0; quality B; type call; reusable license; diversity within tier | https://xeno-canto.org/329096
  candidate xeno-canto:XC329104 | Manuel Grosselet | call | CC BY-NC-SA 4.0 | Mex DF entrance Desierto de los Leones | 4.266 km
  candidate xeno-canto:XC702570 | Isain Contreras Rodríguez | call, imitation, mimicry/imitation | CC BY-NC-SA 4.0 | Milpa Alta (near  Ciudad de México), Ciudad de México | 37.071 km
  candidate xeno-canto:XC165661 | Manuel Grosselet | call | CC BY-NC-SA 3.0 | Mexico, Distrito Federal, LA Cima | 22.478 km
  candidate xeno-canto:XC587110 | Isain Contreras Rodríguez | call | CC BY-NC-SA 4.0 | Parque las maravillas, Ciudad de México | 24.103 km
  candidate xeno-canto:XC587111 | Isain Contreras Rodríguez | call | CC BY-NC-SA 4.0 | Parque las maravillas, Ciudad de México | 24.103 km
  candidate inaturalist:1587845 | Magali Vázquez Cárcamo | type unknown | no license | 14900 CDMX, México | 28.387 km | REJECT License not accepted
  candidate xeno-canto:XC749275 | OctavioOutdoors | uncertain | CC BY-NC-SA 4.0 | Ecatepec de Morelos, Ecatepec, State of Mexico | 33.832 km
  candidate xeno-canto:XC70158 | manuel Grosselet | song | https://creativecommons.org/licenses/by-nc-nd/2.5/ | El Tepozan park | 11.526 km | REJECT License not accepted
  ... 939 further candidates (full list in the import report after downloading).
WARNING: iNaturalist search truncated at 5 pages ({}).

Cyanocorax colliei: 60 candidates, 20 reusable/eligible, 3 selected
  SELECT inaturalist:1686249 | Efraín Octavio Aguilar Pérez | type unknown | CC BY-NC 4.0 | Guadalajara, Jal., México | 442.731 km | geographic tier 4; quality not rated; type not supplied; reusable license; diversity within tier | https://www.inaturalist.org/observations/324902203
  SELECT inaturalist:1355660 | Efraín Octavio Aguilar Pérez | type unknown | CC BY-NC 4.0 | Guadalajara, Jal., México | 443.401 km | geographic tier 4; quality not rated; type not supplied; reusable license; diversity within tier | https://www.inaturalist.org/observations/267841854
  SELECT inaturalist:1296734 | Efraín Octavio Aguilar Pérez | type unknown | CC BY-NC 4.0 | Guadalajara, Jal., México | 444.623 km | geographic tier 4; quality not rated; type not supplied; reusable license; diversity within tier | https://www.inaturalist.org/observations/260165429
  candidate inaturalist:1284659 | Diego Barrales | type unknown | no license | Manzana 032, Jardines de Morelos, 55070 Ecatepec de Morelos, Méx., México | 39.075 km | REJECT License not accepted
  candidate inaturalist:340951 | Alvaro Rivera Rojas (brújula de aves) | type unknown | no license | Ahualulco de Mercado | 512.627 km | REJECT License not accepted
  candidate inaturalist:1261197 | Glenn Perricone | type unknown | CC BY-NC 4.0 | Mascota, MX-JA, MX | 628.236 km
  candidate inaturalist:440835 | dbeadle | type unknown | CC BY-NC 4.0 | Puerto Vallarta, Jalisco, Mexico | 632.734 km
  candidate inaturalist:1838918 | André Ortiz | type unknown | no license | Puerto Vallarta, MX-JA, MX | 637.003 km | REJECT License not accepted
  candidate inaturalist:1640934 | Sebastián Quintero | type unknown | CC BY-NC 4.0 | 63735 Nay., México | 645.527 km
  candidate inaturalist:405835 | Naomi Juliete Moreno Izquierdo | type unknown | no license | 82625 Sin., México | 816.665 km | REJECT License not accepted
  candidate inaturalist:667 | León Simón Sánchez | type unknown | no license | Rancho Los Venados Mazatlán Sinaloa Mexico | 861.328 km | REJECT License not accepted
  ... 49 further candidates (full list in the import report after downloading).

Cyanocorax yncas: 570 candidates, 352 reusable/eligible, 3 selected
  SELECT inaturalist:1230331 | Efraín Octavio Aguilar Pérez | type unknown | CC BY-NC 4.0 | Paseos de Taxqueña, Ciudad de México, CDMX, México | 16.435 km | geographic tier 2; quality not rated; type not supplied; reusable license; diversity within tier | https://www.inaturalist.org/observations/247507271
  SELECT inaturalist:1230332 | Efraín Octavio Aguilar Pérez | type unknown | CC BY-NC 4.0 | Paseos de Taxqueña, Ciudad de México, CDMX, México | 16.435 km | geographic tier 2; quality not rated; type not supplied; reusable license; diversity within tier | https://www.inaturalist.org/observations/247507271
  SELECT inaturalist:738555 | Cristy | type unknown | CC BY-NC 4.0 | Parque Nacional Cerro de la Estrella, Ciudad de México, CDMX, México | 20.037 km | geographic tier 2; quality not rated; type not supplied; reusable license; diversity within tier | https://www.inaturalist.org/observations/167434015
  candidate inaturalist:935544 | Perla Castañeda | type unknown | CC BY-NC 4.0 | Parque Ecológico de Xochimilco, Ciudad de México, CDMX, México | 20.472 km
  candidate inaturalist:1933793 | Efraín Octavio Aguilar Pérez | type unknown | CC BY-NC 4.0 | Parque Ecológico de Xochimilco, Ciudad de México, CDMX, México | 20.88 km
  candidate inaturalist:1933794 | Efraín Octavio Aguilar Pérez | type unknown | CC BY-NC 4.0 | Parque Ecológico de Xochimilco, Ciudad de México, CDMX, México | 20.88 km
  candidate inaturalist:1933798 | Efraín Octavio Aguilar Pérez | type unknown | CC BY-NC 4.0 | Parque Ecológico de Xochimilco, Ciudad de México, CDMX, México | 20.88 km
  candidate inaturalist:1933800 | Efraín Octavio Aguilar Pérez | type unknown | CC BY-NC 4.0 | Parque Ecológico de Xochimilco, Ciudad de México, CDMX, México | 20.88 km
  candidate inaturalist:1933801 | Efraín Octavio Aguilar Pérez | type unknown | CC BY-NC 4.0 | Parque Ecológico de Xochimilco, Ciudad de México, CDMX, México | 20.88 km
  candidate xeno-canto:XC620765 | Isain Contreras Rodríguez | call | CC BY-NC-SA 4.0 | Botanical Garden UNAM | 10.121 km
  candidate xeno-canto:XC645574 | Isain Contreras Rodríguez | call | CC BY-NC-SA 4.0 | Botanical Garden UNAM | 10.121 km
  ... 559 further candidates (full list in the import report after downloading).

Cynanthus latirostris: 192 candidates, 141 reusable/eligible, 3 selected
  SELECT xeno-canto:XC792658 | Alberto Paz | call | CC BY-NC-SA 4.0 | Bosque de Aragón (near  Ciudad de México), Ciudad de México | 25.07 km | geographic tier 2; quality A; type call; reusable license; diversity within tier | https://xeno-canto.org/792658
  SELECT xeno-canto:XC609114 | Isain Contreras Rodríguez | call, flight call, song | CC BY-NC-SA 4.0 | Mx, Distrito Federal, Xochimilco | 20.677 km | geographic tier 2; quality B; type call, flight call, song; reusable license; diversity within tier | https://xeno-canto.org/609114
  SELECT xeno-canto:XC617979 | Isain Contreras Rodríguez | call, flight call | CC BY-NC-SA 4.0 | Xochimilco (near  Ciudad de México), Ciudad de México | 29.068 km | geographic tier 2; quality B; type call, flight call; reusable license; diversity within tier | https://xeno-canto.org/617979
  candidate xeno-canto:XC593012 | Isain Contreras Rodríguez | call | CC BY-NC-SA 4.0 | Tláhuac, Mexico City | 32.267 km
  candidate xeno-canto:XC608505 | Isain Contreras Rodríguez | song | CC BY-NC-SA 4.0 | Xochimilco (near  Ciudad de México), Ciudad de México | 29.068 km
  candidate inaturalist:1918186 | Octavio Pérez-Martínez | type unknown | CC BY-NC-SA 4.0 | Santa Fe, La Loma, Ciudad de México, CDMX, México | 5.057 km
  candidate inaturalist:585440 | Brenda Muñoz Martínez | type unknown | no license | Privada Cerro de Chapultepec, Coyoacán, CDMX, MX | 10.801 km | REJECT License not accepted
  candidate inaturalist:1734389 | Diego Barrales | type unknown | no license | Ciencias, Escandón I Secc, 11800 Ciudad de México, CDMX, México | 12.254 km | REJECT License not accepted
  candidate inaturalist:1263679 | Efraín Octavio Aguilar Pérez | type unknown | CC BY-NC 4.0 | San Andrés Totoltepec, Ciudad de México, CDMX, México | 13.476 km
  candidate xeno-canto:XC612008 | Diego Garciarivas | type unknown | CC BY-NC 4.0 | Toluca de Lerdo, Toluca, Estado de México | 41.313 km
  candidate xeno-canto:XC665649 | Diego Garciarivas | type unknown | CC BY-NC 4.0 | Toluca de Lerdo, Toluca, Estado de México | 43.851 km
  ... 181 further candidates (full list in the import report after downloading).

Dendrortyx macroura: 94 candidates, 61 reusable/eligible, 3 selected
  SELECT xeno-canto:XC747537 | Peter de Rouw | song | CC BY-NC-SA 4.0 | La Cima, DF. Tlalpan (near  Parres), Ciudad de México | 28.289 km | geographic tier 2; quality A; type song; reusable license; diversity within tier | https://xeno-canto.org/747537
  SELECT inaturalist:1711914 | jorgegarciareza | type unknown | CC BY-NC 4.0 | San Miguel Ajusco, Tlalpan, CDMX, MX | 17.758 km | geographic tier 2; quality not rated; type not supplied; reusable license; diversity within tier | https://www.inaturalist.org/observations/330107113
  SELECT xeno-canto:XC332626 | Esau Toaki Villarreal  | song | CC BY-NC-SA 4.0 | Magdalena Contreras (near  Ciudad de México), Distrito Federal | 9.552 km | geographic tier 2; quality B; type song; reusable license; diversity within tier | https://xeno-canto.org/332626
  candidate xeno-canto:XC747536 | Peter de Rouw | song | CC BY-NC-SA 4.0 | La Cima, DF. Tlalpan (near  Parres), Ciudad de México | 28.289 km
  candidate xeno-canto:XC597918 | Isain Contreras Rodríguez | song | CC BY-NC-SA 4.0 | Parque las maravillas, Ciudad de México | 24.103 km
  candidate inaturalist:375316 | Jose ruiz | type unknown | no license | Distrito Federal, MX | 20.072 km | REJECT License not accepted
  candidate inaturalist:569717 | -RodrigoFsc | type unknown | CC BY-NC 4.0 | 14505 CDMX, México | 24.523 km
  candidate inaturalist:569839 | -RodrigoFsc | type unknown | CC BY-NC 4.0 | Distrito Federal, MX | 25.059 km
  candidate inaturalist:2036058 | Magali Vázquez Cárcamo | type unknown | no license | 14900 CDMX, México | 25.208 km | REJECT License not accepted
  candidate inaturalist:346024 | acc-comtopilejo-z3corenadr | type unknown | no license | 14905 CDMX, México | 27.026 km | REJECT License not accepted
  candidate inaturalist:2091923 | Magali Vázquez Cárcamo | type unknown | no license | 14904 CDMX, México | 28.062 km | REJECT License not accepted
  ... 83 further candidates (full list in the import report after downloading).

Diglossa baritula: 72 candidates, 58 reusable/eligible, 3 selected
  SELECT xeno-canto:XC459054 | Manuel Grosselet | song | CC BY-NC-SA 4.0 | Mx, Distrito Federal, Lomas de Bezares, Calle Colina | 6.177 km | geographic tier 2; quality A; type song; reusable license; diversity within tier | https://xeno-canto.org/459054
  SELECT xeno-canto:XC321813 | Manuel Grosselet | begging call, wind | CC BY-NC-SA 4.0 | Mx, Distrito Federal, Lomas de Bezares, Calle Colina | 6.177 km | geographic tier 2; quality B; type begging call, wind; reusable license; diversity within tier | https://xeno-canto.org/321813
  SELECT xeno-canto:XC779119 | Manuel Grosselet | song | CC BY-NC-SA 4.0 | Magdalena Contreras (near  Ciudad de México), Ciudad de México | 6.898 km | geographic tier 2; quality A; type song; reusable license; diversity within tier | https://xeno-canto.org/779119
  candidate inaturalist:1890078 | Kendra | type unknown | no license | Frente a No. 783, Contadero, 05500 Ciudad de México, CDMX, México | 0.909 km | REJECT License not accepted
  candidate xeno-canto:XC539017 | Manuel Grosselet | song | CC BY-NC-SA 4.0 | Lomas de Bezares Miguel Hidalgo Mexico city | 5.885 km
  candidate xeno-canto:XC176626 | Manuel Grosselet | song | CC BY-NC-SA 4.0 | Mx, Distrito Federal, Lomas de Bezares, Calle Colina | 6.177 km
  candidate xeno-canto:XC261404 | Manuel Grosselet | song | CC BY-NC-SA 4.0 | Mx, Distrito Federal, Lomas de Bezares, Calle Colina | 6.177 km
  candidate xeno-canto:XC146068 | Alejandro Gama | song | CC BY-NC-SA 3.0 | Reserva ecológica del Pedregal de San Angel, Distrito Federal | 10.333 km
  candidate xeno-canto:XC921268 | Miguel Mota | song | CC BY-NC-SA 4.0 | Coyoacán (near  Ciudad de México), Ciudad de México | 16.776 km
  candidate inaturalist:2113532 | Efraín Octavio Aguilar Pérez | type unknown | CC BY-NC 4.0 | Bosque de Chapultepec III Secc, Ciudad de México, CDMX, México | 8.819 km
  candidate inaturalist:46195 | Joel Galván | type unknown | CC BY-NC 4.0 | C.U., Ciudad de México, CDMX, México | 9.723 km
  ... 61 further candidates (full list in the import report after downloading).

Dives dives: 544 candidates, 384 reusable/eligible, 3 selected
  SELECT inaturalist:766714 | Miguel Ángel Mota Ayala | type unknown | CC BY-NC 4.0 | Deportivo Huayamilpas, 04300 Ciudad de México, CDMX, México | 14.303 km | geographic tier 2; quality not rated; type not supplied; reusable license; diversity within tier | https://www.inaturalist.org/observations/172464235
  SELECT inaturalist:766715 | Miguel Ángel Mota Ayala | type unknown | CC BY-NC 4.0 | Deportivo Huayamilpas, 04300 Ciudad de México, CDMX, México | 14.303 km | geographic tier 2; quality not rated; type not supplied; reusable license; diversity within tier | https://www.inaturalist.org/observations/172464235
  SELECT xeno-canto:XC329837 | Esau Toaki Villarreal Olvera  | call, song | CC BY-NC-SA 4.0 | Pacho Viejo, Emiliano Zapata, Veracruz | 254.554 km | geographic tier 4; quality A; type call, song; reusable license; diversity within tier | https://xeno-canto.org/329837
  candidate xeno-canto:XC679975 | Alán Palacios | song | CC BY-NC-SA 4.0 | Camino a Miguel Aguilar | 256.292 km
  candidate xeno-canto:XC222452 | Peter Boesman | song | https://creativecommons.org/licenses/by-nc-nd/4.0/ | Hotel Talinul grounds, San Luis Potosí | 287.097 km | REJECT License not accepted
  candidate xeno-canto:XC1093057 | Manuel Grosselet | call, dawn song | CC BY-NC-SA 4.0 | Mancha, Actopan, Veracruz | 304.769 km
  candidate xeno-canto:XC222445 | Peter Boesman | song | https://creativecommons.org/licenses/by-nc-nd/4.0/ | Gomez Farias area, Tamaulipas | 406.024 km | REJECT License not accepted
  candidate xeno-canto:XC222446 | Peter Boesman | call | https://creativecommons.org/licenses/by-nc-nd/4.0/ | Rancho Cielito, Tamaulipas | 424.285 km | REJECT License not accepted
  candidate xeno-canto:XC222447 | Peter Boesman | call | https://creativecommons.org/licenses/by-nc-nd/4.0/ | Rancho Cielito, Tamaulipas | 424.285 km | REJECT License not accepted
  candidate xeno-canto:XC375712 | Amauri Sarmiento Rojas | song | CC BY-NC-SA 4.0 | Benito Juárez, Catemaco, Veracruz | 461.138 km
  candidate xeno-canto:XC378086 | Manuel Grosselet | song | CC BY-NC-SA 4.0 | Mecayapan, Mecayapan, Veracruz | 484.846 km
  ... 533 further candidates (full list in the import report after downloading).

Dryobates scalaris: 505 candidates, 392 reusable/eligible, 3 selected
  SELECT xeno-canto:XC466719 | Manuel Grosselet | call | CC BY-NC-SA 4.0 | Mx, Distrito Federal, Lomas de Bezares, Calle Colina | 6.177 km | geographic tier 2; quality A; type call; reusable license; diversity within tier | https://xeno-canto.org/466719
  SELECT xeno-canto:XC288232 | Manuel Grosselet | call, alarm | CC BY-NC-SA 4.0 | Mx, Distrito Federal, Lomas de Bezares, Calle Colina | 6.177 km | geographic tier 2; quality B; type call, alarm; reusable license; diversity within tier | https://xeno-canto.org/288232
  SELECT xeno-canto:XC448290 | Manuel Grosselet | drumming | CC BY-NC-SA 4.0 | Mx, Distrito Federal, Lomas de Bezares, Calle Colina | 6.177 km | geographic tier 2; quality B; type drumming; reusable license; diversity within tier | https://xeno-canto.org/448290
  candidate xeno-canto:XC618034 | Isain Contreras Rodríguez | call | CC BY-NC-SA 4.0 | Xochimilco (near  Ciudad de México), Ciudad de México | 29.068 km
  candidate xeno-canto:XC779491 | Manuel Grosselet | type unknown | CC BY-NC-SA 4.0 | Magdalena Contreras (near  Ciudad de México), Ciudad de México | 6.898 km
  candidate inaturalist:1562501 | Efraín Octavio Aguilar Pérez | type unknown | CC BY-NC 4.0 | Lomas Altas, 11950 Ciudad de México, CDMX, México | 8.189 km
  candidate inaturalist:1736040 | Efraín Octavio Aguilar Pérez | type unknown | CC BY-NC 4.0 | Bosque de Chapultepec III Secc, Ciudad de México, CDMX, México | 8.399 km
  candidate inaturalist:1628909 | Nao | type unknown | CC BY-NC 4.0 | Bosque de Chapultepec III Secc, Ciudad de México, CDMX, México | 8.614 km
  candidate inaturalist:1562263 | Efraín Octavio Aguilar Pérez | type unknown | CC BY-NC 4.0 | Bosque de Chapultepec III Secc, Ciudad de México, CDMX, México | 9.102 km
  candidate inaturalist:894137 | Miguel Ángel Mota Ayala | type unknown | CC BY-NC 4.0 | C.U., Ciudad de México, CDMX, México | 9.861 km
  candidate inaturalist:39398 | Joel Galván | type unknown | CC BY-NC 4.0 | Copilco el Bajo, Ciudad de México, CDMX, México | 10.227 km
  ... 494 further candidates (full list in the import report after downloading).

Dumetella carolinensis: 1080 candidates, 864 reusable/eligible, 3 selected
  SELECT xeno-canto:XC355749 | Manuel Grosselet | song | CC BY-NC-SA 4.0 | Lomas de Bezares Miguel Hidalgo Mexico city | 5.885 km | geographic tier 2; quality C; type song; reusable license; diversity within tier | https://xeno-canto.org/355749
  SELECT inaturalist:653572 | alberto_paz | type unknown | CC BY-NC 4.0 | calle fco arriaga rancheria los capulines, Tláhuac, 13115 CDMX, México | 28.984 km | geographic tier 2; quality not rated; type not supplied; reusable license; diversity within tier | https://www.inaturalist.org/observations/156226930
  SELECT xeno-canto:XC843606 | Manuel Grosselet | call | CC BY-NC-SA 4.0 | La Nueva Esperanza, San Juan Bautista Valle Nacional, Oaxaca | 359.734 km | geographic tier 4; quality A; type call; reusable license; diversity within tier | https://xeno-canto.org/843606
  candidate xeno-canto:XC65554 | manuel Grosselet | call | https://creativecommons.org/licenses/by-nc-nd/2.5/ | Minatitlan, refineria de SAnta Alejandrina, Veracruz   | 519.045 km | REJECT License not accepted
  candidate xeno-canto:XC872263 | Alán Palacios | call | CC BY-NC-SA 4.0 | Localidad Sendero Manglar al Este de Sisal | 991.492 km
  candidate xeno-canto:XC872265 | Alán Palacios | call | CC BY-NC-SA 4.0 | Localidad Sendero Manglar al Este de Sisal | 991.492 km
  candidate xeno-canto:XC872267 | Alán Palacios | call | CC BY-NC-SA 4.0 | Localidad Sendero Manglar al Este de Sisal | 991.492 km
  candidate xeno-canto:XC474551 | Steve Hampton | call | CC BY-NC-SA 4.0 | Km 18.4, Tulum-Coba Rd, Quintana Roo | 1230.375 km
  candidate xeno-canto:XC446203 | Manuel Grosselet | alarm call | CC BY-NC-SA 4.0 | Chemuyil predio el venado Tulum, Quintana Roo | 1251.729 km
  candidate xeno-canto:XC446204 | Manuel Grosselet | alarm call | CC BY-NC-SA 4.0 | Chemuyil predio el venado Tulum, Quintana Roo | 1251.729 km
  candidate xeno-canto:XC398934 | Gustavo Contreras Cuevas | call | CC BY-NC-SA 4.0 | Xalapa Enríquez, Xalapa, Veracruz | 248.663 km
  ... 1069 further candidates (full list in the import report after downloading).
WARNING: Xeno-canto search truncated at 5 pages (world).
WARNING: iNaturalist search truncated at 5 pages ({}).

Egretta thula: 161 candidates, 125 reusable/eligible, 3 selected
  SELECT xeno-canto:XC457117 | Manuel Grosselet | alarm call, flight call | CC BY-NC-SA 4.0 | Presa del Bosque, Zitácuaro, Michoacán | 117.36 km | geographic tier 4; quality A; type alarm call, flight call; reusable license; diversity within tier | https://xeno-canto.org/457117
  SELECT xeno-canto:XC636492 | Manuel Grosselet | flight call | CC BY-NC-SA 4.0 | San Pablo Etla, San Pablo Etla, Oaxaca | 361.011 km | geographic tier 4; quality A; type flight call; reusable license; diversity within tier | https://xeno-canto.org/636492
  SELECT xeno-canto:XC661724 | Richard E. Webster | call | CC BY-NC-SA 4.0 | Río Hardy below Rancho Mil, Baja California | 2132.86 km | geographic tier 4; quality B; type call; reusable license; diversity within tier | https://xeno-canto.org/661724
  candidate xeno-canto:XC610097 | Manuel Grosselet | flight call | CC BY-NC-SA 4.0 | San Pablo Etla, San Pablo Etla, Oaxaca | 360.905 km
  candidate xeno-canto:XC87072 | manuel Grosselet | call | https://creativecommons.org/licenses/by-nc-nd/2.5/ | Minatitlan, refineria de SAnta Alejandrina, Veracruz   | 519.045 km | REJECT License not accepted
  candidate xeno-canto:XC222664 | Peter Boesman | call | https://creativecommons.org/licenses/by-nc-nd/4.0/ | Puerto Arista, Chiapas | 691.488 km | REJECT License not accepted
  candidate xeno-canto:XC222663 | Peter Boesman | call | https://creativecommons.org/licenses/by-nc-nd/4.0/ | Boca del Cielo, Chiapas | 707.979 km | REJECT License not accepted
  candidate xeno-canto:XC222670 | Peter Boesman | call | https://creativecommons.org/licenses/by-nc-nd/4.0/ | Presa Morelos, Tamaulipas | 351.212 km | REJECT License not accepted
  candidate inaturalist:1747294 | Alvaro Rivera Rojas (brújula de aves) | type unknown | no license | San Juan del Río, Qro., México | 130.716 km | REJECT License not accepted
  candidate inaturalist:1231783 | Alvaro Rivera Rojas (brújula de aves) | type unknown | no license | Hidalgo, Querétaro, México | 144.073 km | REJECT License not accepted
  candidate inaturalist:182897 | Manuel Grosselet | type unknown | no license | Oaxaca, MX | 361.7 km | REJECT License not accepted
  ... 150 further candidates (full list in the import report after downloading).

Empidonax affinis: 72 candidates, 53 reusable/eligible, 3 selected
  SELECT xeno-canto:XC702571 | Isain Contreras Rodríguez | call | CC BY-NC-SA 4.0 | Milpa Alta (near  Ciudad de México), Ciudad de México | 37.071 km | geographic tier 2; quality A; type call; reusable license; diversity within tier | https://xeno-canto.org/702571
  SELECT xeno-canto:XC588022 | Manuel Grosselet | call | CC BY-NC-SA 4.0 | Parque las maravillas, Ciudad de México | 24.103 km | geographic tier 2; quality B; type call; reusable license; diversity within tier | https://xeno-canto.org/588022
  SELECT xeno-canto:XC234591 | Andrew Spencer | song | CC BY-NC-SA 4.0 | San Jose del Pacifico, Oaxaca | 462.583 km | geographic tier 4; quality A; type song; reusable license; diversity within tier | https://xeno-canto.org/234591
  candidate xeno-canto:XC457213 | Manuel Grosselet | call | CC BY-NC-SA 4.0 | Parque las maravillas, Topilejo | 25.844 km
  candidate xeno-canto:XC813977 | Manuel Grosselet | call | CC BY-NC-SA 4.0 | San Pablo Etla, San Pablo Etla, Oaxaca | 362.822 km
  candidate xeno-canto:XC813978 | Manuel Grosselet | call | CC BY-NC-SA 4.0 | San Pablo Etla, San Pablo Etla, Oaxaca | 362.822 km
  candidate xeno-canto:XC234620 | Andrew Spencer | call | CC BY-NC-SA 4.0 | San Jose del Pacifico, Oaxaca | 462.583 km
  candidate xeno-canto:XC222750 | Peter Boesman | call | https://creativecommons.org/licenses/by-nc-nd/4.0/ | Cerro El Potosi, Nuevo Leon | 616.987 km | REJECT License not accepted
  candidate xeno-canto:XC254810 | Andrew Spencer | call | CC BY-NC-SA 4.0 | Parque Natural Mexiquillo, Durango | 819.36 km
  candidate xeno-canto:XC255054 | Andrew Spencer | call | https://creativecommons.org/licenses/by-nc-nd/4.0/ | Parque Natural Mexiquillo, Durango | 819.36 km | REJECT License not accepted
  candidate xeno-canto:XC255055 | Andrew Spencer | call | https://creativecommons.org/licenses/by-nc-nd/4.0/ | Parque Natural Mexiquillo, Durango | 819.36 km | REJECT License not accepted
  ... 61 further candidates (full list in the import report after downloading).

Empidonax albigularis: 54 candidates, 39 reusable/eligible, 3 selected
  SELECT inaturalist:500691 | rizard | type unknown | CC BY-NC 4.0 | San Andrés Totoltepec, Ciudad de México, CDMX, México | 13.194 km | geographic tier 2; quality not rated; type not supplied; reusable license; diversity within tier | https://www.inaturalist.org/observations/126535006
  SELECT xeno-canto:XC723713 | Manuel Grosselet | call, song | CC BY-NC-SA 4.0 | Parque Estatal Sierra Morelos, Toluca de Lerdo, Toluca, Estado de México | 43.405 km | geographic tier 3; quality A; type call, song; reusable license; diversity within tier | https://xeno-canto.org/723713
  SELECT xeno-canto:XC737180 | Manuel Grosselet | call | CC BY-NC-SA 4.0 | Parque Estatal Sierra Morelos, Toluca de Lerdo, Toluca, Estado de México | 43.405 km | geographic tier 3; quality A; type call; reusable license; diversity within tier | https://xeno-canto.org/737180
  candidate xeno-canto:XC737181 | Manuel Grosselet | song | CC BY-NC-SA 4.0 | Parque Estatal Sierra Morelos, Toluca de Lerdo, Toluca, Estado de México | 43.405 km
  candidate xeno-canto:XC737182 | Manuel Grosselet | call, subsong | CC BY-NC-SA 4.0 | Parque Estatal Sierra Morelos, Toluca de Lerdo, Toluca, Estado de México | 43.405 km
  candidate xeno-canto:XC319442 | Manuel Grosselet | song | CC BY-NC-SA 4.0 | Campo de Golf - Malinalco - Estado de México - México | 45.418 km
  candidate xeno-canto:XC319434 | Manuel Grosselet | song | CC BY-NC-SA 4.0 | Campo de Golf - Malinalco - Estado de México - México | 45.418 km
  candidate xeno-canto:XC575667 | Manuel Grosselet | song | CC BY-NC-SA 4.0 | Erongarícuaro, Michoacán | 253.6 km
  candidate xeno-canto:XC921371 | Manuel Grosselet | call, wing beat | CC BY-NC-SA 4.0 | SAn Juan SAyultepec, Oaxaca | 300.76 km
  candidate xeno-canto:XC817505 | Manuel Grosselet | song | CC BY-NC-SA 4.0 | Güendulain, Rojas de Cuauhtémoc, Oaxaca | 383.272 km
  candidate xeno-canto:XC658004 | Manuel Grosselet | call | CC BY-NC-SA 4.0 | Santa Cecilia Jalieza, Santo Tomás Jalieza, Oaxaca | 391.096 km
  ... 43 further candidates (full list in the import report after downloading).

Empidonax difficilis: 945 candidates, 737 reusable/eligible, 3 selected
  SELECT inaturalist:1909329 | Nathan Zárate | type unknown | CC BY-NC 4.0 | 8PCH+JC Rancho los encinos, Tlacoyaque, Álvaro Obregón, 01859 Ciudad de México, CDMX, México | 3.601 km | geographic tier 0; quality not rated; type not supplied; reusable license; diversity within tier | https://www.inaturalist.org/observations/356132783
  SELECT inaturalist:1554741 | Efraín Octavio Aguilar Pérez | type unknown | CC BY-NC 4.0 | Cd. de México, México | 3.72 km | geographic tier 0; quality not rated; type not supplied; reusable license; diversity within tier | https://www.inaturalist.org/observations/295201728
  SELECT inaturalist:1554742 | Efraín Octavio Aguilar Pérez | type unknown | CC BY-NC 4.0 | Cd. de México, México | 3.72 km | geographic tier 0; quality not rated; type not supplied; reusable license; diversity within tier | https://www.inaturalist.org/observations/295201728
  candidate inaturalist:1424136 | Efraín Octavio Aguilar Pérez | type unknown | CC BY-NC 4.0 | Cd. de México, México | 3.734 km
  candidate inaturalist:1554744 | Efraín Octavio Aguilar Pérez | type unknown | CC BY-NC 4.0 | Cd. de México, México | 3.735 km
  candidate inaturalist:1900253 | Kendra | type unknown | no license | Distrito Federal, MX | 4.248 km | REJECT License not accepted
  candidate inaturalist:1562035 | Efraín Octavio Aguilar Pérez | type unknown | CC BY-NC 4.0 | Cd. de México, México | 4.444 km
  candidate inaturalist:1426573 | Efraín Octavio Aguilar Pérez | type unknown | CC BY-NC 4.0 | Cd. de México, México | 4.488 km
  candidate inaturalist:1426574 | Efraín Octavio Aguilar Pérez | type unknown | CC BY-NC 4.0 | Cd. de México, México | 4.488 km
  candidate inaturalist:1368372 | Octavio Pérez-Martínez | type unknown | CC BY-NC-SA 4.0 | Piloto Adolfo López Mateos, Ciudad de México, CDMX, México | 5.855 km
  candidate inaturalist:1562486 | Efraín Octavio Aguilar Pérez | type unknown | CC BY-NC 4.0 | Lomas Altas, 11950 Ciudad de México, CDMX, México | 8.15 km
  ... 934 further candidates (full list in the import report after downloading).
WARNING: iNaturalist search truncated at 5 pages ({}).

Empidonax fulvifrons: 129 candidates, 92 reusable/eligible, 3 selected
  SELECT xeno-canto:XC630965 | Manuel Grosselet | call | CC BY-NC-SA 4.0 | MX Distrito federal la Loma baja | 4.242 km | geographic tier 0; quality A; type call; reusable license; diversity within tier | https://xeno-canto.org/630965
  SELECT xeno-canto:XC630968 | Manuel Grosselet | song | CC BY-NC-SA 4.0 | MX Distrito federal la Loma baja | 4.242 km | geographic tier 0; quality B; type song; reusable license; diversity within tier | https://xeno-canto.org/630968
  SELECT xeno-canto:XC630966 | Manuel Grosselet | call | CC BY-NC-SA 4.0 | MX Distrito federal la Loma baja | 4.242 km | geographic tier 0; quality A; type call; reusable license; diversity within tier | https://xeno-canto.org/630966
  candidate xeno-canto:XC56288 | manuel Grosselet | call, song | https://creativecommons.org/licenses/by-nc-nd/2.5/ | MX Distrito federal la Loma baja | 4.242 km | REJECT License not accepted
  candidate xeno-canto:XC630967 | Manuel Grosselet | call | CC BY-NC-SA 4.0 | MX Distrito federal la Loma baja | 4.242 km
  candidate inaturalist:175482 | Manuel Grosselet | type unknown | no license | Santa Fe, Zedec Sta Fé, Ciudad de México, CDMX, Mexique | 4.241 km | REJECT License not accepted
  candidate inaturalist:175483 | Manuel Grosselet | type unknown | no license | Santa Fe, Zedec Sta Fé, Ciudad de México, CDMX, Mexique | 4.298 km | REJECT License not accepted
  candidate inaturalist:175481 | Manuel Grosselet | type unknown | no license | Santa Fe, Zedec Sta Fé, Ciudad de México, CDMX, Mexique | 4.317 km | REJECT License not accepted
  candidate inaturalist:175480 | Manuel Grosselet | type unknown | no license | Santa Fe, Zedec Sta Fé, Ciudad de México, CDMX, Mexique | 4.336 km | REJECT License not accepted
  candidate xeno-canto:XC324462 | Manuel Grosselet | song | CC BY-NC-SA 4.0 | La grande Palapa Milpa Alta (near  Ciudad de México), Ciudad de México | 37.137 km
  candidate xeno-canto:XC324463 | Manuel Grosselet | song | CC BY-NC-SA 4.0 | La grande Palapa Milpa Alta (near  Ciudad de México), Ciudad de México | 37.137 km
  ... 118 further candidates (full list in the import report after downloading).

Empidonax hammondii: 512 candidates, 395 reusable/eligible, 3 selected
  SELECT inaturalist:1230315 | Efraín Octavio Aguilar Pérez | type unknown | CC BY-NC 4.0 | Paseos de Taxqueña, Ciudad de México, CDMX, México | 16.423 km | geographic tier 2; quality not rated; type not supplied; reusable license; diversity within tier | https://www.inaturalist.org/observations/247507183
  SELECT inaturalist:844761 | Efraín Octavio Aguilar Pérez | type unknown | CC BY-NC 4.0 | Hacienda del Rosario, Ex el Rosario, 02420 Ciudad de México, CDMX, México | 17.967 km | geographic tier 2; quality not rated; type not supplied; reusable license; diversity within tier | https://www.inaturalist.org/observations/190803016
  SELECT xeno-canto:XC612099 | Manuel Grosselet | call | CC BY-NC-SA 4.0 | Oax, Mex, arroyo Guacamayas | 358.563 km | geographic tier 4; quality A; type call; reusable license; diversity within tier | https://xeno-canto.org/612099
  candidate xeno-canto:XC260225 | Frank Lambert | call | https://creativecommons.org/licenses/by-nc-nd/4.0/ | northeast of San Cristobal de las Casas, Chiapas | 761.939 km | REJECT License not accepted
  candidate xeno-canto:XC260226 | Frank Lambert | call | https://creativecommons.org/licenses/by-nc-nd/4.0/ | northeast of San Cristobal de las Casas, Chiapas | 761.939 km | REJECT License not accepted
  candidate xeno-canto:XC158409 | Micah Riegner | call | CC BY-NC-SA 3.0 | Sonora | 1290.42 km
  candidate xeno-canto:XC353023 | Richard E. Webster | call | CC BY-NC-SA 4.0 | Rancho Santa Barbara, Sonora | 1293.648 km
  candidate xeno-canto:XC349495 | Scott Olmstead | call | CC BY-NC-SA 4.0 | San Juan Tlacotenco, Tepoztlán, Morelos | 42.735 km
  candidate xeno-canto:XC212639 | Dan Lane | call | CC BY-NC-SA 4.0 | Ridge above Teotitlan, Oaxaca | 386.278 km
  candidate xeno-canto:XC350784 | Manuel Grosselet | call | CC BY-NC-SA 4.0 | Cerro Viejo San Augustin Cuyutlan, Jalisco | 446.354 km
  candidate xeno-canto:XC308797 | Jesper Bay Jacobsen | call | CC BY-NC-SA 4.0 | Parque Los Colomos, Guadalajara, Jalisco | 455.522 km
  ... 501 further candidates (full list in the import report after downloading).

Empidonax minimus: 908 candidates, 728 reusable/eligible, 3 selected
  SELECT inaturalist:1872532 | Miguel Ángel Mota Ayala | type unknown | CC BY-NC 4.0 | El Parque, Ciudad de México, CDMX, México | 18.619 km | geographic tier 2; quality not rated; type not supplied; reusable license; diversity within tier | https://www.inaturalist.org/observations/351638637
  SELECT xeno-canto:XC744641 | Manuel Grosselet | call | CC BY-NC-SA 4.0 | Laguna de Texcoco, Texcoco Municipality, Estado de México | 36.285 km | geographic tier 3; quality B; type call; reusable license; diversity within tier | https://xeno-canto.org/744641
  SELECT xeno-canto:XC744645 | Manuel Grosselet | call | CC BY-NC-SA 4.0 | Laguna de Texcoco, Texcoco Municipality, Estado de México | 36.285 km | geographic tier 3; quality B; type call; reusable license; diversity within tier | https://xeno-canto.org/744645
  candidate xeno-canto:XC744807 | Manuel Grosselet | call | CC BY-NC-SA 4.0 | Laguna de Texcoco, Texcoco Municipality, Estado de México | 36.285 km
  candidate xeno-canto:XC940894 | Manuel Grosselet | call, subsong | CC BY-NC-SA 4.0 | Guadalupe Hidalgo, San Lorenzo Cacaotepec, Oaxaca | 358.282 km
  candidate xeno-canto:XC753429 | Manuel Grosselet - Rebecca Martinez Martinez | call | CC BY-NC-SA 4.0 | Oaxaca International Airport (near  Santa Cruz Xoxocotlán), Santa Cruz Xoxocotlán, Oaxaca | 375.413 km
  candidate xeno-canto:XC146580 | Manuel Grosselet | call | CC BY-NC-SA 3.0 | Yautepec, Morelos | 58.176 km
  candidate xeno-canto:XC686082 | Alán Palacios | call | CC BY-NC-SA 4.0 | Rancho Tierra Colorada | 132.666 km
  candidate xeno-canto:XC688655 | Alán Palacios | call | CC BY-NC-SA 4.0 | Rancho Tierra Colorada | 132.666 km
  candidate xeno-canto:XC289161 | Manuel Grosselet | call | CC BY-NC-SA 4.0 | San Miguel de Allende, Jardin Botanico | 231.554 km
  candidate xeno-canto:XC756931 | Manuel Grosselet | call | CC BY-NC-SA 4.0 | Guadalupe Hidalgo, Soledad Etla, Oaxaca | 356.591 km
  ... 897 further candidates (full list in the import report after downloading).
WARNING: iNaturalist search truncated at 5 pages ({}).

Empidonax oberholseri: 394 candidates, 308 reusable/eligible, 3 selected
  SELECT xeno-canto:XC152209 | Alejandro Gama | call | CC BY-NC-SA 3.0 | Reserva ecológica del Pedregal de San Angel, Distrito Federal | 10.333 km | geographic tier 2; quality C; type call; reusable license; diversity within tier | https://xeno-canto.org/152209
  SELECT inaturalist:1232571 | Hanji Eduardo Alegría Ovando | type unknown | CC BY-NC 4.0 | C.U., Ciudad de México, CDMX, México | 11.184 km | geographic tier 2; quality not rated; type not supplied; reusable license; diversity within tier | https://www.inaturalist.org/observations/247864269
  SELECT inaturalist:567611 | Efraín Octavio Aguilar Pérez | type unknown | CC BY-NC 4.0 | Lomas de la Estancia, Ciudad de México, CDMX, México | 28.961 km | geographic tier 2; quality not rated; type not supplied; reusable license; diversity within tier | https://www.inaturalist.org/observations/142110959
  candidate inaturalist:1661248 | Miguel Ángel Mota Ayala | type unknown | CC BY-NC 4.0 | Lomas de la Estancia, Ciudad de México, CDMX, México | 29.008 km
  candidate inaturalist:1661249 | Miguel Ángel Mota Ayala | type unknown | CC BY-NC 4.0 | Lomas de la Estancia, Ciudad de México, CDMX, México | 29.008 km
  candidate xeno-canto:XC348127 | Richard E. Webster | call | CC BY-NC-SA 4.0 | Observatorio area, Sierra San Pedro Martir, Baja California | 2077.004 km
  candidate xeno-canto:XC680001 | Alán Palacios | call | CC BY-NC-SA 4.0 | Localidad Barranca del Ehecatl | 35.815 km
  candidate xeno-canto:XC680002 | Alán Palacios | call | CC BY-NC-SA 4.0 | Localidad Barranca del Ehecatl | 35.815 km
  candidate xeno-canto:XC680003 | Alán Palacios | call | CC BY-NC-SA 4.0 | Localidad Barranca del Ehecatl | 35.815 km
  candidate xeno-canto:XC640924 | Manuel Grosselet | call | CC BY-NC-SA 4.0 | San Pablo Etla, San Pablo Etla, Oaxaca | 361.968 km
  candidate xeno-canto:XC610546 | Manuel Grosselet | call | CC BY-NC-SA 4.0 | Santa María Atzompa, Santa María Atzompa, Oaxaca | 364.74 km
  ... 383 further candidates (full list in the import report after downloading).

Empidonax wrightii: 232 candidates, 192 reusable/eligible, 3 selected
  SELECT xeno-canto:XC956265 | Étienne Leroy | call | CC BY-NC-SA 4.0 | La Soledad el Mapache, Santa Catarina Juquila, Oaxaca | 427.397 km | geographic tier 4; quality A; type call; reusable license; diversity within tier | https://xeno-canto.org/956265
  SELECT inaturalist:900945 | Efraín Octavio Aguilar Pérez | type unknown | CC BY-NC 4.0 | Los Cabos, B.C.S., México | 1163.439 km | geographic tier 4; quality not rated; type not supplied; reusable license; diversity within tier | https://www.inaturalist.org/observations/199709612
  SELECT xeno-canto:XC353022 | Richard E. Webster | call | CC BY-NC-SA 4.0 | Palo Injerto, Reserva Monte Mojino, Álamos, Sonora | 1289.042 km | geographic tier 4; quality A; type call; reusable license; diversity within tier | https://xeno-canto.org/353022
  candidate xeno-canto:XC158392 | Micah Riegner | call | CC BY-NC-SA 3.0 | Reserva Monte Mojino, Sonora | 1291.176 km
  candidate inaturalist:870537 | Alvaro Rivera Rojas (brújula de aves) | type unknown | no license | El Sitio, Qro., México | 127.329 km | REJECT License not accepted
  candidate inaturalist:580703 | Alvaro Rivera Rojas (brújula de aves) | type unknown | no license | San Juan del Río, MX-QE, MX | 131.919 km | REJECT License not accepted
  candidate inaturalist:609928 | Alvaro Rivera Rojas (brújula de aves) | type unknown | no license | Granjas Banthi 3ra Secc, 76805 San Juan del Río, Qro., México | 135.458 km | REJECT License not accepted
  candidate inaturalist:156460 | Alvaro Rivera Rojas (brújula de aves) | type unknown | no license | Presa Centenario | 143.543 km | REJECT License not accepted
  candidate inaturalist:850808 | Alvaro Rivera Rojas (brújula de aves) | type unknown | no license | San Juan, Tequisquiapan, Qro., México | 144.17 km | REJECT License not accepted
  candidate xeno-canto:XC34779 | Andrew Spencer | call | https://creativecommons.org/licenses/by-nc-nd/2.5/ | Guadalupe Canyon, Hidalgo Co., New Mexico | 1654.385 km | REJECT License not accepted
  candidate xeno-canto:XC941796 | Richard E. Webster | call | CC BY-NC-SA 4.0 | San Bernardino National Wildlife Refuge, Cochise County, Arizona | 1666.752 km
  ... 221 further candidates (full list in the import report after downloading).

Eugenes fulgens: 130 candidates, 111 reusable/eligible, 3 selected
  SELECT xeno-canto:XC165659 | Manuel Grosselet | call | CC BY-NC-SA 3.0 | Mexico, Distrito Federal, LA Cima | 22.478 km | geographic tier 2; quality B; type call; reusable license; diversity within tier | https://xeno-canto.org/165659
  SELECT inaturalist:1458410 | Efraín Octavio Aguilar Pérez | type unknown | CC BY-NC 4.0 | Parque Nacional Bosque del Pedregal, Ciudad de México, CDMX, México | 10.967 km | geographic tier 2; quality not rated; type not supplied; reusable license; diversity within tier | https://www.inaturalist.org/observations/280652658
  SELECT xeno-canto:XC576235 | Isain Contreras Rodríguez | call, subsong | CC BY-NC-SA 4.0 | Tláhuac (near  Ciudad de México), Ciudad de México | 28.024 km | geographic tier 2; quality B; type call, subsong; reusable license; diversity within tier | https://xeno-canto.org/576235
  candidate xeno-canto:XC576236 | Isain Contreras Rodríguez | call, subsong | CC BY-NC-SA 4.0 | Tláhuac (near  Ciudad de México), Ciudad de México | 28.024 km
  candidate xeno-canto:XC576237 | Isain Contreras Rodríguez | call, subsong | CC BY-NC-SA 4.0 | Tláhuac (near  Ciudad de México), Ciudad de México | 28.024 km
  candidate xeno-canto:XC744810 | Manuel Grosselet | call | CC BY-NC-SA 4.0 | Laguna de Texcoco, Texcoco Municipality, Estado de México | 36.285 km
  candidate xeno-canto:XC744811 | Manuel Grosselet | call | CC BY-NC-SA 4.0 | Laguna de Texcoco, Texcoco Municipality, Estado de México | 36.285 km
  candidate xeno-canto:XC747195 | Manuel Grosselet | call, song | CC BY-NC-SA 4.0 | Laguna de Texcoco, Texcoco Municipality, Estado de México | 36.285 km
  candidate xeno-canto:XC737902 | Manuel Grosselet Georgita Ruiz | call | CC BY-NC-SA 4.0 | Oaxaca,  San Augustin Etla, terreno de Golf | 358.779 km
  candidate xeno-canto:XC610096 | Manuel Grosselet | call | CC BY-NC-SA 4.0 | San Pablo Etla, San Pablo Etla, Oaxaca | 360.905 km
  candidate xeno-canto:XC350183 | Manuel Grosselet | call | CC BY-NC-SA 4.0 | Mex, Jalisco, Volcano de Colima | 453.859 km
  ... 119 further candidates (full list in the import report after downloading).

Falco peregrinus: 1058 candidates, 851 reusable/eligible, 3 selected
  SELECT xeno-canto:XC453092 | Richard E. Webster | call | CC BY-NC-SA 4.0 | Puente El Gavilan, near Ures, Sonora | 1588.595 km | geographic tier 4; quality A; type call; reusable license; diversity within tier | https://xeno-canto.org/453092
  SELECT xeno-canto:XC1176756 | Manuel Grosselet | flight call | CC BY-NC-SA 4.0 | San Juan Guelavía, San Juan Guelavía, Oaxaca | 390.442 km | geographic tier 4; quality B; type flight call; reusable license; diversity within tier | https://xeno-canto.org/1176756
  SELECT inaturalist:912767 | joegonzorj | type unknown | CC BY-NC 4.0 | La Paz, 72160 Heroica Puebla de Zaragoza, Pue., México | 115.701 km | geographic tier 4; quality not rated; type not supplied; reusable license; diversity within tier | https://www.inaturalist.org/observations/200929853
  candidate xeno-canto:XC920379 | Leonardo Guzman Hernandez | call | CC BY-NC-SA 4.0 | Lagunillas, Santiago, Nuevo Leon | 669.365 km
  candidate xeno-canto:XC294044 | Manuel Grosselet | flight call | CC BY-NC-SA 4.0 | Minatitlan, refineria de SAnta Alejandrina, Veracruz | 519.049 km
  candidate xeno-canto:XC834559 | Aladdin | flight call | CC BY-NC-SA 4.0 | Gulf of Mexico - 310 km SSE of Padre Island, Texas | 856.978 km | REJECT Low source quality
  candidate xeno-canto:XC347965 | Richard E. Webster | call | CC BY-NC-SA 4.0 | Mesa la Pitahaya | 2021.566 km | REJECT Low source quality
  candidate inaturalist:442979 | Sebastian Zorrilla De La Torre | type unknown | no license | El Tepozteco, Tepoztlán, MX-MR, MX | 42.97 km | REJECT License not accepted
  candidate inaturalist:912776 | joegonzorj | type unknown | CC BY-NC 4.0 | La Paz, 72160 Heroica Puebla de Zaragoza, Pue., México | 115.701 km
  candidate inaturalist:912777 | joegonzorj | type unknown | CC BY-NC 4.0 | La Paz, 72160 Heroica Puebla de Zaragoza, Pue., México | 115.701 km
  candidate inaturalist:597845 | Andrés Muñoz | type unknown | no license | Huasca de Ocampo, Hgo., México | 122.527 km | REJECT License not accepted
  ... 1047 further candidates (full list in the import report after downloading).
WARNING: Xeno-canto search truncated at 5 pages (world).
WARNING: iNaturalist search truncated at 5 pages ({}).

Falco sparverius: 704 candidates, 533 reusable/eligible, 3 selected
  SELECT xeno-canto:XC289663 | Manuel Grosselet | alarm call | CC BY-NC-SA 4.0 | Mx, Distrito Federal, Lomas de Bezares, Calle Colina | 6.177 km | geographic tier 2; quality B; type alarm call; reusable license; diversity within tier | https://xeno-canto.org/289663
  SELECT inaturalist:1868558 | Efraín Octavio Aguilar Pérez | type unknown | CC BY-NC 4.0 | Bosque de Chapultepec III Secc, Ciudad de México, CDMX, México | 8.379 km | geographic tier 2; quality not rated; type not supplied; reusable license; diversity within tier | https://www.inaturalist.org/observations/351011298
  SELECT inaturalist:1736035 | Efraín Octavio Aguilar Pérez | type unknown | CC BY-NC 4.0 | Bosque de Chapultepec III Secc, Ciudad de México, CDMX, México | 8.389 km | geographic tier 2; quality not rated; type not supplied; reusable license; diversity within tier | https://www.inaturalist.org/observations/333988027
  candidate inaturalist:554609 | David Ortiz | type unknown | CC BY-NC 4.0 | Parque Nacional Cerro de la Estrella, Ciudad de México, CDMX, México | 20.073 km
  candidate inaturalist:836593 | Octavio Pérez-Martínez | type unknown | CC BY-NC-SA 4.0 | 7WR4+XR, Parque Ecológico de Xochimilco, Xochimilco, 16043 Ciudad de México, CDMX, México | 21.039 km
  candidate xeno-canto:XC598753 | Manuel Grosselet | call | CC BY-NC-SA 4.0 | Toluca de Lerdo, Toluca, Estado de México | 43.851 km
  candidate xeno-canto:XC598755 | Manuel Grosselet | call | CC BY-NC-SA 4.0 | Toluca de Lerdo, Toluca, Estado de México | 43.851 km
  candidate xeno-canto:XC598756 | Manuel Grosselet | call | CC BY-NC-SA 4.0 | Toluca de Lerdo, Toluca, Estado de México | 43.851 km
  candidate xeno-canto:XC598758 | Manuel Grosselet | call, flight call | CC BY-NC-SA 4.0 | Toluca de Lerdo, Toluca, Estado de México | 43.851 km
  candidate inaturalist:1713004 | Rebeca Castillo | type unknown | no license | carretera malinalco jalmolonga la loma de san felipe malinalco estado de mexico Loma de san felipe, 52440 Malinalco, Méx., México | 52.823 km | REJECT License not accepted
  candidate xeno-canto:XC289032 | Manuel Grosselet | alarm call | CC BY-NC-SA 4.0 | Los gonzales, San Miguel Allende mexico | 229.798 km
  ... 693 further candidates (full list in the import report after downloading).
WARNING: iNaturalist search truncated at 5 pages ({}).

Fulica americana: 496 candidates, 375 reusable/eligible, 3 selected
  SELECT xeno-canto:XC330301 | Esau Toaki Villarreal Olvera  | begging call, call, cars, water | CC BY-NC-SA 4.0 | Mx, Distrito Federal, Xochimilco | 20.677 km | geographic tier 2; quality A; type begging call, call, cars, water; reusable license; diversity within tier | https://xeno-canto.org/330301
  SELECT inaturalist:1057257 | Efraín Octavio Aguilar Pérez | type unknown | CC BY-NC 4.0 | Zoológico de San Juan de Aragón, 07920 Ciudad de México, CDMX, México | 24.919 km | geographic tier 2; quality not rated; type not supplied; reusable license; diversity within tier | https://www.inaturalist.org/observations/218035833
  SELECT xeno-canto:XC423350 | Manuel Grosselet | begging call, call | CC BY-NC-SA 4.0 | Mx, Distrito Federal, Xochimilco | 20.677 km | geographic tier 2; quality A; type begging call, call; reusable license; diversity within tier | https://xeno-canto.org/423350
  candidate xeno-canto:XC423351 | Manuel Grosselet | begging call, call | CC BY-NC-SA 4.0 | Mx, Distrito Federal, Xochimilco | 20.677 km
  candidate xeno-canto:XC818089 | Manuel Grosselet | call | CC BY-NC-SA 4.0 | Iztapalapa (near  Ciudad de México), Ciudad de México | 24.729 km
  candidate xeno-canto:XC818090 | Manuel Grosselet | call | CC BY-NC-SA 4.0 | Iztapalapa (near  Ciudad de México), Ciudad de México | 24.729 km
  candidate xeno-canto:XC578128 | Isain Contreras Rodríguez | call | CC BY-NC-SA 4.0 | Mexico City, Federal District, laguna de San Gregorio Atpulco | 25.24 km
  candidate inaturalist:1490216 | Efraín Octavio Aguilar Pérez | type unknown | CC BY-NC 4.0 | Zoológico de San Juan de Aragón, 07920 Ciudad de México, CDMX, México | 24.953 km
  candidate inaturalist:1490218 | Efraín Octavio Aguilar Pérez | type unknown | CC BY-NC 4.0 | Zoológico de San Juan de Aragón, 07920 Ciudad de México, CDMX, México | 24.953 km
  candidate inaturalist:1392045 | Efraín Octavio Aguilar Pérez | type unknown | CC BY-NC 4.0 | Zoológico de San Juan de Aragón, 07920 Ciudad de México, CDMX, México | 25.178 km
  candidate inaturalist:1392047 | Efraín Octavio Aguilar Pérez | type unknown | CC BY-NC 4.0 | Zoológico de San Juan de Aragón, 07920 Ciudad de México, CDMX, México | 25.178 km
  ... 485 further candidates (full list in the import report after downloading).

Gallus gallus: 554 candidates, 265 reusable/eligible, 3 selected
  SELECT xeno-canto:XC598078 | Manuel Grosselet | song | CC BY-NC-SA 4.0 | Oaxaca,  San Augustin Etla, terreno de Golf | 358.779 km | geographic tier 4; quality A; type song; reusable license; diversity within tier | https://xeno-canto.org/598078
  SELECT xeno-canto:XC502076 | Phoenix Birder | call | CC BY-NC-SA 4.0 | Kauai (near  Waimea), Kauai County, Hawaii | 6244.58 km | geographic tier 5; quality A; type call; reusable license; diversity within tier | https://xeno-canto.org/502076
  SELECT xeno-canto:XC308925 | Mike Nelson | alarm call, call | CC BY-NC-SA 4.0 | Subic Bay, Bataan, Central Luzon | 14255.868 km | geographic tier 5; quality A; type alarm call, call; reusable license; diversity within tier | https://xeno-canto.org/308925
  candidate xeno-canto:XC577809 | Olivier SWIFT | song | CC BY-NC-SA 4.0 | Couffé, Loire-Atlantique, Pays de la Loire | 9014.477 km
  candidate xeno-canto:XC577810 | Olivier SWIFT | song | CC BY-NC-SA 4.0 | Couffé, Loire-Atlantique, Pays de la Loire | 9014.477 km
  candidate xeno-canto:XC577812 | Olivier SWIFT | song | CC BY-NC-SA 4.0 | Couffé, Loire-Atlantique, Pays de la Loire | 9014.477 km
  candidate xeno-canto:XC659356 | Olivier SWIFT | song | CC BY-NC-SA 4.0 | Arrondissement de Bernay (near  Pont-Audemer), Eure, Normandie | 9071.378 km
  candidate xeno-canto:XC577805 | Olivier SWIFT | song | CC BY-NC-SA 4.0 | Saint-Aubin-le-Cloud, Deux-Sèvres, Nouvelle-Aquitaine | 9109.598 km
  candidate xeno-canto:XC577807 | Olivier SWIFT | song | CC BY-NC-SA 4.0 | Saint-Aubin-le-Cloud, Deux-Sèvres, Nouvelle-Aquitaine | 9109.598 km
  candidate xeno-canto:XC577813 | Olivier SWIFT | song | CC BY-NC-SA 4.0 | Ordizan, Hautes-Pyrénées, Occitanie | 9282.669 km
  candidate xeno-canto:XC577814 | Olivier SWIFT | song | CC BY-NC-SA 4.0 | Ordizan, Hautes-Pyrénées, Occitanie | 9282.669 km
  ... 543 further candidates (full list in the import report after downloading).

Geothlypis nelsoni: 67 candidates, 50 reusable/eligible, 3 selected
  SELECT xeno-canto:XC630971 | Manuel Grosselet | song | CC BY-NC-SA 4.0 | MX Distrito federal la Loma baja | 4.242 km | geographic tier 0; quality A; type song; reusable license; diversity within tier | https://xeno-canto.org/630971
  SELECT xeno-canto:XC630970 | Manuel Grosselet | call | CC BY-NC-SA 4.0 | MX Distrito federal la Loma baja | 4.242 km | geographic tier 0; quality B; type call; reusable license; diversity within tier | https://xeno-canto.org/630970
  SELECT inaturalist:1114483 | Octavio Pérez-Martínez | type unknown | CC BY-NC-SA 4.0 | Calle Tarango & Andador Mirasol, 3er Parque las Águilas, 01750 Ciudad de México, CDMX, México | 5.76 km | geographic tier 2; quality not rated; type not supplied; reusable license; diversity within tier | https://www.inaturalist.org/observations/226061162
  candidate xeno-canto:XC56259 | manuel Grosselet | call | https://creativecommons.org/licenses/by-nc-nd/2.5/ | MX Distrito federal la Loma baja | 4.242 km | REJECT License not accepted
  candidate inaturalist:175486 | Manuel Grosselet | type unknown | no license | Santa Fe, Zedec Sta Fé, Ciudad de México, CDMX, Mexique | 4.284 km | REJECT License not accepted
  candidate xeno-canto:XC332001 | Esau Toaki Villarreal  | song | CC BY-NC-SA 4.0 | Álvaro Obregón (near  Ciudad de México), Ciudad de México | 10.019 km
  candidate xeno-canto:XC324446 | Manuel Grosselet | song, dam recordist..., my fault, parabole parasit moving | CC BY-NC-SA 4.0 | La grande Palapa Milpa Alta (near  Ciudad de México), Ciudad de México | 37.137 km
  candidate xeno-canto:XC779117 | Manuel Grosselet | call | CC BY-NC-SA 4.0 | Magdalena Contreras (near  Ciudad de México), Ciudad de México | 6.898 km
  candidate xeno-canto:XC779118 | Manuel Grosselet | call | CC BY-NC-SA 4.0 | Magdalena Contreras (near  Ciudad de México), Ciudad de México | 6.898 km
  candidate xeno-canto:XC579577 | Isain Contreras Rodríguez | song | CC BY-NC-SA 4.0 | Parque las maravillas, Ciudad de México | 24.103 km
  candidate inaturalist:751682 | Martín Barbosa | type unknown | CC BY-NC 4.0 | C.U., Ciudad de México, CDMX, México | 10.102 km
  ... 56 further candidates (full list in the import report after downloading).

Geothlypis tolmiei: 880 candidates, 731 reusable/eligible, 3 selected
  SELECT inaturalist:1909686 | Nathan Zárate | type unknown | CC BY-NC 4.0 | 12420 CDMX, México | 3.128 km | geographic tier 0; quality not rated; type not supplied; reusable license; diversity within tier | https://www.inaturalist.org/observations/356172161
  SELECT xeno-canto:XC288236 | Manuel Grosselet | call | CC BY-NC-SA 4.0 | Mx, Distrito Federal, Lomas de Bezares, Calle Colina | 6.177 km | geographic tier 2; quality B; type call; reusable license; diversity within tier | https://xeno-canto.org/288236
  SELECT xeno-canto:XC289674 | Manuel Grosselet | call | CC BY-NC-SA 4.0 | Mx, Distrito Federal, Lomas de Bezares, Calle Colina | 6.177 km | geographic tier 2; quality B; type call; reusable license; diversity within tier | https://xeno-canto.org/289674
  candidate xeno-canto:XC691909 | Manuel Grosselet | call | CC BY-NC-SA 4.0 | Iztapalapa (near  Ciudad de México), Ciudad de México | 21.704 km
  candidate inaturalist:1736098 | Efraín Octavio Aguilar Pérez | type unknown | CC BY-NC 4.0 | Lomas Altas, 11950 Ciudad de México, CDMX, México | 8.535 km
  candidate inaturalist:1752824 | Miguel Ángel Mota Ayala | type unknown | CC BY-NC 4.0 | San Andrés Totoltepec, Ciudad de México, CDMX, México | 12.774 km
  candidate inaturalist:1233875 | Efraín Octavio Aguilar Pérez | type unknown | CC BY-NC 4.0 | San Andrés Totoltepec, Ciudad de México, CDMX, México | 14.165 km
  candidate inaturalist:1233876 | Efraín Octavio Aguilar Pérez | type unknown | CC BY-NC 4.0 | San Andrés Totoltepec, Ciudad de México, CDMX, México | 14.165 km
  candidate inaturalist:1752813 | Miguel Ángel Mota Ayala | type unknown | CC BY-NC 4.0 | San Andrés Totoltepec, Ciudad de México, CDMX, México | 14.281 km
  candidate inaturalist:1229710 | Efraín Octavio Aguilar Pérez | type unknown | CC BY-NC 4.0 | Campestre Churubusco, Ciudad de México, CDMX, México | 15.789 km
  candidate inaturalist:1250736 | Efraín Octavio Aguilar Pérez | type unknown | CC BY-NC 4.0 | El Parque, Ciudad de México, CDMX, México | 18.817 km
  ... 869 further candidates (full list in the import report after downloading).

Haemorhous mexicanus: 1475 candidates, 1082 reusable/eligible, 1 selected
  SELECT inaturalist:191589 | Arturo Crespo Moctezuma | type unknown | CC BY 4.0 | Centenario - Frente Al No. 1701, Bosques de Tarango, 01580 Ciudad de México, CDMX, México | 3.199 km | geographic tier 0; quality not rated; type not supplied; reusable license; diversity within tier | https://www.inaturalist.org/observations/74627948
  candidate inaturalist:1688641 | André Ortiz | type unknown | no license | Universidad Iberoamericana CDMX, Álvaro Obregón, CDMX, MX | 2.676 km | REJECT License not accepted
  candidate inaturalist:191588 | Arturo Crespo Moctezuma | type unknown | CC BY 4.0 | Centenario - Frente Al No. 1701, Bosques de Tarango, 01580 Ciudad de México, CDMX, México | 3.199 km
  candidate inaturalist:1907939 | Monteros 2026 | type unknown | CC BY-NC 4.0 | Terminal Santa Rosa, Santa Rosa Xochiac, 05610 Ciudad de México, CDMX, México | 3.386 km
  candidate inaturalist:1882070 | Bety Garduño | type unknown | CC BY-NC 4.0 | 8QW3+43H, Parque Tarango, Álvaro Obregón, 01588 Ciudad de México, CDMX, México | 3.723 km
  candidate xeno-canto:XC314416 | Manuel Grosselet | call | CC BY-NC-SA 4.0 | Lomas de Bezares Miguel Hidalgo Mexico city | 5.885 km
  candidate xeno-canto:XC314417 | Manuel Grosselet | song | CC BY-NC-SA 4.0 | Lomas de Bezares Miguel Hidalgo Mexico city | 5.885 km
  candidate xeno-canto:XC383780 | Manuel Grosselet | begging call, call, song | CC BY-NC-SA 4.0 | Lomas de Bezares Miguel Hidalgo Mexico city | 5.885 km
  candidate xeno-canto:XC417550 | Manuel Grosselet | call, song | CC BY-NC-SA 4.0 | Lomas de Bezares Miguel Hidalgo Mexico city | 5.885 km
  ... 1466 further candidates (full list in the import report after downloading).
WARNING: Xeno-canto search truncated at 5 pages (world).
WARNING: iNaturalist search truncated at 5 pages ({"place_id":6793}).
WARNING: iNaturalist search truncated at 5 pages ({}).

Hirundo rustica: 1100 candidates, 850 reusable/eligible, 3 selected
  SELECT xeno-canto:XC631961 | Manuel Grosselet | song | CC BY-NC-SA 4.0 | Iztapalapa (near  Ciudad de México), Ciudad de México | 24.729 km | geographic tier 2; quality A; type song; reusable license; diversity within tier | https://xeno-canto.org/631961
  SELECT xeno-canto:XC645556 | Isain Contreras Rodríguez | call, flight call | CC BY-NC-SA 4.0 | Xochimilco (near  Ciudad de México), Ciudad de México | 29.068 km | geographic tier 2; quality B; type call, flight call; reusable license; diversity within tier | https://xeno-canto.org/645556
  SELECT inaturalist:458312 | Octavio Pérez-Martínez | type unknown | CC BY-NC-SA 4.0 | Norte, 01410 Ciudad de México, CDMX, México | 8.68 km | geographic tier 2; quality not rated; type not supplied; reusable license; diversity within tier | https://www.inaturalist.org/observations/119747726
  candidate xeno-canto:XC631965 | Manuel Grosselet | song | CC BY-NC-SA 4.0 | Iztapalapa (near  Ciudad de México), Ciudad de México | 24.729 km
  candidate xeno-canto:XC598594 | Manuel Grosselet | call, song | CC BY-NC-SA 4.0 | Iztapalapa (near  Ciudad de México), Ciudad de México | 24.729 km
  candidate xeno-canto:XC631958 | Manuel Grosselet | song | CC BY-NC-SA 4.0 | Iztapalapa (near  Ciudad de México), Ciudad de México | 24.729 km
  candidate xeno-canto:XC631959 | Manuel Grosselet | call, song | CC BY-NC-SA 4.0 | Iztapalapa (near  Ciudad de México), Ciudad de México | 24.729 km
  candidate xeno-canto:XC631960 | Manuel Grosselet | song | CC BY-NC-SA 4.0 | Iztapalapa (near  Ciudad de México), Ciudad de México | 24.729 km
  candidate xeno-canto:XC698511 | Manuel Grosselet | song | CC BY-NC-SA 4.0 | Iztapalapa (near  Ciudad de México), Ciudad de México | 24.729 km
  candidate xeno-canto:XC698512 | Manuel Grosselet | song | CC BY-NC-SA 4.0 | Iztapalapa (near  Ciudad de México), Ciudad de México | 24.729 km
  candidate xeno-canto:XC501814 | Isain Contreras Rodríguez | call, song | CC BY-NC-SA 4.0 | Xochimilco (near  Ciudad de México), Ciudad de México | 29.068 km
  ... 1089 further candidates (full list in the import report after downloading).
WARNING: Xeno-canto search truncated at 5 pages (world).
WARNING: iNaturalist search truncated at 5 pages ({}).

Icterus abeillei: 76 candidates, 44 reusable/eligible, 3 selected
  SELECT xeno-canto:XC462195 | Manuel Grosselet | call | CC BY-NC-SA 4.0 | Mx, Distrito Federal, Lomas de Bezares, Calle Colina | 6.177 km | geographic tier 2; quality A; type call; reusable license; diversity within tier | https://xeno-canto.org/462195
  SELECT xeno-canto:XC586470 | Isain Contreras Rodríguez | song | CC BY-NC-SA 4.0 | Mexico City, Federal District, laguna de San Gregorio Atpulco | 25.24 km | geographic tier 2; quality B; type song; reusable license; diversity within tier | https://xeno-canto.org/586470
  SELECT xeno-canto:XC792661 | Alberto Paz | uncertain | CC BY-NC-SA 4.0 | Xochimilco (near  Mexico City), Mexico City | 21.103 km | geographic tier 2; quality B; type uncertain; reusable license; diversity within tier | https://xeno-canto.org/792661
  candidate xeno-canto:XC314422 | Manuel Grosselet | call | CC BY-NC-SA 4.0 | Lomas de Bezares Miguel Hidalgo Mexico city | 5.885 km
  candidate xeno-canto:XC648806 | Manuel Grosselet | call | CC BY-NC-SA 4.0 | Lomas de Bezares Miguel Hidalgo Mexico city | 5.885 km
  candidate xeno-canto:XC648809 | Manuel Grosselet | call | CC BY-NC-SA 4.0 | Lomas de Bezares Miguel Hidalgo Mexico city | 5.885 km
  candidate xeno-canto:XC649136 | Manuel Grosselet | call | CC BY-NC-SA 4.0 | Lomas de Bezares Miguel Hidalgo Mexico city | 5.885 km
  candidate xeno-canto:XC656428 | Manuel Grosselet | call | CC BY-NC-SA 4.0 | Lomas de Bezares Miguel Hidalgo Mexico city | 5.885 km
  candidate xeno-canto:XC656429 | Manuel Grosselet | call | CC BY-NC-SA 4.0 | Lomas de Bezares Miguel Hidalgo Mexico city | 5.885 km
  candidate xeno-canto:XC329233 | Manuel Grosselet | call | CC BY-NC-SA 4.0 | Mx, Distrito Federal, Lomas de Bezares, Calle Colina | 6.177 km
  candidate xeno-canto:XC576199 | Isain Contreras Rodríguez | call | CC BY-NC-SA 4.0 | Mx, Distrito Federal, Lomas de Bezares, Calle Colina | 6.177 km
  ... 65 further candidates (full list in the import report after downloading).
ERROR: icterus-abeillei: EPERM: operation not permitted, rename 'C:\Users\USER\Desktop\Proyectos\bird-songs\aviario\dist\content\icterus-abeillei\ave.json.44935b4f-9052-4f94-9867-cd5e8e54a5e1.tmp' -> 'C:\Users\USER\Desktop\Proyectos\bird-songs\aviario\dist\content\icterus-abeillei\ave.json'

Icterus bullockii: 610 candidates, 517 reusable/eligible, 3 selected
  SELECT xeno-canto:XC289676 | Manuel Grosselet | alarm call | CC BY-NC-SA 4.0 | Mx, Distrito Federal, Lomas de Bezares, Calle Colina | 6.177 km | geographic tier 2; quality B; type alarm call; reusable license; diversity within tier | https://xeno-canto.org/289676
  SELECT xeno-canto:XC367250 | Manuel Grosselet | call | CC BY-NC-SA 4.0 | Mx, Distrito Federal, Lomas de Bezares, Calle Colina | 6.177 km | geographic tier 2; quality B; type call; reusable license; diversity within tier | https://xeno-canto.org/367250
  SELECT xeno-canto:XC661901 | Richard E. Webster | chanting phrases songlike | CC BY-NC-SA 4.0 | Mike's Sky Rancho, Sierra San Pedro Martir, Baja California | 2096.312 km | geographic tier 4; quality A; type chanting phrases songlike; reusable license; diversity within tier | https://xeno-canto.org/661901
  candidate xeno-canto:XC535655 | Manuel Grosselet | call | CC BY-NC-SA 4.0 | Ahome, Sinaloa | 1219.651 km
  candidate xeno-canto:XC661902 | Richard E. Webster | call | CC BY-NC-SA 4.0 | Mike's Sky Rancho, Sierra San Pedro Martir, Baja California | 2096.312 km
  candidate xeno-canto:XC170988 | Elvis Herrera Rodríguez | song | CC BY-NC-SA 3.0 | Universidad Michoacana university campus, Morelia | 205.042 km
  candidate xeno-canto:XC308762 | Jesper Bay Jacobsen | call | CC BY-NC-SA 4.0 | Zapopan, Zapopan, Jalisco | 458.568 km
  candidate xeno-canto:XC499307 | Richard E. Webster | call, song | CC BY-NC-SA 4.0 | Reserva Ecológica Sierra de San Juan--La Noria, Nayarit | 640.634 km
  candidate xeno-canto:XC499308 | Richard E. Webster | song | CC BY-NC-SA 4.0 | Tecuitata (pueblo), Nayarit, | 655.329 km
  candidate xeno-canto:XC661903 | Richard E. Webster | call, song | CC BY-NC-SA 4.0 | Mike's Sky Rancho, Sierra San Pedro Martir, Baja California | 2096.312 km
  candidate xeno-canto:XC661904 | Richard E. Webster | call, song | CC BY-NC-SA 4.0 | Zona de Restauración Laguna Grande, Baja California | 2128.842 km
  ... 599 further candidates (full list in the import report after downloading).

Icterus cucullatus: 608 candidates, 446 reusable/eligible, 3 selected
  SELECT xeno-canto:XC617787 | Manuel Grosselet | call | CC BY-NC-SA 4.0 | Lomas de Bezares Miguel Hidalgo Mexico city | 5.885 km | geographic tier 2; quality A; type call; reusable license; diversity within tier | https://xeno-canto.org/617787
  SELECT xeno-canto:XC617788 | Manuel Grosselet | subsong | CC BY-NC-SA 4.0 | Lomas de Bezares Miguel Hidalgo Mexico city | 5.885 km | geographic tier 2; quality A; type subsong; reusable license; diversity within tier | https://xeno-canto.org/617788
  SELECT xeno-canto:XC645552 | Isain Contreras Rodríguez | call | CC BY-NC-SA 4.0 | Xochimilco (near  Ciudad de México), Ciudad de México | 29.068 km | geographic tier 2; quality C; type call; reusable license; diversity within tier | https://xeno-canto.org/645552
  candidate inaturalist:160801 | Manuel Grosselet | type unknown | no license | Lomas de Bezares, Ciudad de México, CDMX, Mexique | 5.921 km | REJECT License not accepted
  candidate inaturalist:160800 | Manuel Grosselet | type unknown | no license | Lomas de Bezares, Ciudad de México, CDMX, Mexique | 6.038 km | REJECT License not accepted
  candidate inaturalist:145123 | Joel Galván | type unknown | CC BY-NC 4.0 | Miguel Hidalgo, 13200 Ciudad de México, CDMX, México | 26.437 km
  candidate xeno-canto:XC371807 | Manuel Grosselet | call, song | CC BY-NC-SA 4.0 | General Bravo, Nuevo León | 714.689 km
  candidate xeno-canto:XC371808 | Manuel Grosselet | call, song | CC BY-NC-SA 4.0 | General Bravo, Nuevo León | 714.689 km
  candidate xeno-canto:XC466186 | Richard E. Webster | call | CC BY-NC-SA 4.0 | San José del Cabo, Los Cabos, Baja California Sur | 1154.783 km
  candidate xeno-canto:XC466188 | Richard E. Webster | call | CC BY-NC-SA 4.0 | Santiago, Baja California Sur | 1173.363 km
  candidate xeno-canto:XC535654 | Manuel Grosselet | call | CC BY-NC-SA 4.0 | Ahome, Sinaloa | 1219.651 km
  ... 597 further candidates (full list in the import report after downloading).

Icterus mesomelas: 101 candidates, 82 reusable/eligible, 3 selected
  SELECT xeno-canto:XC782897 | Manuel Grosselet | song | CC BY-NC-SA 4.0 | Parque Yaguarundi | 535.309 km | geographic tier 4; quality A; type song; reusable license; diversity within tier | https://xeno-canto.org/782897
  SELECT xeno-canto:XC150067 | Manuel Grosselet | call | CC BY-NC-SA 3.0 | Minatitlan, refineria de SAnta Alejandrina, Veracruz | 519.049 km | geographic tier 4; quality B; type call; reusable license; diversity within tier | https://xeno-canto.org/150067
  SELECT inaturalist:1233286 | Maksymilian Wojtkiewicz | type unknown | CC BY-NC 4.0 | Pantanos de Centla | 721.329 km | geographic tier 4; quality not rated; type not supplied; reusable license; diversity within tier | https://www.inaturalist.org/observations/248146655
  candidate xeno-canto:XC685000 | Esau Toaki Villarreal  | song | https://creativecommons.org/licenses/by-nc-nd/4.0/ | Sisal, Hunucmá, Yucatán | 985.227 km | REJECT License not accepted
  candidate xeno-canto:XC31460 | Daniel Lane | duet, song | CC BY-NC-SA 3.0 | Near Jardin Botanico S of Puerto Morelos, Quintana Roo | 1298.005 km
  candidate xeno-canto:XC398974 | Dan Lane | song | CC BY-NC-SA 4.0 | San Juan Bautista Tuxtepec, Oaxaca | 354.298 km
  candidate xeno-canto:XC150065 | Manuel Grosselet | song | CC BY-NC-SA 3.0 | Minatitlan, refineria de SAnta Alejandrina, Veracruz | 519.049 km
  candidate inaturalist:1233297 | Maksymilian Wojtkiewicz | type unknown | CC BY-NC 4.0 | 86758 Tabasco, Meksyk | 721.329 km
  candidate inaturalist:1233301 | Maksymilian Wojtkiewicz | type unknown | CC BY-NC 4.0 | 86758 Tabasco, Meksyk | 721.329 km
  candidate inaturalist:1781296 | Alicia Bastarrachea | type unknown | CC BY-NC 4.0 | 29990 Chis., México | 786.981 km
  candidate inaturalist:53551 | Ramón Trinchan | type unknown | CC BY-NC 4.0 | Progreso, Yuc., México | 1029.76 km
  ... 90 further candidates (full list in the import report after downloading).

Icterus parisorum: 404 candidates, 333 reusable/eligible, 3 selected
  SELECT xeno-canto:XC459058 | Manuel Grosselet | song | CC BY-NC-SA 4.0 | Mx, Distrito Federal, Lomas de Bezares, Calle Colina | 6.177 km | geographic tier 2; quality B; type song; reusable license; diversity within tier | https://xeno-canto.org/459058
  SELECT xeno-canto:XC599605 | Isain Contreras Rodríguez | call | CC BY-NC-SA 4.0 | Tlalpan (near  Ciudad de México), Ciudad de México | 11.26 km | geographic tier 2; quality B; type call; reusable license; diversity within tier | https://xeno-canto.org/599605
  SELECT inaturalist:894138 | Miguel Ángel Mota Ayala | type unknown | CC BY-NC 4.0 | C.U., Ciudad de México, CDMX, México | 9.857 km | geographic tier 2; quality not rated; type not supplied; reusable license; diversity within tier | https://www.inaturalist.org/observations/198967099
  candidate xeno-canto:XC606967 | Isain Contreras Rodríguez | call, song | CC BY-NC-SA 4.0 | Coyoacán (near  Ciudad de México), Ciudad de México | 10.019 km
  candidate xeno-canto:XC539019 | Manuel Grosselet | song | CC BY-NC-SA 4.0 | Lomas de Bezares Miguel Hidalgo Mexico city | 5.885 km
  candidate xeno-canto:XC289665 | Manuel Grosselet | call, song | CC BY-NC-SA 4.0 | Mx, Distrito Federal, Lomas de Bezares, Calle Colina | 6.177 km
  candidate inaturalist:1430070 | Efraín Octavio Aguilar Pérez | type unknown | CC BY-NC 4.0 | Zona de Conservación Ecológica, Ciudad de México, CDMX, México | 28.949 km
  candidate xeno-canto:XC466190 | Richard E. Webster | song | CC BY-NC-SA 4.0 | San José del Cabo, Los Cabos, Baja California Sur | 1154.783 km
  candidate xeno-canto:XC466196 | Richard E. Webster | flight song, song | CC BY-NC-SA 4.0 | San José del Cabo, Los Cabos, Baja California Sur | 1154.783 km
  candidate xeno-canto:XC983514 | steve | song | CC BY-SA 4.0 | La Ribera, Los Cabos, Baja California Sur | 1164.039 km
  candidate xeno-canto:XC983515 | steve | song | CC BY-SA 4.0 | La Ribera, Los Cabos, Baja California Sur | 1164.039 km
  ... 393 further candidates (full list in the import report after downloading).

Icterus pustulatus: 244 candidates, 204 reusable/eligible, 3 selected
  SELECT xeno-canto:XC296769 | Jorge Daniel Ruiz Contreras | alarm call, call | CC BY-NC-SA 4.0 | Santa María Ahuacatitlán, Cuernavaca, Morelos | 40.447 km | geographic tier 4; quality A; type alarm call, call; reusable license; diversity within tier | https://xeno-canto.org/296769
  SELECT xeno-canto:XC678384 | Alán Palacios | call | CC BY-NC-SA 4.0 | Rancho Tierra Colorada | 132.666 km | geographic tier 4; quality A; type call; reusable license; diversity within tier | https://xeno-canto.org/678384
  SELECT xeno-canto:XC954844 | Étienne Leroy | call, song | CC BY-NC-SA 4.0 | La Barra, Santa María Colotepec, Oaxaca | 459.463 km | geographic tier 4; quality A; type call, song; reusable license; diversity within tier | https://xeno-canto.org/954844
  candidate xeno-canto:XC327617 | Manuel Grosselet | call | CC BY-NC-SA 4.0 | San Pedro La Junta, Puebla | 140.346 km
  candidate xeno-canto:XC190410 | Andrew Spencer | call, song? | CC BY-NC-SA 3.0 | KM 70 on highway SE of Oaxaca, Oaxaca | 427.146 km
  candidate xeno-canto:XC190411 | Andrew Spencer | call, song? | CC BY-NC-SA 3.0 | KM 70 on highway SE of Oaxaca, Oaxaca | 427.146 km
  candidate xeno-canto:XC317618 | Manuel Grosselet | call | CC BY-NC-SA 4.0 | Residencial las Parotas Villa de Álvarez, Villa de Álvarez, Colima | 465.423 km
  candidate xeno-canto:XC614139 | Manuel Grosselet | call | CC BY-NC-SA 4.0 | Ventanilla, Mazunte, Santa María Tonameca, Oaxaca | 500.258 km
  candidate xeno-canto:XC271713 | Frank Lambert | call | https://creativecommons.org/licenses/by-nc-nd/4.0/ | Route 190 between San Pedro Tapanatepec and Tonalaa, Oaxaca | 636.397 km | REJECT License not accepted
  candidate xeno-canto:XC499349 | Richard E. Webster | call | CC BY-NC-SA 4.0 | Tecuitata (pueblo), Nayarit, | 655.329 km
  candidate xeno-canto:XC499353 | Richard E. Webster | call, song | CC BY-NC-SA 4.0 | Tecuitata (pueblo), Nayarit, | 655.329 km
  ... 233 further candidates (full list in the import report after downloading).

Icterus spurius: 754 candidates, 559 reusable/eligible, 3 selected
  SELECT xeno-canto:XC382861 | Manuel Grosselet | call | CC BY-NC-SA 4.0 | Lomas de Bezares Miguel Hidalgo Mexico city | 5.885 km | geographic tier 2; quality B; type call; reusable license; diversity within tier | https://xeno-canto.org/382861
  SELECT xeno-canto:XC383785 | Manuel Grosselet | call | CC BY-NC-SA 4.0 | Lomas de Bezares Miguel Hidalgo Mexico city | 5.885 km | geographic tier 2; quality B; type call; reusable license; diversity within tier | https://xeno-canto.org/383785
  SELECT xeno-canto:XC552289 | Manuel Grosselet | call, song | CC BY-NC-SA 4.0 | MEX, Oax, oaxaca Jardin Botanico | 371.095 km | geographic tier 4; quality A; type call, song; reusable license; diversity within tier | https://xeno-canto.org/552289
  candidate xeno-canto:XC539752 | Manuel Grosselet | call | CC BY-NC-SA 4.0 | MEX, Oax, oaxaca Jardin Botanico | 371.095 km
  candidate xeno-canto:XC539754 | Manuel Grosselet | call | CC BY-NC-SA 4.0 | MEX, Oax, oaxaca Jardin Botanico | 371.095 km
  candidate xeno-canto:XC634985 | Manuel Grosselet | call | CC BY-NC-SA 4.0 | MEX, Oax, oaxaca Jardin Botanico | 371.095 km
  candidate xeno-canto:XC634986 | Manuel Grosselet | call, song | CC BY-NC-SA 4.0 | MEX, Oax, oaxaca Jardin Botanico | 371.095 km
  candidate xeno-canto:XC634987 | Manuel Grosselet | call | CC BY-NC-SA 4.0 | MEX, Oax, oaxaca Jardin Botanico | 371.095 km
  candidate xeno-canto:XC956455 | Étienne Leroy | call, song | CC BY-NC-SA 4.0 | La Barra, Santa María Colotepec, Oaxaca | 459.463 km
  candidate xeno-canto:XC691924 | Manuel Grosselet | call | CC BY-NC-SA 4.0 | ASHRAM PUERTO ESCONDIDO, El Tomatal Santa María Colotepec, Oaxaca | 467.93 km
  candidate xeno-canto:XC540655 | Isain Contreras Rodríguez | song | CC BY-NC-SA 4.0 | El Fuerte, Sinaloa | 1256.749 km
  ... 743 further candidates (full list in the import report after downloading).
WARNING: iNaturalist search truncated at 5 pages ({}).

Icterus wagleri: 139 candidates, 95 reusable/eligible, 3 selected
  SELECT inaturalist:1433549 | Eduardo | type unknown | CC BY-NC 4.0 | 07145 Ciudad de México, CDMX, México | 28.704 km | geographic tier 2; quality not rated; type not supplied; reusable license; diversity within tier | https://www.inaturalist.org/observations/277560730
  SELECT xeno-canto:XC281896 | Jorge Daniel Ruiz Contreras | alarm call, call | CC BY-NC-SA 4.0 | Santa María Ahuacatitlán, Cuernavaca, Morelos | 40.447 km | geographic tier 4; quality A; type alarm call, call; reusable license; diversity within tier | https://xeno-canto.org/281896
  SELECT xeno-canto:XC289172 | Manuel Grosselet | call | CC BY-NC-SA 4.0 | San Miguel de Allende, Jardin Botanico | 231.554 km | geographic tier 4; quality A; type call; reusable license; diversity within tier | https://xeno-canto.org/289172
  candidate xeno-canto:XC695988 | Manuel Grosselet | song | CC BY-NC-SA 4.0 | Santo Tomás Mazaltepec, San Andrés Zautla, Oaxaca | 353.295 km
  candidate xeno-canto:XC740451 | Manuel Grosselet | call | CC BY-NC-SA 4.0 | Guadalupe Hidalgo, Soledad Etla, Oaxaca | 356.591 km
  candidate xeno-canto:XC696166 | Manuel Grosselet | call, song | CC BY-NC-SA 4.0 | Guadalupe Hidalgo, San Lorenzo Cacaotepec, Oaxaca | 357.128 km
  candidate xeno-canto:XC695525 | Manuel Grosselet | call | CC BY-NC-SA 4.0 | Guadalupe Hidalgo, San Lorenzo Cacaotepec, Oaxaca | 357.181 km
  candidate xeno-canto:XC910747 | Manuel Grosselet | call | CC BY-NC-SA 4.0 | San Agustín Etla, San Agustín Etla, Oaxaca | 358.579 km
  candidate xeno-canto:XC541417 | Manuel Grosselet | call, song | CC BY-NC-SA 4.0 | Oaxaca,  San Augustin Etla, terreno de Golf | 358.779 km
  candidate xeno-canto:XC692075 | Manuel Grosselet | call, song | CC BY-NC-SA 4.0 | San Pablo Etla, San Pablo Etla, Oaxaca | 361.011 km
  candidate xeno-canto:XC698482 | Manuel Grosselet | call | CC BY-NC-SA 4.0 | San Pablo Etla, San Pablo Etla, Oaxaca | 361.968 km
  ... 128 further candidates (full list in the import report after downloading).

Junco phaeonotus: 227 candidates, 150 reusable/eligible, 3 selected
  SELECT xeno-canto:XC248097 | Manuel Grosselet | alarm call | CC BY-NC-SA 4.0 | Mex DF entrance Desierto de los Leones | 4.266 km | geographic tier 0; quality A; type alarm call; reusable license; diversity within tier | https://xeno-canto.org/248097
  SELECT xeno-canto:XC146284 | Manuel Grosselet | call | CC BY-NC-SA 3.0 | Contadero, Mexico City | 1.478 km | geographic tier 0; quality B; type call; reusable license; diversity within tier | https://xeno-canto.org/146284
  SELECT xeno-canto:XC350054 | Manuel Grosselet | song, plane in background | CC BY-NC-SA 4.0 | Mex DF entrance Desierto de los Leones | 4.266 km | geographic tier 0; quality B; type song, plane in background; reusable license; diversity within tier | https://xeno-canto.org/350054
  candidate xeno-canto:XC80590 | manuel Grosselet | song | https://creativecommons.org/licenses/by-nc-nd/2.5/ | Mex DF entrance Desierto de los Leones | 4.266 km | REJECT License not accepted
  candidate xeno-canto:XC350059 | Manuel Grosselet | song, squirrel | CC BY-NC-SA 4.0 | Mex DF entrance Desierto de los Leones | 4.266 km
  candidate xeno-canto:XC778881 | Manuel Grosselet | call | CC BY-NC-SA 4.0 | Magdalena Contreras (near  Ciudad de México), Ciudad de México | 6.898 km
  candidate xeno-canto:XC778883 | Manuel Grosselet | call | CC BY-NC-SA 4.0 | Magdalena Contreras (near  Ciudad de México), Ciudad de México | 6.898 km
  candidate xeno-canto:XC779500 | Manuel Grosselet | song | CC BY-NC-SA 4.0 | Magdalena Contreras (near  Ciudad de México), Ciudad de México | 6.898 km
  candidate xeno-canto:XC305873 | Manuel Grosselet | call | CC BY-NC-SA 4.0 | Magdalena Contreras (near  Ciudad de México), Distrito Federal | 9.552 km
  candidate xeno-canto:XC977846 | Matthew L. Brady | alarm call, call | CC BY-NC-SA 4.0 | Parque Las Maravillas, Tlalpan, Ciudad de México | 25.149 km
  candidate xeno-canto:XC324465 | Manuel Grosselet | song | CC BY-NC-SA 4.0 | La grande Palapa Milpa Alta (near  Ciudad de México), Ciudad de México | 37.137 km
  ... 216 further candidates (full list in the import report after downloading).

Lampornis clemenciae: 184 candidates, 164 reusable/eligible, 3 selected
  SELECT inaturalist:2082166 | vppa | type unknown | CC BY-NC 4.0 | Prolongación 16 de Septiembre, Cuajimalpa de Morelos, CDMX, MX | 3.027 km | geographic tier 0; quality not rated; type not supplied; reusable license; diversity within tier | https://www.inaturalist.org/observations/383713661
  SELECT inaturalist:2082165 | vppa | type unknown | CC BY-NC 4.0 | Prolongación 16 de Septiembre, Cuajimalpa de Morelos, CDMX, MX | 3.035 km | geographic tier 0; quality not rated; type not supplied; reusable license; diversity within tier | https://www.inaturalist.org/observations/383713192
  SELECT inaturalist:1554901 | Efraín Octavio Aguilar Pérez | type unknown | CC BY-NC 4.0 | Cd. de México, México | 4.167 km | geographic tier 0; quality not rated; type not supplied; reusable license; diversity within tier | https://www.inaturalist.org/observations/295214066
  candidate inaturalist:1888996 | Kendra | type unknown | no license | Barranca Mimosas | 0.903 km | REJECT License not accepted
  candidate inaturalist:1906338 | David Ricardo Osorio Meléndez | type unknown | CC BY-NC 4.0 | Av. Paseo Bosque de la Reforma, Bosques de las Lomas, 05120 Ciudad de México, CDMX, México | 4.286 km
  candidate xeno-canto:XC737288 | Manuel Grosselet | call | CC BY-NC-SA 4.0 | Lomas de Bezares Miguel Hidalgo, Ciudad de México | 5.699 km
  candidate xeno-canto:XC737290 | Manuel Grosselet | call | CC BY-NC-SA 4.0 | Lomas de Bezares Miguel Hidalgo, Ciudad de México | 5.699 km
  candidate xeno-canto:XC314419 | Manuel Grosselet | song | CC BY-NC-SA 4.0 | Lomas de Bezares Miguel Hidalgo Mexico city | 5.885 km
  candidate xeno-canto:XC314420 | Manuel Grosselet | song | CC BY-NC-SA 4.0 | Lomas de Bezares Miguel Hidalgo Mexico city | 5.885 km
  candidate xeno-canto:XC417183 | Manuel Grosselet | song | CC BY-NC-SA 4.0 | Lomas de Bezares Miguel Hidalgo Mexico city | 5.885 km
  candidate xeno-canto:XC417548 | Manuel Grosselet | song | CC BY-NC-SA 4.0 | Lomas de Bezares Miguel Hidalgo Mexico city | 5.885 km
  ... 173 further candidates (full list in the import report after downloading).

Leiothlypis celata: 996 candidates, 786 reusable/eligible, 3 selected
  SELECT xeno-canto:XC597921 | Isain Contreras Rodríguez | call | CC BY-NC-SA 4.0 | Parque las maravillas, Ciudad de México | 24.103 km | geographic tier 2; quality A; type call; reusable license; diversity within tier | https://xeno-canto.org/597921
  SELECT inaturalist:1251037 | Efraín Octavio Aguilar Pérez | type unknown | CC BY-NC 4.0 | Parque Nacional Bosque del Pedregal, Ciudad de México, CDMX, México | 11.178 km | geographic tier 2; quality not rated; type not supplied; reusable license; diversity within tier | https://www.inaturalist.org/observations/251715879
  SELECT xeno-canto:XC290280 | Manuel Grosselet | call | CC BY-NC-SA 4.0 | Mx, Distrito Federal, Lomas de Bezares, Calle Colina | 6.177 km | geographic tier 2; quality B; type call; reusable license; diversity within tier | https://xeno-canto.org/290280
  candidate xeno-canto:XC291616 | Manuel Grosselet | call | CC BY-NC-SA 4.0 | Mx, Distrito Federal, Lomas de Bezares, Calle Colina | 6.177 km
  candidate inaturalist:1707768 | Efraín Octavio Aguilar Pérez | type unknown | CC BY-NC 4.0 | El Parque, Ciudad de México, CDMX, México | 18.77 km
  candidate inaturalist:1301378 | Diego Barrales | type unknown | no license | Parque Ecológico de Xochimilco, Ciudad de México, CDMX, México | 20.668 km | REJECT License not accepted
  candidate inaturalist:1265297 | Nao | type unknown | CC BY-NC 4.0 | Agrícola Pantitlán, 08100 Ciudad de México, CDMX, México | 24.202 km
  candidate inaturalist:1273011 | Nao | type unknown | CC BY-NC 4.0 | Agrícola Pantitlán, 08100 Ciudad de México, CDMX, México | 24.364 km
  candidate inaturalist:1261001 | Efraín Octavio Aguilar Pérez | type unknown | CC BY-NC 4.0 | Zoológico de San Juan de Aragón, 07920 Ciudad de México, CDMX, México | 25.446 km
  candidate inaturalist:1261003 | Efraín Octavio Aguilar Pérez | type unknown | CC BY-NC 4.0 | Zoológico de San Juan de Aragón, 07920 Ciudad de México, CDMX, México | 25.567 km
  candidate xeno-canto:XC683408 | Alán Palacios | type unknown | CC BY-NC-SA 4.0 | Nepantla de Sor Juana Inés de la Cruz, Tepetlixpa, State of Mexico | 59.897 km
  ... 985 further candidates (full list in the import report after downloading).
WARNING: iNaturalist search truncated at 5 pages ({}).

Leiothlypis peregrina: 915 candidates, 728 reusable/eligible, 3 selected
  SELECT xeno-canto:XC539757 | Manuel Grosselet | flight call | CC BY-NC-SA 4.0 | MEX, Oax, oaxaca Jardin Botanico | 371.095 km | geographic tier 4; quality B; type flight call; reusable license; diversity within tier | https://xeno-canto.org/539757
  SELECT xeno-canto:XC335338 | Richard E. Webster | call | CC BY-NC-SA 4.0 | Limonar, near El Triunfo, Chiapas | 800.91 km | geographic tier 4; quality B; type call; reusable license; diversity within tier | https://xeno-canto.org/335338
  SELECT inaturalist:1321269 | Arturo Benavides Mendoza | type unknown | CC BY 4.0 | Agustín Melgar, Morelos, 86389 Comalcalco, Tab., México | 648.899 km | geographic tier 4; quality not rated; type not supplied; reusable license; diversity within tier | https://www.inaturalist.org/observations/263648485
  candidate xeno-canto:XC232088 | Peter Boesman | call | https://creativecommons.org/licenses/by-nc-nd/4.0/ | Bonampak, Chiapas | 915.579 km | REJECT License not accepted
  candidate xeno-canto:XC368540 | Dan Lane | call, flight call | CC BY-NC-SA 4.0 | Peveto Woods Sanctuary, Cameron Par., LA | 1291.14 km
  candidate xeno-canto:XC436646 | Vincent Weber | call | CC BY-NC-SA 4.0 | Gulf Shores, Baldwin County, Alabama | 1679.521 km
  candidate xeno-canto:XC232085 | Peter Boesman | song | https://creativecommons.org/licenses/by-nc-nd/4.0/ | Devil Den's SP, AR | 1892.476 km | REJECT License not accepted
  candidate xeno-canto:XC314686 | J.R. Rigby | song | CC BY-NC-SA 4.0 | Oxford, Lafayette County, Mississippi | 1934.833 km
  candidate xeno-canto:XC828152 | Richard E. Webster | call, song | CC BY-NC-SA 4.0 | McCormack Lake, Mark Twain NF, MO | 2090.342 km
  candidate xeno-canto:XC315399 | Bates Estabrooks | call, song | CC BY-NC-SA 4.0 | Rocky Top, Anderson County, Tennessee | 2384.328 km
  candidate xeno-canto:XC369647 | Bates Estabrooks | song | CC BY-NC-SA 4.0 | Tennessee (near  Caryville), Campbell County, Tennessee | 2387.922 km
  ... 904 further candidates (full list in the import report after downloading).
WARNING: iNaturalist search truncated at 5 pages ({}).

Leiothlypis ruficapilla: 857 candidates, 702 reusable/eligible, 3 selected
  SELECT xeno-canto:XC314411 | Manuel Grosselet | song | CC BY-NC-SA 4.0 | Cuajimalpa (near  Ciudad de México), Distrito Federal | 5.885 km | geographic tier 1; quality B; type song; reusable license; diversity within tier | https://xeno-canto.org/314411
  SELECT xeno-canto:XC289673 | Manuel Grosselet | call | CC BY-NC-SA 4.0 | Mx, Distrito Federal, Lomas de Bezares, Calle Colina | 6.177 km | geographic tier 2; quality B; type call; reusable license; diversity within tier | https://xeno-canto.org/289673
  SELECT inaturalist:1345361 | Octavio Pérez-Martínez | type unknown | CC BY-NC-SA 4.0 | 2do Parque las Águilas, Ciudad de México, CDMX, México | 7.557 km | geographic tier 2; quality not rated; type not supplied; reusable license; diversity within tier | https://www.inaturalist.org/observations/266490158
  candidate xeno-canto:XC466715 | Manuel Grosselet | call, song | CC BY-NC-SA 4.0 | Mx, Distrito Federal, Lomas de Bezares, Calle Colina | 6.177 km
  candidate xeno-canto:XC289679 | Manuel Grosselet | call | CC BY-NC-SA 4.0 | Mx, Distrito Federal, Lomas de Bezares, Calle Colina | 6.177 km
  candidate xeno-canto:XC306684 | Manuel Grosselet | call | CC BY-NC-SA 4.0 | Mx, Distrito Federal, Lomas de Bezares, Calle Colina | 6.177 km
  candidate xeno-canto:XC312897 | Manuel Grosselet | song | CC BY-NC-SA 4.0 | Mx, Distrito Federal, Lomas de Bezares, Calle Colina | 6.177 km
  candidate xeno-canto:XC1075272 | Joren van Schie | call | CC BY-NC-SA 4.0 | Tlalpan (near  Ciudad de México), Ciudad de México | 10.868 km
  candidate xeno-canto:XC691912 | Manuel Grosselet | call | CC BY-NC-SA 4.0 | Iztapalapa (near  Ciudad de México), Ciudad de México | 21.704 km
  candidate inaturalist:1345363 | Octavio Pérez-Martínez | type unknown | CC BY-NC-SA 4.0 | 2do Parque las Águilas, Ciudad de México, CDMX, México | 7.557 km
  candidate inaturalist:1736042 | Efraín Octavio Aguilar Pérez | type unknown | CC BY-NC 4.0 | Bosque de Chapultepec III Secc, Ciudad de México, CDMX, México | 8.402 km
  ... 846 further candidates (full list in the import report after downloading).
WARNING: iNaturalist search truncated at 5 pages ({}).

Leiothlypis virginiae: 210 candidates, 154 reusable/eligible, 3 selected
  SELECT xeno-canto:XC698487 | Manuel Grosselet | call | CC BY-NC-SA 4.0 | Coyoacán (near  Ciudad de México), Ciudad de México | 17.237 km | geographic tier 2; quality A; type call; reusable license; diversity within tier | https://xeno-canto.org/698487
  SELECT inaturalist:27016 | Ricardo A. T. | type unknown | CC BY-NC 4.0 | Chavinda, Mich., México | 342.622 km | geographic tier 4; quality not rated; type not supplied; reusable license; diversity within tier | https://www.inaturalist.org/observations/18031009
  SELECT xeno-canto:XC897174 | Manuel Grosselet | call | CC BY-NC-SA 4.0 | Oaxaca,  San Augustin Etla, terreno de Golf | 358.779 km | geographic tier 4; quality A; type call; reusable license; diversity within tier | https://xeno-canto.org/897174
  candidate inaturalist:1669462 | Jorge Luis Garcia Velasco | type unknown | no license | 13116 CDMX, México | 30.775 km | REJECT License not accepted
  candidate xeno-canto:XC608421 | Manuel Grosselet | call | CC BY-NC-SA 4.0 | San Pablo Etla, San Pablo Etla, Oaxaca | 361.011 km
  candidate xeno-canto:XC608423 | Manuel Grosselet | call | CC BY-NC-SA 4.0 | San Pablo Etla, San Pablo Etla, Oaxaca | 361.011 km
  candidate xeno-canto:XC627763 | Manuel Grosselet | call | CC BY-NC-SA 4.0 | San Pablo Etla, San Pablo Etla, Oaxaca | 361.551 km
  candidate xeno-canto:XC627765 | Manuel Grosselet | call | CC BY-NC-SA 4.0 | San Pablo Etla, San Pablo Etla, Oaxaca | 361.551 km
  candidate xeno-canto:XC598098 | Manuel Grosselet | call | CC BY-NC-SA 4.0 | MEX, Oax, oaxaca Jardin Botanico | 371.095 km
  candidate xeno-canto:XC608422 | Manuel Grosselet | call | CC BY-NC-SA 4.0 | San Pablo Etla, San Pablo Etla, Oaxaca | 361.011 km
  candidate xeno-canto:XC64856 | manuel Grosselet | call | https://creativecommons.org/licenses/by-nc-nd/2.5/ | Mx, Oaxaca Monte Albán | 369.972 km | REJECT License not accepted
  ... 199 further candidates (full list in the import report after downloading).

Lepidocolaptes leucogaster: 57 candidates, 40 reusable/eligible, 3 selected
  SELECT xeno-canto:XC184390 | Manuel Grosselet | song | CC BY-NC-SA 4.0 | State of Mexico | 120.433 km | geographic tier 3; quality B; type song; reusable license; diversity within tier | https://xeno-canto.org/184390
  SELECT xeno-canto:XC27717 | Daniel Lane | call | CC BY-NC-SA 3.0 | NE slope Volcan de Fuego near microwave towers, Jalisco  | 446.033 km | geographic tier 4; quality B; type call; reusable license; diversity within tier | https://xeno-canto.org/27717
  SELECT xeno-canto:XC670377 | Oveth Fuentes | uncertain | CC BY-NC-SA 4.0 | Montitlán, Cuauhtémoc Municipality, Colima, Colima | 454.796 km | geographic tier 4; quality C; type uncertain; reusable license; diversity within tier | https://xeno-canto.org/670377
  candidate xeno-canto:XC686065 | Alán Palacios | song | CC BY-NC-SA 4.0 | Sendero NE del Restaurante "El Paso del Venado" | 64.807 km
  candidate xeno-canto:XC395625 | Leonardo Guzman Hernandez | song | CC BY-NC-SA 4.0 | Hidalgo, Michoacán | 155.551 km
  candidate xeno-canto:XC658579 | Manuel Grosselet | song | CC BY-NC-SA 4.0 | Oax, Mex, arroyo Guacamayas | 358.563 km
  candidate xeno-canto:XC234659 | Andrew Spencer | song | CC BY-NC-SA 4.0 | San Jose del Pacifico, Oaxaca | 462.583 km
  candidate xeno-canto:XC224954 | Peter Boesman | song | https://creativecommons.org/licenses/by-nc-nd/4.0/ | Floripondio road, Volcan de Nieve, Jalisco | 463.911 km | REJECT License not accepted
  candidate xeno-canto:XC224955 | Peter Boesman | song | https://creativecommons.org/licenses/by-nc-nd/4.0/ | Floripondio road, Volcan de Nieve, Jalisco | 463.911 km | REJECT License not accepted
  candidate xeno-canto:XC224956 | Peter Boesman | song | https://creativecommons.org/licenses/by-nc-nd/4.0/ | Floripondio road, Volcan de Nieve, Jalisco | 463.911 km | REJECT License not accepted
  candidate xeno-canto:XC224957 | Peter Boesman | song | https://creativecommons.org/licenses/by-nc-nd/4.0/ | Cerro de San Juan, Nayarit | 630.459 km | REJECT License not accepted
  ... 46 further candidates (full list in the import report after downloading).

Leuconotopicus stricklandi: 19 candidates, 16 reusable/eligible, 3 selected
  SELECT xeno-canto:XC597919 | Isain Contreras Rodríguez | call | CC BY-NC-SA 4.0 | Parque las maravillas, Ciudad de México | 24.103 km | geographic tier 2; quality A; type call; reusable license; diversity within tier | https://xeno-canto.org/597919
  SELECT xeno-canto:XC579592 | Isain Contreras Rodríguez | call | CC BY-NC-SA 4.0 | Parque las maravillas, Ciudad de México | 24.103 km | geographic tier 2; quality B; type call; reusable license; diversity within tier | https://xeno-canto.org/579592
  SELECT xeno-canto:XC579593 | Isain Contreras Rodríguez | call | CC BY-NC-SA 4.0 | Parque las maravillas, Ciudad de México | 24.103 km | geographic tier 2; quality B; type call; reusable license; diversity within tier | https://xeno-canto.org/579593
  candidate xeno-canto:XC579594 | Isain Contreras Rodríguez | call | CC BY-NC-SA 4.0 | Parque las maravillas, Ciudad de México | 24.103 km
  candidate xeno-canto:XC579595 | Isain Contreras Rodríguez | call | CC BY-NC-SA 4.0 | Parque las maravillas, Ciudad de México | 24.103 km
  candidate xeno-canto:XC579596 | Isain Contreras Rodríguez | call | CC BY-NC-SA 4.0 | Parque las maravillas, Ciudad de México | 24.103 km
  candidate xeno-canto:XC457209 | Manuel Grosselet | call, song | CC BY-NC-SA 4.0 | Parque las maravillas, Topilejo | 25.844 km
  candidate xeno-canto:XC722309 | Alberto Lobato | call | CC BY-NC-SA 4.0 | Vidal Díaz Muñoz, Perote, Veracruz | 224.426 km
  candidate xeno-canto:XC722310 | Alberto Lobato | begging call, song, hatchling or nestling | CC BY-NC-SA 4.0 | Vidal Díaz Muñoz, Perote, Veracruz | 224.426 km
  candidate xeno-canto:XC803544 | Alberto Lobato | drumming | CC BY-NC-SA 4.0 | Vidal Díaz Muñoz, Perote, Veracruz | 224.426 km
  candidate xeno-canto:XC1133733 | Manuel Grosselet | song | CC BY-NC-SA 4.0 | Heroica Puebla de Zaragoza, Puebla de los Angeles, Puebla | 116.129 km
  ... 8 further candidates (full list in the import report after downloading).

Leuconotopicus villosus: 942 candidates, 746 reusable/eligible, 3 selected
  SELECT xeno-canto:XC290278 | Manuel Grosselet | call, flight call | CC BY-NC-SA 4.0 | Mex DF entrance Desierto de los Leones | 4.266 km | geographic tier 0; quality B; type call, flight call; reusable license; diversity within tier | https://xeno-canto.org/290278
  SELECT inaturalist:1554785 | Efraín Octavio Aguilar Pérez | type unknown | CC BY-NC 4.0 | Cd. de México, México | 3.631 km | geographic tier 0; quality not rated; type not supplied; reusable license; diversity within tier | https://www.inaturalist.org/observations/295201770
  SELECT inaturalist:1424136 | Efraín Octavio Aguilar Pérez | type unknown | CC BY-NC 4.0 | Cd. de México, México | 3.734 km | geographic tier 0; quality not rated; type not supplied; reusable license; diversity within tier | https://www.inaturalist.org/observations/276359873
  candidate xeno-canto:XC681647 | Manuel Grosselet | song | CC BY-NC-SA 4.0 | San Pablo Río Hondo, San Mateo Río Hondo, Oaxaca | 463.986 km
  candidate xeno-canto:XC259508 | Frank Lambert | call | https://creativecommons.org/licenses/by-nc-nd/4.0/ | Nr Rancho Nuevo, southeast of San Cristóbal de las Casas, Chiapas | 773.845 km | REJECT License not accepted
  candidate xeno-canto:XC335359 | Richard E. Webster | call | CC BY-NC-SA 4.0 | Campamento El Triunfo, Chiapas | 799.902 km
  candidate xeno-canto:XC335362 | Richard E. Webster | drumming | CC BY-NC-SA 4.0 | Campamento El Triunfo, Chiapas | 799.902 km
  candidate xeno-canto:XC335363 | Richard E. Webster | drumming | CC BY-NC-SA 4.0 | Campamento El Triunfo, Chiapas | 799.902 km
  candidate xeno-canto:XC335365 | Richard E. Webster | drumming | CC BY-NC-SA 4.0 | Campamento El Triunfo, Chiapas | 799.902 km
  candidate xeno-canto:XC72368 | Richard E Webster | call | https://creativecommons.org/licenses/by-nc-nd/2.5/ | La Corona Arriba, Sierra San Pedro Martir, Baja California | 2078.061 km | REJECT License not accepted
  candidate xeno-canto:XC72369 | Richard E Webster | call | https://creativecommons.org/licenses/by-nc-nd/2.5/ | La Corona Arriba, Sierra San Pedro Martir, Baja California | 2078.061 km | REJECT License not accepted
  ... 931 further candidates (full list in the import report after downloading).
WARNING: iNaturalist search truncated at 5 pages ({}).

Loxia curvirostra: 1047 candidates, 849 reusable/eligible, 3 selected
  SELECT xeno-canto:XC814549 | Manuel Grosselet | flight call | CC BY-NC-SA 4.0 | Mex DF entrance Desierto de los Leones | 4.266 km | geographic tier 0; quality A; type flight call; reusable license; diversity within tier | https://xeno-canto.org/814549
  SELECT xeno-canto:XC149097 | Manuel Grosselet | call | CC BY-NC-SA 3.0 | Mex DF entrance Desierto de los Leones | 4.266 km | geographic tier 0; quality B; type call; reusable license; diversity within tier | https://xeno-canto.org/149097
  SELECT xeno-canto:XC350060 | Manuel Grosselet | song, squirrel | CC BY-NC-SA 4.0 | Mex DF entrance Desierto de los Leones | 4.266 km | geographic tier 0; quality B; type song, squirrel; reusable license; diversity within tier | https://xeno-canto.org/350060
  candidate xeno-canto:XC167983 | Manuel Grosselet | call | CC BY-NC-SA 3.0 | Mex DF entrance Desierto de los Leones | 4.266 km
  candidate xeno-canto:XC167984 | Manuel Grosselet | call | CC BY-NC-SA 3.0 | Mex DF entrance Desierto de los Leones | 4.266 km
  candidate xeno-canto:XC252194 | Manuel Grosselet | call | CC BY-NC-SA 4.0 | Mex DF entrance Desierto de los Leones | 4.266 km
  candidate xeno-canto:XC289835 | Manuel Grosselet | flight call | CC BY-NC-SA 4.0 | Mex DF entrance Desierto de los Leones | 4.266 km
  candidate xeno-canto:XC350058 | Manuel Grosselet | call, squirrel | CC BY-NC-SA 4.0 | Mex DF entrance Desierto de los Leones | 4.266 km
  candidate xeno-canto:XC350061 | Manuel Grosselet | call, song | CC BY-NC-SA 4.0 | Mex DF entrance Desierto de los Leones | 4.266 km
  candidate xeno-canto:XC305571 | James Bradley | call, flight call | CC BY-NC-SA 4.0 | La Cima, Distrito Federal | 28.297 km
  candidate xeno-canto:XC305572 | James Bradley | subsong | CC BY-NC-SA 4.0 | La Cima, Distrito Federal | 28.297 km
  ... 1036 further candidates (full list in the import report after downloading).
WARNING: Xeno-canto search truncated at 5 pages (world).
WARNING: iNaturalist search truncated at 5 pages ({}).

Luscinia megarhynchos: 1029 candidates, 824 reusable/eligible, 3 selected
  SELECT xeno-canto:XC742242 | Jacobo Ramil Millarengo | alarm call, call, swee call and croak call | CC BY-NC-SA 4.0 | A Braña, Vilanova de Arousa,  Pontevedra, Galicia | 8603.053 km | geographic tier 5; quality A; type alarm call, call, swee call and croak call; reusable license; diversity within tier | https://xeno-canto.org/742242
  SELECT xeno-canto:XC743849 | Jacobo Ramil Millarengo | call, swee call | CC BY-NC-SA 4.0 | A Braña, Vilanova de Arousa,  Pontevedra, Galicia | 8603.053 km | geographic tier 5; quality A; type call, swee call; reusable license; diversity within tier | https://xeno-canto.org/743849
  SELECT xeno-canto:XC794755 | Jorge Leitão | song | CC BY-NC-SA 4.0 | Sítio de Cabanas, São Vicente, Braga, Braga | 8664.132 km | geographic tier 5; quality A; type song; reusable license; diversity within tier | https://xeno-canto.org/794755
  candidate xeno-canto:XC794756 | Jorge Leitão | song | CC BY-NC-SA 4.0 | Sítio de Cabanas, São Vicente, Braga, Braga | 8664.132 km
  candidate xeno-canto:XC794757 | Jorge Leitão | song | CC BY-NC-SA 4.0 | Sítio de Cabanas, São Vicente, Braga, Braga | 8664.132 km
  candidate xeno-canto:XC794759 | Jorge Leitão | song | CC BY-NC-SA 4.0 | Sítio de Cabanas, São Vicente, Braga, Braga | 8664.132 km
  candidate xeno-canto:XC897947 | Jorge Leitão | song | CC BY-NC-SA 4.0 | Sítio de Cabanas, São Vicente, Braga, Braga | 8664.132 km
  candidate xeno-canto:XC897948 | Jorge Leitão | song | CC BY-NC-SA 4.0 | Sítio de Cabanas, São Vicente, Braga, Braga | 8664.132 km
  candidate xeno-canto:XC897949 | Jorge Leitão | song | CC BY-NC-SA 4.0 | Sítio de Cabanas, São Vicente, Braga, Braga | 8664.132 km
  candidate xeno-canto:XC899798 | Jorge Leitão | song | CC BY-NC-SA 4.0 | Sítio de Cabanas, São Vicente, Braga, Braga | 8664.132 km
  candidate xeno-canto:XC899806 | Jorge Leitão | song | CC BY-NC-SA 4.0 | Sítio de Cabanas, São Vicente, Braga, Braga | 8664.132 km
  ... 1018 further candidates (full list in the import report after downloading).
WARNING: Xeno-canto search truncated at 5 pages (world).
WARNING: iNaturalist search truncated at 5 pages ({}).

Megaceryle alcyon: 784 candidates, 555 reusable/eligible, 3 selected
  SELECT xeno-canto:XC290046 | Manuel Grosselet | call | CC BY-NC-SA 4.0 | Mx, Distrito Federal, Xochimilco | 20.677 km | geographic tier 2; quality B; type call; reusable license; diversity within tier | https://xeno-canto.org/290046
  SELECT inaturalist:1230327 | Efraín Octavio Aguilar Pérez | type unknown | CC BY-NC 4.0 | Paseos de Taxqueña, Ciudad de México, CDMX, México | 16.454 km | geographic tier 2; quality not rated; type not supplied; reusable license; diversity within tier | https://www.inaturalist.org/observations/247507268
  SELECT inaturalist:1230328 | Efraín Octavio Aguilar Pérez | type unknown | CC BY-NC 4.0 | Paseos de Taxqueña, Ciudad de México, CDMX, México | 16.454 km | geographic tier 2; quality not rated; type not supplied; reusable license; diversity within tier | https://www.inaturalist.org/observations/247507268
  candidate xeno-canto:XC593004 | Isain Contreras Rodríguez | call | CC BY-NC-SA 4.0 | Mx, Distrito Federal, Xochimilco | 20.677 km | REJECT Low source quality
  candidate inaturalist:1249221 | Yaotecatl Moran | type unknown | no license | Paradero Cu, C.U., 04510 Ciudad de México, CDMX, México | 12.083 km | REJECT License not accepted
  candidate inaturalist:1230296 | Efraín Octavio Aguilar Pérez | type unknown | CC BY-NC 4.0 | Parque Ecológico de Xochimilco, Ciudad de México, CDMX, México | 20.809 km
  candidate inaturalist:1230294 | Efraín Octavio Aguilar Pérez | type unknown | CC BY-NC 4.0 | Parque Ecológico de Xochimilco, Ciudad de México, CDMX, México | 20.853 km
  candidate inaturalist:1368604 | Efraín Octavio Aguilar Pérez | type unknown | CC BY-NC 4.0 | Parque Ecológico de Xochimilco, Ciudad de México, CDMX, México | 20.949 km
  candidate xeno-canto:XC695992 | Manuel Grosselet | call | CC BY-NC-SA 4.0 | Santo Tomás Mazaltepec, San Andrés Zautla, Oaxaca | 353.295 km
  candidate xeno-canto:XC695993 | Manuel Grosselet | call | CC BY-NC-SA 4.0 | Santo Tomás Mazaltepec, San Andrés Zautla, Oaxaca | 353.295 km
  candidate xeno-canto:XC400852 | Richard E. Webster | call | CC BY-NC-SA 4.0 | Presa Chiculi, Rio Yaqui, Sonora | 1430.272 km
  ... 773 further candidates (full list in the import report after downloading).
WARNING: iNaturalist search truncated at 5 pages ({}).

Megascops kennicottii: 802 candidates, 630 reusable/eligible, 3 selected
  SELECT xeno-canto:XC128426 | Manuel Grosselet | song | CC BY-NC-SA 3.0 | Mx, Distrito Federal, Lomas de Bezares, Calle Colina | 6.177 km | geographic tier 2; quality C; type song; reusable license; diversity within tier | https://xeno-canto.org/128426
  SELECT inaturalist:152830 | Daniel Martínez Galíndez | type unknown | CC BY-NC 4.0 | Parque Nacional Bosque del Pedregal, 14738 Ciudad de México, CDMX, México | 10.88 km | geographic tier 2; quality not rated; type not supplied; reusable license; diversity within tier | https://www.inaturalist.org/observations/66265170
  SELECT inaturalist:1002747 | Efraín Octavio Aguilar Pérez | type unknown | CC BY-NC 4.0 | Zoológico de San Juan de Aragón, 07920 Ciudad de México, CDMX, México | 24.874 km | geographic tier 2; quality not rated; type not supplied; reusable license; diversity within tier | https://www.inaturalist.org/observations/211600274
  candidate inaturalist:486586 | Jimena Vargas Toledo | type unknown | no license | Industrial, 07800 Ciudad de México, CDMX, México | 21.668 km | REJECT License not accepted
  candidate inaturalist:486591 | Jimena Vargas Toledo | type unknown | no license | Industrial, 07800 Ciudad de México, CDMX, México | 21.668 km | REJECT License not accepted
  candidate inaturalist:1716148 | Jorge Luis Garcia Velasco | type unknown | no license | 13700 San Nicolás Tetelco, CDMX, México | 34.316 km | REJECT License not accepted
  candidate inaturalist:1025061 | Jorge Luis Garcia Velasco | type unknown | no license | Los Reyes, 13610 San Andrés Mixquic, CDMX, México | 34.891 km | REJECT License not accepted
  candidate inaturalist:2085304 | EuElla | type unknown | CC BY-NC 4.0 | Metepec, State of Mexico, Mexico | 34.978 km
  candidate xeno-canto:XC21273 | Richard E Webster | song | https://creativecommons.org/licenses/by-nc-nd/2.5/ | near San Antonio de la Sierra, Baja Sur | 1199.088 km | REJECT License not accepted
  candidate xeno-canto:XC348776 | Richard E. Webster | song | CC BY-NC-SA 4.0 | Arroyo Huatamote, near Percebu, Baja California | 2015.916 km
  candidate xeno-canto:XC712091 | David Ruíz Domínguez | nocturnal flight call, song | CC BY-NC-SA 4.0 | Morelia, Morelia, Michoacán | 202.557 km
  ... 791 further candidates (full list in the import report after downloading).
WARNING: iNaturalist search truncated at 5 pages ({}).

Melanerpes aurifrons: 451 candidates, 287 reusable/eligible, 3 selected
  SELECT inaturalist:943000 | Efraín Octavio Aguilar Pérez | type unknown | CC BY-NC 4.0 | Hacienda del Rosario, Ex el Rosario, 02420 Ciudad de México, CDMX, México | 18.01 km | geographic tier 2; quality not rated; type not supplied; reusable license; diversity within tier | https://www.inaturalist.org/observations/204282091
  SELECT inaturalist:1912511 | CarinaCR | type unknown | CC BY-NC 4.0 | Embarcadero Tezozomoc, Hacienda del Rosario 558, Prados del Rosario, Hacienda del Rosario, Ex el Rosario, Azcapotzalco, 02420 Ciudad de México, CDMX, México | 18.026 km | geographic tier 2; quality not rated; type not supplied; reusable license; diversity within tier | https://www.inaturalist.org/observations/356544913
  SELECT inaturalist:1375651 | Kelly Tolentino | type unknown | CC BY-NC 4.0 | Hacienda del Rosario, Ex el Rosario, 02420 Ciudad de México, CDMX, México | 18.142 km | geographic tier 2; quality not rated; type not supplied; reusable license; diversity within tier | https://www.inaturalist.org/observations/270516150
  candidate inaturalist:1375652 | Kelly Tolentino | type unknown | CC BY-NC 4.0 | Hacienda del Rosario, Ex el Rosario, 02420 Ciudad de México, CDMX, México | 18.142 km
  candidate inaturalist:1375653 | Kelly Tolentino | type unknown | CC BY-NC 4.0 | Hacienda del Rosario, Ex el Rosario, 02420 Ciudad de México, CDMX, México | 18.142 km
  candidate inaturalist:981610 | Efraín Octavio Aguilar Pérez | type unknown | CC BY-NC 4.0 | Hacienda del Rosario, Ex el Rosario, 02420 Ciudad de México, CDMX, México | 18.184 km
  candidate xeno-canto:XC197793 | Elvis Herrera Rodríguez | song | CC BY-NC-SA 4.0 | Parque Estatal Cerro Punhuato | 197.938 km
  candidate xeno-canto:XC1072380 | Angel Castillo Cime | call | CC BY-NC-SA 4.0 | Sendero Xocén-Kanxoc, Yucatán | 1171.741 km
  candidate xeno-canto:XC197258 | Elvis Herrera Rodríguez | call | CC BY-NC-SA 4.0 | Parque Estatal Cerro Punhuato | 197.938 km
  candidate xeno-canto:XC232920 | Elvis Herrera Rodríguez | call | CC BY-NC-SA 4.0 | Parque Estatal Cerro Punhuato | 197.938 km
  candidate xeno-canto:XC1093062 | Manuel Grosselet | call | CC BY-NC-SA 4.0 | Mancha, Actopan, Veracruz | 304.769 km
  ... 440 further candidates (full list in the import report after downloading).

Melanerpes formicivorus: 906 candidates, 686 reusable/eligible, 3 selected
  SELECT inaturalist:1909357 | Nathan Zárate | type unknown | CC BY-NC 4.0 | 8PCH+JC Rancho los encinos, Tlacoyaque, Álvaro Obregón, 01859 Ciudad de México, CDMX, México | 3.601 km | geographic tier 0; quality not rated; type not supplied; reusable license; diversity within tier | https://www.inaturalist.org/observations/356133725
  SELECT inaturalist:1150775 | Rodolfo DQ | type unknown | CC BY-NC 4.0 | Avenida Loma de Guadalupe, Álvaro Obregón, CDMX, MX | 3.96 km | geographic tier 0; quality not rated; type not supplied; reusable license; diversity within tier | https://www.inaturalist.org/observations/233370846
  SELECT xeno-canto:XC423651 | Manuel Grosselet | song | CC BY-NC-SA 4.0 | Lomas de Bezares Miguel Hidalgo Mexico city | 5.885 km | geographic tier 2; quality B; type song; reusable license; diversity within tier | https://xeno-canto.org/423651
  candidate xeno-canto:XC367251 | Manuel Grosselet | call | CC BY-NC-SA 4.0 | Mx, Distrito Federal, Lomas de Bezares, Calle Colina | 6.177 km
  candidate xeno-canto:XC587104 | Isain Contreras Rodríguez | call | CC BY-NC-SA 4.0 | Parque las maravillas, Ciudad de México | 24.103 km
  candidate xeno-canto:XC587105 | Isain Contreras Rodríguez | call | CC BY-NC-SA 4.0 | Parque las maravillas, Ciudad de México | 24.103 km
  candidate inaturalist:1706007 | Efraín Octavio Aguilar Pérez | type unknown | CC BY-NC 4.0 | Parque Nacional Bosque del Pedregal, Ciudad de México, CDMX, México | 10.016 km
  candidate inaturalist:1706012 | Efraín Octavio Aguilar Pérez | type unknown | CC BY-NC 4.0 | Parque Nacional Bosque del Pedregal, Ciudad de México, CDMX, México | 10.084 km
  candidate inaturalist:1230116 | Efraín Octavio Aguilar Pérez | type unknown | CC BY-NC 4.0 | Parque Nacional Bosque del Pedregal, Ciudad de México, CDMX, México | 10.798 km
  candidate xeno-canto:XC857734 | Olivier SWIFT, GROSSELET Manuel | song | CC BY-NC-SA 4.0 | Loma Alta, San Miguel Zinacantepec, Estado de México | 57.948 km
  candidate xeno-canto:XC21493 | Richard E Webster | call | https://creativecommons.org/licenses/by-nc-nd/2.5/ | Rio El Aguajo, near San Antonio de la Sierra, Baja Sur | 1199.593 km | REJECT License not accepted
  ... 895 further candidates (full list in the import report after downloading).
WARNING: iNaturalist search truncated at 5 pages ({}).

Melanotis caerulescens: 676 candidates, 504 reusable/eligible, 3 selected
  SELECT xeno-canto:XC630959 | Manuel Grosselet | song | CC BY-NC-SA 4.0 | MX Distrito federal la Loma baja | 4.242 km | geographic tier 0; quality A; type song; reusable license; diversity within tier | https://xeno-canto.org/630959
  SELECT xeno-canto:XC630961 | Manuel Grosselet | song | CC BY-NC-SA 4.0 | Álvaro Obregón (near  Ciudad de México), Ciudad de México | 3.807 km | geographic tier 0; quality B; type song; reusable license; diversity within tier | https://xeno-canto.org/630961
  SELECT xeno-canto:XC462124 | Manuel Grosselet | song | CC BY-NC-SA 4.0 | MX Distrito federal la Loma baja | 4.242 km | geographic tier 0; quality B; type song; reusable license; diversity within tier | https://xeno-canto.org/462124
  candidate inaturalist:175477 | Manuel Grosselet | type unknown | no license | Santa Fe, Zedec Sta Fé, Ciudad de México, CDMX, Mexique | 3.8 km | REJECT License not accepted
  candidate inaturalist:175476 | Manuel Grosselet | type unknown | no license | Santa Fe, Zedec Sta Fé, Ciudad de México, CDMX, Mexique | 4.272 km | REJECT License not accepted
  candidate xeno-canto:XC314663 | Manuel Grosselet | song | CC BY-NC-SA 4.0 | Cuajimalpa (near  Ciudad de México), Distrito Federal | 5.885 km
  candidate xeno-canto:XC625520 | Manuel Grosselet | song | CC BY-NC-SA 4.0 | Lomas de Bezares Miguel Hidalgo, Ciudad de México | 5.699 km
  candidate xeno-canto:XC481733 | Manuel Grosselet | song | CC BY-NC-SA 4.0 | Miguel Hidalgo (near  Ciudad de México), Ciudad de México | 5.885 km
  candidate xeno-canto:XC569832 | Manuel Grosselet | song | CC BY-NC-SA 4.0 | Lomas de Bezares Miguel Hidalgo Mexico city | 5.885 km
  candidate xeno-canto:XC575701 | Manuel Grosselet | song | CC BY-NC-SA 4.0 | Lomas de Bezares Miguel Hidalgo Mexico city | 5.885 km
  candidate xeno-canto:XC579144 | Manuel Grosselet | imitation, song, mimicry/imitation | CC BY-NC-SA 4.0 | Lomas de Bezares Miguel Hidalgo Mexico city | 5.885 km
  ... 665 further candidates (full list in the import report after downloading).

Meleagris gallopavo: 649 candidates, 505 reusable/eligible, 3 selected
  SELECT xeno-canto:XC617755 | Manuel Grosselet | call | CC BY-NC-SA 4.0 | El Arrozal, Hidalgotitlán Municipality, Veracruz | 519.902 km | geographic tier 4; quality A; type call; reusable license; diversity within tier | https://xeno-canto.org/617755
  SELECT inaturalist:1655994 | ave flores | type unknown | CC BY-NC 4.0 | 79554 S.L.P., Mexico | 331.089 km | geographic tier 4; quality not rated; type not supplied; reusable license; diversity within tier | https://www.inaturalist.org/observations/318307822
  SELECT xeno-canto:XC450760 | Richard E. Webster | call | CC BY-NC-SA 4.0 | Arroyo Hondo, Km 260 on Carretera 16 west of Yécora, Sonora | 1410.071 km | geographic tier 4; quality C; type call; reusable license; diversity within tier | https://xeno-canto.org/450760
  candidate xeno-canto:XC655928 | Leonardo Guzman Hernandez | song | CC BY-NC-SA 4.0 | Santiago, Santiago, Nuevo León | 681.581 km | REJECT Low source quality
  candidate inaturalist:440392 | Marilyn Castillo Muñoz | type unknown | cc-by-nc-nd | Santiago, N.L., México | 676.052 km | REJECT License not accepted
  candidate inaturalist:251032 | Leonardo Guzmán | type unknown | cc-by-nc-nd | Santiago, N.L., México | 681.681 km | REJECT License not accepted
  candidate inaturalist:258129 | Luis Humberto "Beto" Montemayor | type unknown | no license | Monterrey, Nuevo Leon, Mexico | 702.567 km | REJECT License not accepted
  candidate inaturalist:949969 | Álvaro San José | type unknown | CC BY-NC 4.0 | San Pedro Garza García, Nuevo Leon, Mexico | 704.509 km
  candidate inaturalist:645224 | Pepe | type unknown | CC BY-NC 4.0 | San Pedro Garza García, N.L., México | 705.248 km
  candidate inaturalist:675066 | Alejandra Peña Estrada | type unknown | CC BY 4.0 | Cumbres de Majalca, Chihuahua, MX-CH, MX | 1277.25 km
  candidate xeno-canto:XC779658 | Richard E. Webster | call | CC BY-NC-SA 4.0 | San Bernardino National Wildlife Refuge, Cochise County, Arizona | 1666.752 km
  ... 638 further candidates (full list in the import report after downloading).
WARNING: iNaturalist search truncated at 5 pages ({}).

Melospiza lincolnii: 757 candidates, 618 reusable/eligible, 3 selected
  SELECT xeno-canto:XC698486 | Manuel Grosselet | call | CC BY-NC-SA 4.0 | Tláhuac (near  Mexico City), Mexico City | 32.293 km | geographic tier 2; quality A; type call; reusable license; diversity within tier | https://xeno-canto.org/698486
  SELECT inaturalist:1942494 | Efraín Octavio Aguilar Pérez | type unknown | CC BY-NC 4.0 | Miguel Hidalgo, Ciudad de México, CDMX, México | 26.254 km | geographic tier 2; quality not rated; type not supplied; reusable license; diversity within tier | https://www.inaturalist.org/observations/360432501
  SELECT xeno-canto:XC617988 | Isain Contreras Rodríguez | call | CC BY-NC-SA 4.0 | Mexico City, Federal District, laguna de San Gregorio Atpulco | 25.24 km | geographic tier 2; quality B; type call; reusable license; diversity within tier | https://xeno-canto.org/617988
  candidate xeno-canto:XC305807 | James Bradley | call | CC BY-NC-SA 4.0 | Laguna de Aljojuca | 186.297 km
  candidate xeno-canto:XC289159 | Manuel Grosselet | call | CC BY-NC-SA 4.0 | San Miguel de Allende, Jardin Botanico | 231.554 km
  candidate xeno-canto:XC455051 | Manuel Grosselet | call | CC BY-NC-SA 4.0 | Estanque de Aguas Negras, San Blas, Nayarit | 669.354 km
  candidate xeno-canto:XC166613 | Micah Riegner | call | CC BY-NC-SA 3.0 | Bahía de Kino, Sonora | 1668.427 km
  candidate xeno-canto:XC696165 | Manuel Grosselet | call | CC BY-NC-SA 4.0 | Guadalupe Hidalgo, San Lorenzo Cacaotepec, Oaxaca | 357.128 km
  candidate xeno-canto:XC455050 | Manuel Grosselet | call | CC BY-NC-SA 4.0 | Estanque de Aguas Negras, San Blas, Nayarit | 669.354 km
  candidate xeno-canto:XC538958 | Carlos Gonzalez | call | CC BY-NC-SA 4.0 | Hermosillo Municipality, Sonora | 1610.452 km
  candidate xeno-canto:XC65551 | manuel Grosselet | call | https://creativecommons.org/licenses/by-nc-nd/2.5/ | Oaxaca, El Yagul Ruins | 408.527 km | REJECT License not accepted
  ... 746 further candidates (full list in the import report after downloading).

Melospiza melodia: 1221 candidates, 1001 reusable/eligible, 3 selected
  SELECT xeno-canto:XC462123 | Manuel Grosselet | song | CC BY-NC-SA 4.0 | MX Distrito federal la Loma baja | 4.242 km | geographic tier 0; quality A; type song; reusable license; diversity within tier | https://xeno-canto.org/462123
  SELECT xeno-canto:XC630972 | Manuel Grosselet | call | CC BY-NC-SA 4.0 | MX Distrito federal la Loma baja | 4.242 km | geographic tier 0; quality B; type call; reusable license; diversity within tier | https://xeno-canto.org/630972
  SELECT inaturalist:1759569 | Andrea Ayala | type unknown | CC BY-NC 4.0 | Universidad Iberoamericana, Álvaro Obregón, CDMX, MX | 2.881 km | geographic tier 0; quality not rated; type not supplied; reusable license; diversity within tier | https://www.inaturalist.org/observations/337538807
  candidate inaturalist:36686 | Bety Garduño | type unknown | CC BY-NC 4.0 | Santa Fe, Zedec Sta Fé, Ciudad de México, CDMX, Mexico | 4.141 km
  candidate inaturalist:175487 | Manuel Grosselet | type unknown | no license | Santa Fe, Zedec Sta Fé, Ciudad de México, CDMX, Mexique | 4.228 km | REJECT License not accepted
  candidate inaturalist:1882006 | pamela gonzález | type unknown | no license | Calle Navío & Av. Secretaría de Marina, Lomas del Chamizal, 05129 Ciudad de México, CDMX, México | 4.319 km | REJECT License not accepted
  candidate inaturalist:1906436 | David Ricardo Osorio Meléndez | type unknown | CC BY-NC 4.0 | La Noria, Bosques de las Lomas, 05120 Ciudad de México, CDMX, México | 4.356 km
  candidate inaturalist:40040 | Joel Galván | type unknown | CC BY-NC 4.0 | Las Cruces, 10330 Ciudad de México, CDMX, México | 4.968 km
  candidate xeno-canto:XC480080 | Manuel Grosselet | call | CC BY-NC-SA 4.0 | Lomas de Bezares Miguel Hidalgo, Ciudad de México | 5.699 km
  candidate xeno-canto:XC382858 | Manuel Grosselet | song | CC BY-NC-SA 4.0 | Lomas de Bezares Miguel Hidalgo Mexico city | 5.885 km
  candidate xeno-canto:XC417352 | Manuel Grosselet | call | CC BY-NC-SA 4.0 | Lomas de Bezares Miguel Hidalgo Mexico city | 5.885 km
  ... 1210 further candidates (full list in the import report after downloading).
WARNING: Xeno-canto search truncated at 5 pages (world).
WARNING: iNaturalist search truncated at 5 pages ({}).

Melozone fusca: 644 candidates, 441 reusable/eligible, 3 selected
  SELECT inaturalist:73171 | Arturo Crespo Moctezuma | type unknown | CC BY 4.0 | Avenida Centenario - Frente Al No. 1701, Bosques de Tarango, 01580 Ciudad de México, CDMX, México | 3.21 km | geographic tier 0; quality not rated; type not supplied; reusable license; diversity within tier | https://www.inaturalist.org/observations/42902336
  SELECT inaturalist:108757 | Arturo Crespo Moctezuma | type unknown | CC BY 4.0 | Avenida Centenario - Frente Al No. 1701, Bosques de Tarango, 01580 Ciudad de México, CDMX, México | 3.215 km | geographic tier 0; quality not rated; type not supplied; reusable license; diversity within tier | https://www.inaturalist.org/observations/49974396
  SELECT inaturalist:108847 | Arturo Crespo Moctezuma | type unknown | CC BY 4.0 | Avenida Centenario - Frente Al No. 1701, Bosques de Tarango, 01580 Ciudad de México, CDMX, México | 3.215 km | geographic tier 0; quality not rated; type not supplied; reusable license; diversity within tier | https://www.inaturalist.org/observations/49974396
  candidate inaturalist:1909849 | Nathan Zárate | type unknown | CC BY-NC 4.0 | Manzana 012, 56890 Nepantla de Sor Juana Inés de la Cruz, Méx., México | 4.585 km
  candidate inaturalist:1909879 | Nathan Zárate | type unknown | CC BY-NC 4.0 | Manzana 012, 56890 Nepantla de Sor Juana Inés de la Cruz, Méx., México | 4.585 km
  candidate inaturalist:44987 | Joel Galván | type unknown | CC BY-NC 4.0 | Las Cruces, 10330 Ciudad de México, CDMX, México | 4.934 km
  candidate xeno-canto:XC656183 | Manuel Grosselet | song | CC BY-NC-SA 4.0 | Lomas de Bezares Miguel Hidalgo, Ciudad de México | 5.699 km
  candidate xeno-canto:XC737287 | Manuel Grosselet | song | CC BY-NC-SA 4.0 | Lomas de Bezares Miguel Hidalgo, Ciudad de México | 5.699 km
  candidate xeno-canto:XC656432 | Manuel Grosselet | song | CC BY-NC-SA 4.0 | Lomas de Bezares Miguel Hidalgo Mexico city | 5.885 km
  candidate xeno-canto:XC808379 | Manuel Grosselet | song | CC BY-NC-SA 4.0 | Lomas de Bezares Miguel Hidalgo Mexico city | 5.885 km
  candidate xeno-canto:XC808380 | Manuel Grosselet | song | CC BY-NC-SA 4.0 | Lomas de Bezares Miguel Hidalgo Mexico city | 5.885 km
  ... 633 further candidates (full list in the import report after downloading).

Mimus dorsalis: 36 candidates, 16 reusable/eligible, 3 selected
  SELECT xeno-canto:XC8996 | Nick Athanas | call, churr/call | CC BY-NC-SA 3.0 | Yavi, Jujuy | 5897.912 km | geographic tier 5; quality A; type call, churr/call; reusable license; diversity within tier | https://xeno-canto.org/8996
  SELECT xeno-canto:XC13005 | Nick Athanas | song | CC BY-NC-SA 3.0 | Yavi, Jujuy | 5897.912 km | geographic tier 5; quality A; type song; reusable license; diversity within tier | https://xeno-canto.org/13005
  SELECT inaturalist:662119 | lucia_lisq | type unknown | CC BY-NC 4.0 | Pedro Domingo Murillo, BO-LP, BO | 5249.217 km | geographic tier 5; quality not rated; type not supplied; reusable license; diversity within tier | https://www.inaturalist.org/observations/157354713
  candidate xeno-canto:XC3023 | A. Bennett Hennessey | song | https://creativecommons.org/licenses/by-nc-nd/2.5/ | Mecapaca, La Paz | 5264.79 km | REJECT License not accepted
  candidate xeno-canto:XC4677 | Aidan Maccormick | song | https://creativecommons.org/licenses/by-nc-nd/2.5/ | Sama, Corqui, Tarija | 5872.537 km | REJECT License not accepted
  candidate xeno-canto:XC272669 | Peter Boesman | song | https://creativecommons.org/licenses/by-nc-nd/4.0/ | La Quiaca, Jujuy | 5887.959 km | REJECT License not accepted
  candidate xeno-canto:XC95293 | Bernabe Lopez-Lanus | song | https://creativecommons.org/licenses/by-nc-nd/2.5/ | Rio Seco, Yavi, Jujuy | 5898.023 km | REJECT License not accepted
  candidate xeno-canto:XC95294 | Bernabe Lopez-Lanus | song | https://creativecommons.org/licenses/by-nc-nd/2.5/ | Rio Seco, Yavi, Jujuy | 5898.023 km | REJECT License not accepted
  candidate xeno-canto:XC95295 | Bernabe Lopez-Lanus | song | https://creativecommons.org/licenses/by-nc-nd/2.5/ | Rio Seco, Yavi, Jujuy | 5898.023 km | REJECT License not accepted
  candidate xeno-canto:XC95296 | Bernabe Lopez-Lanus | song | https://creativecommons.org/licenses/by-nc-nd/2.5/ | Rio Seco, Yavi, Jujuy | 5898.023 km | REJECT License not accepted
  candidate xeno-canto:XC95297 | Bernabe Lopez-Lanus | alarm call | https://creativecommons.org/licenses/by-nc-nd/2.5/ | Rio Seco, Yavi, Jujuy | 5898.023 km | REJECT License not accepted
  ... 25 further candidates (full list in the import report after downloading).

Mimus polyglottos: 1372 candidates, 945 reusable/eligible, 3 selected
  SELECT inaturalist:1868422 | Efraín Octavio Aguilar Pérez | type unknown | CC BY-NC 4.0 | Bosque de Chapultepec III Secc, Ciudad de México, CDMX, México | 8.306 km | geographic tier 2; quality not rated; type not supplied; reusable license; diversity within tier | https://www.inaturalist.org/observations/351002539
  SELECT inaturalist:1868423 | Efraín Octavio Aguilar Pérez | type unknown | CC BY-NC 4.0 | Bosque de Chapultepec III Secc, Ciudad de México, CDMX, México | 8.306 km | geographic tier 2; quality not rated; type not supplied; reusable license; diversity within tier | https://www.inaturalist.org/observations/351002539
  SELECT inaturalist:1322883 | Berenice Chávez Bucio | type unknown | CC BY-NC-SA 4.0 | FR92+5J, Refinería 18 de Marzo, Miguel Hidalgo, 11210 Ciudad de México, CDMX, México | 15.535 km | geographic tier 2; quality not rated; type not supplied; reusable license; diversity within tier | https://www.inaturalist.org/observations/263871535
  candidate inaturalist:405122 | Eugenia - Tutor | type unknown | no license | Refinería 18 de Marzo, 11210 Ciudad de México, CDMX, México | 15.552 km | REJECT License not accepted
  candidate inaturalist:962053 | Efraín Octavio Aguilar Pérez | type unknown | CC BY-NC 4.0 | Distrito Federal, MX | 15.593 km
  candidate inaturalist:547980 | Ernesto P. Montes | type unknown | no license | Tequixquiac, State of Mexico, Mexico | 61.281 km | REJECT License not accepted
  candidate xeno-canto:XC958237 | Étienne Leroy | song | CC BY-NC-SA 4.0 | Jardin Botanico, Zapotitlán, Puebla | 223.564 km
  candidate xeno-canto:XC958238 | Étienne Leroy | song | CC BY-NC-SA 4.0 | Jardin Botanico, Zapotitlán, Puebla | 223.564 km
  candidate xeno-canto:XC289174 | Manuel Grosselet | song | CC BY-NC-SA 4.0 | San Miguel de Allende, Jardin Botanico | 231.554 km
  candidate xeno-canto:XC726595 | Manuel Grosselet | imitation, song, mimicry/imitation | CC BY-NC-SA 4.0 | Guadalupe Hidalgo, Soledad Etla, Oaxaca | 356.591 km
  candidate xeno-canto:XC726596 | Manuel Grosselet | imitation, song, mimicry/imitation | CC BY-NC-SA 4.0 | Guadalupe Hidalgo, Soledad Etla, Oaxaca | 356.591 km
  ... 1361 further candidates (full list in the import report after downloading).
WARNING: Xeno-canto search truncated at 5 pages (world).
WARNING: iNaturalist search truncated at 5 pages ({}).

Mitrephanes phaeocercus: 147 candidates, 100 reusable/eligible, 3 selected
  SELECT xeno-canto:XC341227 | Manuel Grosselet | call | CC BY-NC-SA 4.0 | Mex DF entrance Desierto de los Leones | 4.266 km | geographic tier 0; quality A; type call; reusable license; diversity within tier | https://xeno-canto.org/341227
  SELECT inaturalist:1712169 | Efraín Octavio Aguilar Pérez | type unknown | CC BY-NC 4.0 | Cd. de México, México | 4.173 km | geographic tier 0; quality not rated; type not supplied; reusable license; diversity within tier | https://www.inaturalist.org/observations/330140251
  SELECT xeno-canto:XC168028 | Manuel Grosselet | call | CC BY-NC-SA 3.0 | Mex DF entrance Desierto de los Leones | 4.266 km | geographic tier 0; quality B; type call; reusable license; diversity within tier | https://xeno-canto.org/168028
  candidate xeno-canto:XC329099 | Manuel Grosselet | call | CC BY-NC-SA 4.0 | Mex DF entrance Desierto de los Leones | 4.266 km
  candidate inaturalist:1909710 | Nathan Zárate | type unknown | CC BY-NC 4.0 | 01864 CDMX, México | 4.206 km
  candidate xeno-canto:XC579590 | Isain Contreras Rodríguez | call | CC BY-NC-SA 4.0 | Parque las maravillas, Ciudad de México | 24.103 km
  candidate xeno-canto:XC579591 | Isain Contreras Rodríguez | call | CC BY-NC-SA 4.0 | Parque las maravillas, Ciudad de México | 24.103 km
  candidate inaturalist:1255843 | Efraín Octavio Aguilar Pérez | type unknown | CC BY-NC 4.0 | La Carbonera, Ciudad de México, CDMX, México | 6.619 km
  candidate inaturalist:503236 | Efraín Octavio Aguilar Pérez | type unknown | CC BY-NC 4.0 | La Carbonera, Ciudad de México, CDMX, México | 6.64 km
  candidate inaturalist:1233776 | Efraín Octavio Aguilar Pérez | type unknown | CC BY-NC 4.0 | San Andrés Totoltepec, Ciudad de México, CDMX, México | 14.259 km
  candidate xeno-canto:XC977888 | Matthew L. Brady | call, song | CC BY-NC-SA 4.0 | Omiltemi village hydro project forest, Omiltemi, Chilpancingo de los Bravo, Guerrero | 203.948 km
  ... 136 further candidates (full list in the import report after downloading).

Mniotilta varia: 1015 candidates, 785 reusable/eligible, 3 selected
  SELECT inaturalist:1251022 | Efraín Octavio Aguilar Pérez | type unknown | CC BY-NC 4.0 | Parque Nacional Bosque del Pedregal, Ciudad de México, CDMX, México | 10.901 km | geographic tier 2; quality not rated; type not supplied; reusable license; diversity within tier | https://www.inaturalist.org/observations/251715852
  SELECT inaturalist:1251031 | Efraín Octavio Aguilar Pérez | type unknown | CC BY-NC 4.0 | Parque Nacional Bosque del Pedregal, Ciudad de México, CDMX, México | 10.901 km | geographic tier 2; quality not rated; type not supplied; reusable license; diversity within tier | https://www.inaturalist.org/observations/251715852
  SELECT inaturalist:1821254 | Kelly Tolentino | type unknown | CC BY-NC 4.0 | De los Gallos, Plutarco Elías Calles, 11350 Ciudad de México, CDMX, México | 16.467 km | geographic tier 2; quality not rated; type not supplied; reusable license; diversity within tier | https://www.inaturalist.org/observations/344901065
  candidate inaturalist:1779380 | Miguel Ángel Mota Ayala | type unknown | CC BY-NC 4.0 | Parque Ecológico de Xochimilco, Ciudad de México, CDMX, México | 20.607 km
  candidate inaturalist:1706179 | Efraín Octavio Aguilar Pérez | type unknown | CC BY-NC 4.0 | Parque Ecológico de Xochimilco, Ciudad de México, CDMX, México | 20.632 km
  candidate inaturalist:1230295 | Efraín Octavio Aguilar Pérez | type unknown | CC BY-NC 4.0 | Parque Ecológico de Xochimilco, Ciudad de México, CDMX, México | 20.855 km
  candidate inaturalist:1230297 | Efraín Octavio Aguilar Pérez | type unknown | CC BY-NC 4.0 | Parque Ecológico de Xochimilco, Ciudad de México, CDMX, México | 20.855 km
  candidate inaturalist:1230298 | Efraín Octavio Aguilar Pérez | type unknown | CC BY-NC 4.0 | Parque Ecológico de Xochimilco, Ciudad de México, CDMX, México | 20.855 km
  candidate inaturalist:1230300 | Efraín Octavio Aguilar Pérez | type unknown | CC BY-NC 4.0 | Parque Ecológico de Xochimilco, Ciudad de México, CDMX, México | 20.855 km
  candidate xeno-canto:XC695989 | Manuel Grosselet | call | CC BY-NC-SA 4.0 | Santo Tomás Mazaltepec, San Andrés Zautla, Oaxaca | 353.295 km
  candidate xeno-canto:XC516207 | Manuel Grosselet | alarm call | CC BY-NC-SA 4.0 | MEX, Oax, oaxaca Jardin Botanico | 371.095 km
  ... 1004 further candidates (full list in the import report after downloading).
WARNING: iNaturalist search truncated at 5 pages ({}).

Molothrus aeneus: 111 candidates, 89 reusable/eligible, 3 selected
  SELECT xeno-canto:XC712996 | Manuel Grosselet | song | CC BY-NC-SA 4.0 | Iztapalapa (near  Ciudad de México), Ciudad de México | 24.729 km | geographic tier 2; quality A; type song; reusable license; diversity within tier | https://xeno-canto.org/712996
  SELECT xeno-canto:XC466482 | Manuel Grosselet | call | CC BY-NC-SA 4.0 | Mx, Distrito Federal, Lomas de Bezares, Calle Colina | 6.177 km | geographic tier 2; quality B; type call; reusable license; diversity within tier | https://xeno-canto.org/466482
  SELECT inaturalist:1604848 | Miguel Ángel Mota Ayala | type unknown | CC BY-NC 4.0 | Paseos de Taxqueña, Ciudad de México, CDMX, México | 16.434 km | geographic tier 2; quality not rated; type not supplied; reusable license; diversity within tier | https://www.inaturalist.org/observations/306421439
  candidate inaturalist:608343 | Brenda Muñoz Martínez | type unknown | no license | Privada Cerro de Chapultepec, Coyoacán, CDMX, MX | 10.824 km | REJECT License not accepted
  candidate inaturalist:1777204 | Diego Barrales | type unknown | no license | Ciencias, Escandón I Secc, 11800 Ciudad de México, CDMX, México | 12.249 km | REJECT License not accepted
  candidate inaturalist:355714 | Diego Barrales | type unknown | no license | Emperadores, 03320 Ciudad de México, CDMX, México | 13.23 km | REJECT License not accepted
  candidate inaturalist:337729 | Mariana Tanago | type unknown | no license | Progresista, Ciudad de México, CDMX, Mexico | 22.776 km | REJECT License not accepted
  candidate inaturalist:2142414 | Miguel Ángel Mota Ayala | type unknown | CC BY-NC 4.0 | Miguel Hidalgo, Ciudad de México, CDMX, México | 26.015 km
  candidate xeno-canto:XC814125 | Manuel Grosselet | call | CC BY-NC-SA 4.0 | Oaxaca,  San Augustin Etla, terreno de Golf | 358.779 km
  candidate xeno-canto:XC1157064 | Manuel Grosselet | song | CC BY-NC-SA 4.0 | Teotitlán del Valle, Teotitlán del Valle, Oaxaca | 390.662 km
  candidate xeno-canto:XC232762 | Peter Boesman | call, song | https://creativecommons.org/licenses/by-nc-nd/4.0/ | Canyon del Sumidero, Chiapas | 705.133 km | REJECT License not accepted
  ... 100 further candidates (full list in the import report after downloading).

Molothrus ater: 932 candidates, 699 reusable/eligible, 3 selected
  SELECT xeno-canto:XC618033 | Isain Contreras Rodríguez | song | CC BY-NC-SA 4.0 | Xochimilco (near  Ciudad de México), Ciudad de México | 29.068 km | geographic tier 2; quality B; type song; reusable license; diversity within tier | https://xeno-canto.org/618033
  SELECT xeno-canto:XC178104 | Alejandro Gama | ? | CC BY-NC-SA 4.0 | Jilotepec , Estado de Mexico | 67.876 km | geographic tier 3; quality C; type ?; reusable license; diversity within tier | https://xeno-canto.org/178104
  SELECT xeno-canto:XC731684 | Manuel Grosselet | call | CC BY-NC-SA 4.0 | San Agustín Etla, San Agustín Etla, Oaxaca | 358.579 km | geographic tier 4; quality A; type call; reusable license; diversity within tier | https://xeno-canto.org/731684
  candidate xeno-canto:XC731685 | Manuel Grosselet | call | CC BY-NC-SA 4.0 | San Agustín Etla, San Agustín Etla, Oaxaca | 358.579 km
  candidate xeno-canto:XC910742 | Manuel Grosselet | call | CC BY-NC-SA 4.0 | San Agustín Etla, San Agustín Etla, Oaxaca | 358.579 km
  candidate xeno-canto:XC654858 | Manuel Grosselet | call | CC BY-NC-SA 4.0 | San Pablo Etla, San Pablo Etla, Oaxaca | 361.968 km
  candidate xeno-canto:XC997863 | Manuel Grosselet | song | CC BY-NC-SA 4.0 | San Pablo Etla, San Pablo Etla, Oaxaca | 363.467 km
  candidate xeno-canto:XC564657 | Isain Contreras Rodríguez | alarm call, call | CC BY-NC-SA 4.0 | Ahome, Sinaloa | 1217.845 km
  candidate xeno-canto:XC558120 | Isain Contreras Rodríguez | call | CC BY-NC-SA 4.0 | Topolobampo, Ahome, Sinaloa | 1220.208 km
  candidate xeno-canto:XC564952 | Isain Contreras Rodríguez | call | CC BY-NC-SA 4.0 | Topolobampo, Ahome, Sinaloa | 1220.208 km
  candidate xeno-canto:XC566843 | Isain Contreras Rodríguez | alarm call | CC BY-NC-SA 4.0 | Topolobampo, Ahome, Sinaloa | 1220.208 km
  ... 921 further candidates (full list in the import report after downloading).
WARNING: iNaturalist search truncated at 5 pages ({}).

Myadestes occidentalis: 857 candidates, 606 reusable/eligible, 3 selected
  SELECT xeno-canto:XC630962 | Manuel Grosselet | song | CC BY-NC-SA 4.0 | Álvaro Obregón (near  Ciudad de México), Ciudad de México | 3.807 km | geographic tier 0; quality A; type song; reusable license; diversity within tier | https://xeno-canto.org/630962
  SELECT xeno-canto:XC291670 | Manuel Grosselet | call | CC BY-NC-SA 4.0 | Mex DF entrance Desierto de los Leones | 4.266 km | geographic tier 0; quality A; type call; reusable license; diversity within tier | https://xeno-canto.org/291670
  SELECT inaturalist:1881450 | Diana García | type unknown | CC BY-NC 4.0 | AVA Pachuquilla | 0.815 km | geographic tier 0; quality not rated; type not supplied; reusable license; diversity within tier | https://www.inaturalist.org/observations/352808360
  candidate xeno-canto:XC165769 | Manuel Grosselet | song | CC BY-NC-SA 3.0 | Mex DF entrance Desierto de los Leones | 4.266 km
  candidate xeno-canto:XC252187 | Manuel Grosselet | song | CC BY-NC-SA 4.0 | Mex DF entrance Desierto de los Leones | 4.266 km
  candidate xeno-canto:XC252939 | Manuel Grosselet | song | CC BY-NC-SA 4.0 | Mex DF entrance Desierto de los Leones | 4.266 km
  candidate xeno-canto:XC304652 | Manuel Grosselet | song | CC BY-NC-SA 4.0 | Mex DF entrance Desierto de los Leones | 4.266 km
  candidate xeno-canto:XC322413 | Manuel Grosselet | song | CC BY-NC-SA 4.0 | Mex DF entrance Desierto de los Leones | 4.266 km
  candidate xeno-canto:XC341243 | Manuel Grosselet | song | CC BY-NC-SA 4.0 | Mex DF entrance Desierto de los Leones | 4.266 km
  candidate xeno-canto:XC814564 | Manuel Grosselet | song | CC BY-NC-SA 4.0 | Mex DF entrance Desierto de los Leones | 4.266 km
  candidate xeno-canto:XC146285 | Manuel Grosselet | song | CC BY-NC-SA 3.0 | Contadero, Mexico City | 1.478 km
  ... 846 further candidates (full list in the import report after downloading).
WARNING: iNaturalist search truncated at 5 pages ({"place_id":6793}).
WARNING: iNaturalist search truncated at 5 pages ({}).
WARNING: Not a species; no taxonomic match assumed.

Myioborus miniatus: 493 candidates, 357 reusable/eligible, 3 selected
  SELECT xeno-canto:XC150148 | Manuel Grosselet | call | CC BY-NC-SA 3.0 | Contadero, Mexico City | 1.478 km | geographic tier 0; quality A; type call; reusable license; diversity within tier | https://xeno-canto.org/150148
  SELECT xeno-canto:XC167981 | Manuel Grosselet | song | CC BY-NC-SA 3.0 | Mex DF entrance Desierto de los Leones | 4.266 km | geographic tier 0; quality A; type song; reusable license; diversity within tier | https://xeno-canto.org/167981
  SELECT inaturalist:1909385 | Nathan Zárate | type unknown | CC BY-NC 4.0 | México | 3.3 km | geographic tier 0; quality not rated; type not supplied; reusable license; diversity within tier | https://www.inaturalist.org/observations/356138724
  candidate xeno-canto:XC80593 | manuel Grosselet | song | https://creativecommons.org/licenses/by-nc-nd/2.5/ | Mex DF entrance Desierto de los Leones | 4.266 km | REJECT License not accepted
  candidate xeno-canto:XC167982 | Manuel Grosselet | song | CC BY-NC-SA 3.0 | Mex DF entrance Desierto de los Leones | 4.266 km
  candidate xeno-canto:XC168197 | Manuel Grosselet | song | CC BY-NC-SA 3.0 | Mex DF entrance Desierto de los Leones | 4.266 km
  candidate xeno-canto:XC252182 | Manuel Grosselet | song | CC BY-NC-SA 4.0 | Mex DF entrance Desierto de los Leones | 4.266 km
  candidate xeno-canto:XC291500 | Manuel Grosselet | call, song | CC BY-NC-SA 4.0 | Mex DF entrance Desierto de los Leones | 4.266 km
  candidate xeno-canto:XC291501 | Manuel Grosselet | call | CC BY-NC-SA 4.0 | Mex DF entrance Desierto de los Leones | 4.266 km
  candidate xeno-canto:XC323640 | Manuel Grosselet | song | CC BY-NC-SA 4.0 | Mex DF entrance Desierto de los Leones | 4.266 km
  candidate xeno-canto:XC323645 | Manuel Grosselet | call | CC BY-NC-SA 4.0 | Mex DF entrance Desierto de los Leones | 4.266 km
  ... 482 further candidates (full list in the import report after downloading).

Myioborus pictus: 340 candidates, 252 reusable/eligible, 3 selected
  SELECT inaturalist:1250971 | Efraín Octavio Aguilar Pérez | type unknown | CC BY-NC 4.0 | Parque Nacional Bosque del Pedregal, Ciudad de México, CDMX, México | 10.141 km | geographic tier 2; quality not rated; type not supplied; reusable license; diversity within tier | https://www.inaturalist.org/observations/251711932
  SELECT xeno-canto:XC736562 | Manuel Grosselet | call | CC BY-NC-SA 4.0 | Santo Tomás Mazaltepec, San Andrés Zautla, Oaxaca | 346.761 km | geographic tier 4; quality A; type call; reusable license; diversity within tier | https://xeno-canto.org/736562
  SELECT xeno-canto:XC729470 | Manuel Grosselet | song | CC BY-NC-SA 4.0 | San Juan Bautista Guelache, Oaxaca | 357.75 km | geographic tier 4; quality A; type song; reusable license; diversity within tier | https://xeno-canto.org/729470
  candidate xeno-canto:XC330618 | Andrew Spencer | song | https://creativecommons.org/licenses/by-nc-nd/4.0/ | Cerro Lucero, San Luis Potosí | 307.368 km | REJECT License not accepted
  candidate xeno-canto:XC330619 | Andrew Spencer | song | https://creativecommons.org/licenses/by-nc-nd/4.0/ | Cerro Lucero, San Luis Potosí | 307.368 km | REJECT License not accepted
  candidate xeno-canto:XC620041 | Manuel Grosselet | song | CC BY-NC-SA 4.0 | San Augustin Etla, camino al bosque | 358.452 km
  candidate xeno-canto:XC735101 | Manuel Grosselet | song | CC BY-NC-SA 4.0 | San Augustin Etla, camino al bosque | 358.452 km
  candidate xeno-canto:XC628224 | Manuel Grosselet | call | CC BY-NC-SA 4.0 | San Agustín Etla, San Agustín Etla, Oaxaca | 358.579 km
  candidate xeno-canto:XC628226 | Manuel Grosselet | call | CC BY-NC-SA 4.0 | San Agustín Etla, San Agustín Etla, Oaxaca | 358.579 km
  candidate xeno-canto:XC628227 | Manuel Grosselet | call | CC BY-NC-SA 4.0 | San Agustín Etla, San Agustín Etla, Oaxaca | 358.579 km
  candidate xeno-canto:XC577580 | Manuel Grosselet | song | CC BY-NC-SA 4.0 | San Agustín Etla, Oaxaca | 360.114 km
  ... 329 further candidates (full list in the import report after downloading).

Myiopsitta monachus: 869 candidates, 605 reusable/eligible, 3 selected
  SELECT xeno-canto:XC579154 | Manuel Grosselet | call | CC BY-NC-SA 4.0 | Iztapalapa (near  Ciudad de México), Ciudad de México | 24.729 km | geographic tier 2; quality A; type call; reusable license; diversity within tier | https://xeno-canto.org/579154
  SELECT xeno-canto:XC598599 | Manuel Grosselet | flight call | CC BY-NC-SA 4.0 | Iztapalapa (near  Ciudad de México), Ciudad de México | 24.729 km | geographic tier 2; quality B; type flight call; reusable license; diversity within tier | https://xeno-canto.org/598599
  SELECT inaturalist:949866 | Octavio Pérez-Martínez | type unknown | CC BY-NC-SA 4.0 | Nicolas Bravo, Lomas de Becerra, 01279 Ciudad de México, CDMX, México | 7.48 km | geographic tier 2; quality not rated; type not supplied; reusable license; diversity within tier | https://www.inaturalist.org/observations/204998882
  candidate xeno-canto:XC56491 | manuel Grosselet | song | https://creativecommons.org/licenses/by-nc-nd/2.5/ | Mx, Distrito Federal, Xochimilco | 20.677 km | REJECT License not accepted
  candidate xeno-canto:XC631973 | Manuel Grosselet | call | CC BY-NC-SA 4.0 | Iztapalapa (near  Ciudad de México), Ciudad de México | 24.729 km
  candidate xeno-canto:XC682584 | Manuel Grosselet | call | CC BY-NC-SA 4.0 | Iztapalapa (near  Ciudad de México), Ciudad de México | 24.729 km
  candidate xeno-canto:XC682586 | Manuel Grosselet | call | CC BY-NC-SA 4.0 | Iztapalapa (near  Ciudad de México), Ciudad de México | 24.729 km
  candidate xeno-canto:XC755161 | Manuel Grosselet | call | CC BY-NC-SA 4.0 | Iztapalapa (near  Ciudad de México), Ciudad de México | 24.729 km
  candidate xeno-canto:XC755162 | Manuel Grosselet | call | CC BY-NC-SA 4.0 | Iztapalapa (near  Ciudad de México), Ciudad de México | 24.729 km
  candidate xeno-canto:XC818084 | Manuel Grosselet | call | CC BY-NC-SA 4.0 | Iztapalapa (near  Ciudad de México), Ciudad de México | 24.729 km
  candidate inaturalist:1122310 | Octavio Pérez-Martínez | type unknown | CC BY-NC-SA 4.0 | Olivar del Conde 1ra Secc, Ciudad de México, CDMX, México | 8.615 km
  ... 858 further candidates (full list in the import report after downloading).
WARNING: iNaturalist search truncated at 5 pages ({}).

Myiozetetes similis: 983 candidates, 712 reusable/eligible, 3 selected
  SELECT xeno-canto:XC678396 | Alán Palacios | call | CC BY-NC-SA 4.0 | Rancho Tierra Colorada | 132.666 km | geographic tier 4; quality A; type call; reusable license; diversity within tier | https://xeno-canto.org/678396
  SELECT xeno-canto:XC154457 | bernard Fort | song | CC BY-NC-SA 3.0 | Ciudad de Cuetzalan, Puebla | 196.961 km | geographic tier 4; quality A; type song; reusable license; diversity within tier | https://xeno-canto.org/154457
  SELECT xeno-canto:XC666974 | Francisco Gómez Guevara | uncertain | CC BY-NC-SA 4.0 | Cuernavaca, Cuernavaca, Morelos | 49.71 km | geographic tier 4; quality A; type uncertain; reusable license; diversity within tier | https://xeno-canto.org/666974
  candidate xeno-canto:XC352294 | Manuel Grosselet | call | CC BY-NC-SA 4.0 | Rancho Isla, Papantla, Veracruz | 242.327 km
  candidate xeno-canto:XC661665 | Manuel Grosselet | call | CC BY-NC-SA 4.0 | San Pablo Etla, San Pablo Etla, Oaxaca | 361.011 km
  candidate xeno-canto:XC628441 | Manuel Grosselet | song | CC BY-NC-SA 4.0 | San Pablo Etla, San Pablo Etla, Oaxaca | 362.749 km
  candidate xeno-canto:XC539756 | Manuel Grosselet | call | CC BY-NC-SA 4.0 | MEX, Oax, oaxaca Jardin Botanico | 371.095 km
  candidate xeno-canto:XC611124 | Manuel Grosselet | call | CC BY-NC-SA 4.0 | MEX, Oax, oaxaca Jardin Botanico | 371.095 km
  candidate xeno-canto:XC840766 | Manuel Grosselet | call | CC BY-NC-SA 4.0 | Güendulain, Rojas de Cuauhtémoc, Oaxaca | 383.272 km
  candidate xeno-canto:XC1106108 | Manuel Grosselet | song | CC BY-NC-SA 4.0 | Represa Piedra Azul, N of Teotitlan del Valle, Oaxaca | 388.791 km
  candidate xeno-canto:XC690978 | Jules Evens | call | CC BY-NC-SA 4.0 | San Antonio Tlayacapan, Chapala, Jalisco | 427.35 km
  ... 972 further candidates (full list in the import report after downloading).

Nymphicus hollandicus: 117 candidates, 95 reusable/eligible, 3 selected
  SELECT xeno-canto:XC165448 | Manuel Grosselet | call | CC BY-NC-SA 3.0 | Mx, Distrito Federal, Lomas de Bezares, Calle Colina | 6.177 km | geographic tier 2; quality A; type call; reusable license; diversity within tier | https://xeno-canto.org/165448
  SELECT xeno-canto:XC625376 | Samuel Levy | flight call | CC BY-NC-SA 4.0 | Great Britain (near  London), Greater London, England | 8937.445 km | geographic tier 5; quality A; type flight call; reusable license; diversity within tier | https://xeno-canto.org/625376
  SELECT xeno-canto:XC824611 | Andrew Galbraith | call, song | CC BY-NC-SA 4.0 | Eromanga, Quilpie Shire, Queensland | 13621.496 km | geographic tier 5; quality A; type call, song; reusable license; diversity within tier | https://xeno-canto.org/824611
  candidate xeno-canto:XC706814 | JAYRSON ARAUJO DE OLIVEIRA | call | CC BY-NC-SA 4.0 | Reserva do Setor Sítio de Recreio Caraíbas-Goiânia, Goiás | 6767.88 km
  candidate xeno-canto:XC643228 | Jacobo Ramil MIllarengo | call | CC BY-NC-SA 4.0 | Veiga da Cruz, Brañas de Laíño, Dodro , A Coruña, Galicia | 8610.559 km
  candidate xeno-canto:XC766518 | Jorge Leitão | call | CC BY-NC-SA 4.0 | Praça das Fontainhas, São Vicente (near  Braga), Braga, Braga | 8664.736 km
  candidate xeno-canto:XC678182 | Jack Berteau | call | CC BY-NC-SA 4.0 | Arrondissement de Poitiers (near  Poitiers), Vienne, Nouvelle-Aquitaine | 9161.096 km
  candidate xeno-canto:XC743895 | Gerard van Aalst | flight call | CC BY-NC-SA 4.0 | Telpost Brobbelbies Zuid (Najaar) (near  Uden), Uden, Noord-Brabant | 9307.202 km
  candidate xeno-canto:XC838419 | Thierry THOMAS | flight call | CC BY-NC-SA 4.0 | Montpellier, Hérault, Occitanie | 9540.976 km
  candidate xeno-canto:XC929907 | Thierry THOMAS | call, flight call | CC BY-NC-SA 4.0 | Montpellier, Hérault, Occitanie | 9540.976 km
  candidate xeno-canto:XC1008674 | Thierry THOMAS | call, flight call | CC BY-NC-SA 4.0 | Montpellier, Hérault, Occitanie | 9540.976 km
  ... 106 further candidates (full list in the import report after downloading).

Oreothlypis superciliosa: 284 candidates, 183 reusable/eligible, 3 selected
  SELECT xeno-canto:XC252945 | Manuel Grosselet | call | CC BY-NC-SA 4.0 | Mex DF entrance Desierto de los Leones | 4.266 km | geographic tier 0; quality A; type call; reusable license; diversity within tier | https://xeno-canto.org/252945
  SELECT xeno-canto:XC322410 | Manuel Grosselet | song | CC BY-NC-SA 4.0 | Mex DF entrance Desierto de los Leones | 4.266 km | geographic tier 0; quality A; type song; reusable license; diversity within tier | https://xeno-canto.org/322410
  SELECT inaturalist:1934221 | Efraín Octavio Aguilar Pérez | type unknown | CC BY-NC 4.0 | Cd. de México, México | 2.89 km | geographic tier 0; quality not rated; type not supplied; reusable license; diversity within tier | https://www.inaturalist.org/observations/359361980
  candidate xeno-canto:XC304655 | Manuel Grosselet | call | CC BY-NC-SA 4.0 | Mex DF entrance Desierto de los Leones | 4.266 km
  candidate xeno-canto:XC417131 | Manuel Grosselet | song | CC BY-NC-SA 4.0 | Mex DF entrance Desierto de los Leones | 4.266 km
  candidate xeno-canto:XC417132 | Manuel Grosselet | song | CC BY-NC-SA 4.0 | Mex DF entrance Desierto de los Leones | 4.266 km
  candidate xeno-canto:XC80594 | manuel Grosselet | song | https://creativecommons.org/licenses/by-nc-nd/2.5/ | Mex DF entrance Desierto de los Leones | 4.266 km | REJECT License not accepted
  candidate xeno-canto:XC168025 | Manuel Grosselet | song | CC BY-NC-SA 3.0 | Mex DF entrance Desierto de los Leones | 4.266 km
  candidate xeno-canto:XC168026 | Manuel Grosselet | song | CC BY-NC-SA 3.0 | Mex DF entrance Desierto de los Leones | 4.266 km
  candidate xeno-canto:XC252819 | Manuel Grosselet | call | CC BY-NC-SA 4.0 | Mex DF entrance Desierto de los Leones | 4.266 km
  candidate xeno-canto:XC289833 | Manuel Grosselet | call | CC BY-NC-SA 4.0 | Mex DF entrance Desierto de los Leones | 4.266 km
  ... 273 further candidates (full list in the import report after downloading).

Oriturus superciliosus: 97 candidates, 68 reusable/eligible, 3 selected
  SELECT xeno-canto:XC462120 | Manuel Grosselet | alarm call | CC BY-NC-SA 4.0 | MX Distrito federal la Loma baja | 4.242 km | geographic tier 0; quality A; type alarm call; reusable license; diversity within tier | https://xeno-canto.org/462120
  SELECT xeno-canto:XC630974 | Manuel Grosselet | call | CC BY-NC-SA 4.0 | MX Distrito federal la Loma baja | 4.242 km | geographic tier 0; quality B; type call; reusable license; diversity within tier | https://xeno-canto.org/630974
  SELECT inaturalist:2126056 | Octavio Pérez-Martínez | type unknown | CC BY-NC-SA 4.0 | Distrito Federal, MX | 4.325 km | geographic tier 0; quality not rated; type not supplied; reusable license; diversity within tier | https://www.inaturalist.org/observations/392751673
  candidate xeno-canto:XC56289 | manuel Grosselet | call | https://creativecommons.org/licenses/by-nc-nd/2.5/ | MX Distrito federal la Loma baja | 4.242 km | REJECT License not accepted
  candidate xeno-canto:XC462121 | Manuel Grosselet | alarm call | CC BY-NC-SA 4.0 | MX Distrito federal la Loma baja | 4.242 km
  candidate xeno-canto:XC462122 | Manuel Grosselet | alarm call | CC BY-NC-SA 4.0 | MX Distrito federal la Loma baja | 4.242 km
  candidate inaturalist:175489 | Manuel Grosselet | type unknown | no license | Santa Fe, Zedec Sta Fé, Ciudad de México, CDMX, Mexique | 4.205 km | REJECT License not accepted
  candidate inaturalist:1194256 | Octavio Pérez-Martínez | type unknown | CC BY-NC-SA 4.0 | Parque Tarango, Ciudad de México, CDMX, México | 4.373 km
  candidate xeno-canto:XC295836 | Manuel Grosselet | call | CC BY-NC-SA 4.0 | Mexico, Distrito Federal, LA Cima | 22.478 km
  candidate xeno-canto:XC977845 | Matthew L. Brady | song | CC BY-NC-SA 4.0 | Parque Las Maravillas, Tlalpan, Ciudad de México | 25.149 km
  candidate xeno-canto:XC305577 | James Bradley | call | CC BY-NC-SA 4.0 | La Cima, Distrito Federal | 28.297 km
  ... 86 further candidates (full list in the import report after downloading).

Oxyura jamaicensis: 65 candidates, 49 reusable/eligible, 3 selected
  SELECT xeno-canto:XC169402 | Micah Riegner | call | CC BY-NC-SA 3.0 | Mexico City, Federal District | 18.182 km | geographic tier 2; quality A; type call; reusable license; diversity within tier | https://xeno-canto.org/169402
  SELECT xeno-canto:XC423355 | Manuel Grosselet | song, runing on water | CC BY-NC-SA 4.0 | Mx, Distrito Federal, Xochimilco | 20.677 km | geographic tier 2; quality A; type song, runing on water; reusable license; diversity within tier | https://xeno-canto.org/423355
  SELECT inaturalist:1916214 | Efraín Octavio Aguilar Pérez | type unknown | CC BY-NC 4.0 | Zoológico de San Juan de Aragón, 07920 Ciudad de México, CDMX, México | 25.023 km | geographic tier 2; quality not rated; type not supplied; reusable license; diversity within tier | https://www.inaturalist.org/observations/357043417
  candidate xeno-canto:XC165233 | Manuel Grosselet | song | CC BY-NC-SA 3.0 | Mexico City, Federal District, laguna de San Gregorio Atpulco | 25.24 km
  candidate xeno-canto:XC423356 | Manuel Grosselet | song, runing on water | CC BY-NC-SA 4.0 | Mx, Distrito Federal, Xochimilco | 20.677 km
  candidate xeno-canto:XC311617 | Manuel Grosselet | call, song | CC BY-NC-SA 4.0 | Nabor Carillo, Estado de México | 35.12 km
  candidate xeno-canto:XC253359 | Manuel Grosselet | song | CC BY-NC-SA 4.0 | Ciénegas del Lerma, México | 25.699 km
  candidate inaturalist:1314494 | Diego Barrales | type unknown | no license | Atenco, Méx., México | 40.008 km | REJECT License not accepted
  candidate inaturalist:330102 | Alvaro Rivera Rojas (brújula de aves) | type unknown | no license | Tequisquiapan | 144.17 km | REJECT License not accepted
  candidate inaturalist:1669047 | Alvaro Rivera Rojas (brújula de aves) | type unknown | no license | La Llave, Qro., México | 144.352 km | REJECT License not accepted
  candidate xeno-canto:XC109911 | Andrew Spencer | song | CC BY-NC-SA 3.0 | Monte Vista National Wildlife Refuge, Rio Grande County, Colorado | 2122.658 km
  ... 54 further candidates (full list in the import report after downloading).

Pandion haliaetus: 893 candidates, 657 reusable/eligible, 3 selected
  SELECT xeno-canto:XC290052 | Manuel Grosselet | flight call | CC BY-NC-SA 4.0 | Mx, Distrito Federal, Xochimilco | 20.677 km | geographic tier 2; quality B; type flight call; reusable license; diversity within tier | https://xeno-canto.org/290052
  SELECT inaturalist:1230307 | Efraín Octavio Aguilar Pérez | type unknown | CC BY-NC 4.0 | Parque Ecológico de Xochimilco, Ciudad de México, CDMX, México | 20.956 km | geographic tier 2; quality not rated; type not supplied; reusable license; diversity within tier | https://www.inaturalist.org/observations/247503263
  SELECT xeno-canto:XC466204 | Richard E. Webster | call | CC BY-NC-SA 4.0 | San José del Cabo, Los Cabos, Baja California Sur | 1154.783 km | geographic tier 4; quality A; type call; reusable license; diversity within tier | https://xeno-canto.org/466204
  candidate xeno-canto:XC466212 | Richard E. Webster | call | CC BY-NC-SA 4.0 | San José del Cabo, Los Cabos, Baja California Sur | 1154.783 km
  candidate xeno-canto:XC466220 | Richard E. Webster | call | CC BY-NC-SA 4.0 | San José del Cabo, Los Cabos, Baja California Sur | 1154.783 km
  candidate xeno-canto:XC573482 | Manuel Grosselet | song | CC BY-NC-SA 4.0 | Cerca de Maviri, Ahome, Sinaloa | 1223.944 km
  candidate xeno-canto:XC573483 | Manuel Grosselet | song | CC BY-NC-SA 4.0 | Cerca de Maviri, Ahome, Sinaloa | 1223.944 km
  candidate xeno-canto:XC573484 | Manuel Grosselet | song | CC BY-NC-SA 4.0 | Cerca de Maviri, Ahome, Sinaloa | 1223.944 km
  candidate xeno-canto:XC400997 | Richard E. Webster | call | CC BY-NC-SA 4.0 | Presa Chiculi, Rio Yaqui, Sonora | 1430.272 km
  candidate xeno-canto:XC488250 | Manuel Grosselet | begging call | CC BY-NC-SA 4.0 | Topolobampo, Ahome, Sinaloa | 1220.822 km
  candidate xeno-canto:XC466207 | Richard E. Webster | call | CC BY-NC-SA 4.0 | San José del Cabo, Los Cabos, Baja California Sur | 1154.783 km
  ... 882 further candidates (full list in the import report after downloading).
WARNING: iNaturalist search truncated at 5 pages ({}).

Parabuteo unicinctus: 375 candidates, 296 reusable/eligible, 3 selected
  SELECT inaturalist:41113 | Joel Galván | type unknown | CC BY-NC 4.0 | Chimalistac, Ciudad de México, CDMX, México | 10.073 km | geographic tier 2; quality not rated; type not supplied; reusable license; diversity within tier | https://www.inaturalist.org/observations/26867252
  SELECT inaturalist:46197 | Joel Galván | type unknown | CC BY-NC 4.0 | Chimalistac, Ciudad de México, CDMX, México | 10.144 km | geographic tier 2; quality not rated; type not supplied; reusable license; diversity within tier | https://www.inaturalist.org/observations/31623070
  SELECT inaturalist:46198 | Joel Galván | type unknown | CC BY-NC 4.0 | Chimalistac, Ciudad de México, CDMX, México | 10.144 km | geographic tier 2; quality not rated; type not supplied; reusable license; diversity within tier | https://www.inaturalist.org/observations/31623070
  candidate inaturalist:49099 | Joel Galván | type unknown | CC BY-NC 4.0 | Chimalistac, Ciudad de México, CDMX, México | 10.147 km
  candidate inaturalist:49100 | Joel Galván | type unknown | CC BY-NC 4.0 | Chimalistac, Ciudad de México, CDMX, México | 10.147 km
  candidate inaturalist:25966 | Joel Galván | type unknown | CC BY-NC 4.0 | Chimalistac, Ciudad de México, CDMX, México | 10.159 km
  candidate inaturalist:41062 | Joel Galván | type unknown | CC BY-NC 4.0 | Chimalistac, Ciudad de México, CDMX, México | 10.159 km
  candidate inaturalist:41063 | Joel Galván | type unknown | CC BY-NC 4.0 | Chimalistac, Ciudad de México, CDMX, México | 10.159 km
  candidate inaturalist:47520 | Joel Galván | type unknown | CC BY-NC 4.0 | Copilco el Bajo, Ciudad de México, CDMX, México | 10.277 km
  candidate inaturalist:1188036 | Martín Sánchez Vilchis | type unknown | CC BY-NC 4.0 | Tlalpan Centro I, 14000 Ciudad de México, CDMX, México | 13.225 km
  candidate inaturalist:1187512 | Martín Sánchez Vilchis | type unknown | CC BY-NC 4.0 | Tlalpan Centro I, 14000 Ciudad de México, CDMX, México | 13.226 km
  ... 364 further candidates (full list in the import report after downloading).

Parkesia motacilla: 764 candidates, 581 reusable/eligible, 3 selected
  SELECT xeno-canto:XC146287 | Manuel Grosselet | call | CC BY-NC-SA 3.0 | Contadero, Mexico City | 1.478 km | geographic tier 0; quality B; type call; reusable license; diversity within tier | https://xeno-canto.org/146287
  SELECT xeno-canto:XC428715 | Manuel Grosselet | call | CC BY-NC-SA 4.0 | Nabor Carillo, Estado de México | 35.12 km | geographic tier 3; quality A; type call; reusable license; diversity within tier | https://xeno-canto.org/428715
  SELECT inaturalist:1531627 | Laura Ramírez | type unknown | CC BY-NC-SA 4.0 | 56237 Méx., México | 49.765 km | geographic tier 4; quality not rated; type not supplied; reusable license; diversity within tier | https://www.inaturalist.org/observations/290872329
  candidate xeno-canto:XC696427 | Manuel Grosselet | call | CC BY-NC-SA 4.0 | Santa Catarina Ixtepeji, Oaxaca | 368.542 km
  candidate xeno-canto:XC5134 | Nathan Pieplow | call | https://creativecommons.org/licenses/by-nc-nd/2.5/ | Gomez Farias, Tamaulipas | 411.383 km | REJECT License not accepted
  candidate xeno-canto:XC501527 | Lauren Harter | call | CC BY-NC-SA 4.0 | REMM-- El Chalate Grande, Sonora, MX | 1293.653 km
  candidate xeno-canto:XC501528 | Lauren Harter | call | CC BY-NC-SA 4.0 | REMM-- El Chalate Grande, Sonora, MX | 1293.653 km
  candidate xeno-canto:XC615068 | Manuel Grosselet | call | CC BY-NC-SA 4.0 | Аројо Секо, Xico, Veracruz | 235.397 km
  candidate xeno-canto:XC615826 | Manuel Grosselet | call | CC BY-NC-SA 4.0 | Аројо Секо, Xico, Veracruz | 235.397 km
  candidate xeno-canto:XC922913 | ALAN MONROY OJEDA | call | CC BY-NC-SA 4.0 | Kiekari Bird Observatory, Xico, Veracruz | 235.397 km
  candidate xeno-canto:XC1094952 | Joren van Schie | call | CC BY-NC-SA 4.0 | Xalapa-Enríquez, Coatepec Municipality, Veracruz | 245.708 km
  ... 753 further candidates (full list in the import report after downloading).
WARNING: iNaturalist search truncated at 5 pages ({}).

Passer domesticus: 1485 candidates, 1075 reusable/eligible, 3 selected
  SELECT xeno-canto:XC304656 | Manuel Grosselet | call | CC BY-NC-SA 4.0 | Mex DF entrance Desierto de los Leones | 4.266 km | geographic tier 0; quality B; type call; reusable license; diversity within tier | https://xeno-canto.org/304656
  SELECT inaturalist:101527 | Arturo Crespo Moctezuma | type unknown | CC BY 4.0 | Bosques de Tarango, Ciudad de México, CDMX, México | 3.238 km | geographic tier 0; quality not rated; type not supplied; reusable license; diversity within tier | https://www.inaturalist.org/observations/48366026
  SELECT inaturalist:1907940 | Monteros 2026 | type unknown | CC BY-NC 4.0 | Terminal Santa Rosa, Santa Rosa Xochiac, 05610 Ciudad de México, CDMX, México | 3.423 km | geographic tier 0; quality not rated; type not supplied; reusable license; diversity within tier | https://www.inaturalist.org/observations/355917673
  candidate xeno-canto:XC417551 | Manuel Grosselet | call | CC BY-NC-SA 4.0 | Lomas de Bezares Miguel Hidalgo Mexico city | 5.885 km
  candidate xeno-canto:XC521288 | Manuel Grosselet | song | CC BY-NC-SA 4.0 | Lomas de Bezares Miguel Hidalgo Mexico city | 5.885 km
  candidate xeno-canto:XC521289 | Manuel Grosselet | song | CC BY-NC-SA 4.0 | Lomas de Bezares Miguel Hidalgo Mexico city | 5.885 km
  candidate xeno-canto:XC618128 | Manuel Grosselet | call | CC BY-NC-SA 4.0 | Iztapalapa (near  Ciudad de México), Ciudad de México | 24.729 km
  candidate xeno-canto:XC398610 | Manuel Grosselet | call | CC BY-NC-SA 4.0 | Lomas de Bezares Miguel Hidalgo Mexico city | 5.885 km
  candidate xeno-canto:XC448288 | Manuel Grosselet | call | CC BY-NC-SA 4.0 | Mx, Distrito Federal, Lomas de Bezares, Calle Colina | 6.177 km
  candidate xeno-canto:XC462199 | Manuel Grosselet | call | CC BY-NC-SA 4.0 | Mx, Distrito Federal, Lomas de Bezares, Calle Colina | 6.177 km
  candidate xeno-canto:XC479586 | Manuel Grosselet | call, song | CC BY-NC-SA 4.0 | Mx, Distrito Federal, Lomas de Bezares, Calle Colina | 6.177 km
  ... 1474 further candidates (full list in the import report after downloading).
WARNING: Xeno-canto search truncated at 5 pages (world).
WARNING: iNaturalist search truncated at 5 pages ({"place_id":6793}).
WARNING: iNaturalist search truncated at 5 pages ({}).

Passerculus sandwichensis: 1020 candidates, 818 reusable/eligible, 3 selected
  SELECT xeno-canto:XC579156 | Manuel Grosselet | song | CC BY-NC-SA 4.0 | Iztapalapa (near  Ciudad de México), Ciudad de México | 24.729 km | geographic tier 2; quality A; type song; reusable license; diversity within tier | https://xeno-canto.org/579156
  SELECT xeno-canto:XC607838 | Isain Contreras Rodríguez | call | CC BY-NC-SA 4.0 | Mexico City, Federal District, laguna de San Gregorio Atpulco | 25.24 km | geographic tier 2; quality A; type call; reusable license; diversity within tier | https://xeno-canto.org/607838
  SELECT xeno-canto:XC723891 | Manuel Grosselet | song | CC BY-NC-SA 4.0 | Iztapalapa (near  Ciudad de México), Ciudad de México | 24.729 km | geographic tier 2; quality A; type song; reusable license; diversity within tier | https://xeno-canto.org/723891
  candidate xeno-canto:XC818081 | Manuel Grosselet | song | CC BY-NC-SA 4.0 | Iztapalapa (near  Ciudad de México), Ciudad de México | 24.729 km
  candidate xeno-canto:XC818082 | Manuel Grosselet | song | CC BY-NC-SA 4.0 | Iztapalapa (near  Ciudad de México), Ciudad de México | 24.729 km
  candidate xeno-canto:XC671099 | Manuel Grosselet | song | CC BY-NC-SA 4.0 | Mexico City, Federal District, laguna de San Gregorio Atpulco | 25.24 km
  candidate xeno-canto:XC587163 | Manuel Grosselet | song | CC BY-NC-SA 4.0 | Iztapalapa (near  Ciudad de México), Ciudad de México | 24.729 km
  candidate xeno-canto:XC723892 | Manuel Grosselet | song | CC BY-NC-SA 4.0 | Iztapalapa (near  Ciudad de México), Ciudad de México | 24.729 km
  candidate xeno-canto:XC578127 | Isain Contreras Rodríguez | song | CC BY-NC-SA 4.0 | Mexico City, Federal District, laguna de San Gregorio Atpulco | 25.24 km
  candidate xeno-canto:XC921265 | Miguel Mota | song | CC BY-NC-SA 4.0 | Xochimilco (near  Mexico City), Mexico City | 25.98 km
  candidate xeno-canto:XC583602 | Isain Contreras Rodríguez | song | CC BY-NC-SA 4.0 | Tláhuac, Mexico City | 32.267 km
  ... 1009 further candidates (full list in the import report after downloading).
WARNING: Xeno-canto search truncated at 5 pages (world).
WARNING: iNaturalist search truncated at 5 pages ({}).

Passerina amoena: 762 candidates, 641 reusable/eligible, 3 selected
  SELECT xeno-canto:XC465576 | Richard E. Webster | flight call | CC BY-NC-SA 4.0 | Rio El Aguajo, near San Antonio de la Sierra, Baja Sur | 1199.593 km | geographic tier 4; quality A; type flight call; reusable license; diversity within tier | https://xeno-canto.org/465576
  SELECT inaturalist:1933944 | Kelly Tolentino | type unknown | CC BY-NC 4.0 | Ecatepec de Morelos, Méx., México | 35.588 km | geographic tier 4; quality not rated; type not supplied; reusable license; diversity within tier | https://www.inaturalist.org/observations/359323531
  SELECT inaturalist:1836403 | Álvaro San José Elizundia | type unknown | CC BY-NC 4.0 | La Paz, BCS, Mexico | 1258.676 km | geographic tier 4; quality not rated; type not supplied; reusable license; diversity within tier | https://www.inaturalist.org/observations/346803165
  candidate xeno-canto:XC21384 | Richard E Webster | subsong, subsong by flock | https://creativecommons.org/licenses/by-nc-nd/2.5/ | Rio La Purisima above San Isidro, Baja Sur | 1489.776 km | REJECT License not accepted
  candidate xeno-canto:XC21385 | Richard E Webster | song | https://creativecommons.org/licenses/by-nc-nd/2.5/ | Rio El Aguajo, near San Antonio de la Sierra, Baja Sur | 1199.593 km | REJECT License not accepted
  candidate xeno-canto:XC21383 | Richard E Webster | call, song | https://creativecommons.org/licenses/by-nc-nd/2.5/ | Rio Comondu below Comondu, Baja Sur | 1489.749 km | REJECT License not accepted
  candidate inaturalist:1906671 | Diego Barrales | type unknown | no license | El Tope Av. Cerro del Viento, Colinas Ecatepec, 55030 Ecatepec de Morelos, Méx., México | 35.791 km | REJECT License not accepted
  candidate inaturalist:522773 | dromaius_antirrhopus | type unknown | CC BY-NC 4.0 | Ensenada, Baja California, Mexico | 2215.952 km
  candidate inaturalist:522868 | dromaius_antirrhopus | type unknown | CC BY-NC 4.0 | Ensenada, Baja California, Mexico | 2215.952 km
  candidate inaturalist:1000333 | David Francisco Pérez Cañas | type unknown | no license | 22767 Baja California, Mexico | 2225.362 km | REJECT License not accepted
  candidate inaturalist:1052370 | Álvaro San José | type unknown | CC BY-NC 4.0 | Ensenada, Baja California, Mexico | 2242.783 km
  ... 751 further candidates (full list in the import report after downloading).

Passerina caerulea: 877 candidates, 649 reusable/eligible, 3 selected
  SELECT xeno-canto:XC671102 | Manuel Grosselet | song | CC BY-NC-SA 4.0 | Mexico City, Federal District, laguna de San Gregorio Atpulco | 25.24 km | geographic tier 2; quality A; type song; reusable license; diversity within tier | https://xeno-canto.org/671102
  SELECT xeno-canto:XC586462 | Isain Contreras Rodríguez | call | CC BY-NC-SA 4.0 | Mexico City, Federal District, laguna de San Gregorio Atpulco | 25.24 km | geographic tier 2; quality B; type call; reusable license; diversity within tier | https://xeno-canto.org/586462
  SELECT inaturalist:1872531 | Miguel Ángel Mota Ayala | type unknown | CC BY-NC 4.0 | El Parque, Ciudad de México, CDMX, México | 18.743 km | geographic tier 2; quality not rated; type not supplied; reusable license; diversity within tier | https://www.inaturalist.org/observations/351638632
  candidate xeno-canto:XC716815 | Manuel Grosselet | song | CC BY-NC-SA 4.0 | Tláhuac (near  Mexico City), Mexico City | 32.293 km
  candidate xeno-canto:XC579140 | Manuel Grosselet | song | CC BY-NC-SA 4.0 | Iztapalapa (near  Ciudad de México), Ciudad de México | 24.729 km
  candidate xeno-canto:XC578118 | Isain Contreras Rodríguez | song | CC BY-NC-SA 4.0 | Mexico City, Federal District, laguna de San Gregorio Atpulco | 25.24 km
  candidate xeno-canto:XC576225 | Isain Contreras Rodríguez | call | CC BY-NC-SA 4.0 | Tláhuac (near  Ciudad de México), Ciudad de México | 28.024 km
  candidate inaturalist:1218845 | Efraín Octavio Aguilar Pérez | type unknown | CC BY-NC 4.0 | Parque Ecológico de Xochimilco, Ciudad de México, CDMX, México | 20.603 km
  candidate inaturalist:1218870 | Efraín Octavio Aguilar Pérez | type unknown | CC BY-NC 4.0 | Parque Ecológico de Xochimilco, Ciudad de México, CDMX, México | 20.851 km
  candidate inaturalist:1219886 | Efraín Octavio Aguilar Pérez | type unknown | CC BY-NC 4.0 | Parque Ecológico de Xochimilco, Ciudad de México, CDMX, México | 20.969 km
  candidate inaturalist:1684798 | Jorge Luis Garcia Velasco | type unknown | no license | 13549 Peña alta, Tláhuac, 13549 Ciudad de México, CDMX, México | 34.518 km | REJECT License not accepted
  ... 866 further candidates (full list in the import report after downloading).
WARNING: iNaturalist search truncated at 5 pages ({}).

Passerina ciris: 651 candidates, 498 reusable/eligible, 3 selected
  SELECT xeno-canto:XC371810 | Manuel Grosselet | song | CC BY-NC-SA 4.0 | General Bravo, Nuevo León | 714.689 km | geographic tier 4; quality A; type song; reusable license; diversity within tier | https://xeno-canto.org/371810
  SELECT xeno-canto:XC499367 | Isain Contreras Rodríguez | alarm call, call | CC BY-NC-SA 4.0 | Topolobampo, Ahome, Sinaloa | 1220.208 km | geographic tier 4; quality A; type alarm call, call; reusable license; diversity within tier | https://xeno-canto.org/499367
  SELECT xeno-canto:XC492789 | Isain Contreras Rodríguez | call | CC BY-NC-SA 4.0 | Topolobampo, Ahome, Sinaloa | 1220.208 km | geographic tier 4; quality B; type call; reusable license; diversity within tier | https://xeno-canto.org/492789
  candidate xeno-canto:XC64891 | manuel Grosselet | call | https://creativecommons.org/licenses/by-nc-nd/2.5/ | San Felipe Park, OAxaca city | 369.283 km | REJECT License not accepted
  candidate xeno-canto:XC382085 | Manuel Grosselet | song | CC BY-NC-SA 4.0 | General Bravo, Nuevo León | 714.689 km
  candidate xeno-canto:XC905691 | Leonardo Guzman Hernandez | song | CC BY-NC-SA 4.0 | Higueras, Higueras, Nuevo Leon | 736.051 km
  candidate xeno-canto:XC920147 | Leonardo Guzman Hernandez | song | CC BY-NC-SA 4.0 | Luis Donaldo Colosio, General Treviño, Nuevo León | 759.467 km
  candidate xeno-canto:XC920148 | Leonardo Guzman Hernandez | song | CC BY-NC-SA 4.0 | Luis Donaldo Colosio, General Treviño, Nuevo León | 759.489 km
  candidate xeno-canto:XC920146 | Leonardo Guzman Hernandez | song | CC BY-NC-SA 4.0 | Luis Donaldo Colosio, General Treviño, Nuevo León | 759.72 km
  candidate xeno-canto:XC1077931 | Joren van Schie | song | CC BY-NC-SA 4.0 | La Osca, China, Nuevo León, Nuevo León | 702.095 km
  candidate xeno-canto:XC858753 | Leonardo Guzman Hernandez | song | CC BY-NC-SA 4.0 | Veintinueve de Noviembre, Marín, Nuevo Leon | 729.768 km
  ... 640 further candidates (full list in the import report after downloading).
WARNING: iNaturalist search truncated at 5 pages ({}).

Passerina cyanea: 944 candidates, 677 reusable/eligible, 3 selected
  SELECT xeno-canto:XC649583 | Manuel Grosselet | call | CC BY-NC-SA 4.0 | Coyoacán (near  Ciudad de México), Ciudad de México | 15.769 km | geographic tier 2; quality B; type call; reusable license; diversity within tier | https://xeno-canto.org/649583
  SELECT inaturalist:1765871 | Lee | type unknown | CC BY-NC 4.0 | Coyoacán, MX-DF, MX | 9.965 km | geographic tier 4; quality not rated; type not supplied; reusable license; diversity within tier | https://www.inaturalist.org/observations/338457352
  SELECT xeno-canto:XC661698 | Richard E. Webster | call | CC BY-NC-SA 4.0 | Mike's Sky Rancho, Sierra San Pedro Martir, Baja California | 2096.312 km | geographic tier 4; quality A; type call; reusable license; diversity within tier | https://xeno-canto.org/661698
  candidate xeno-canto:XC513570 | Isain Contreras Rodríguez | call | CC BY-NC-SA 4.0 | Buenavista de Cuéllar, Buenavista de Cuéllar, Guerrero | 100.231 km
  candidate xeno-canto:XC293328 | Manuel Grosselet | call | CC BY-NC-SA 4.0 | Minatitlan, refineria de SAnta Alejandrina, Veracruz | 519.049 km
  candidate xeno-canto:XC780635 | Jessica Thompson Ambriz | type unknown | CC BY-NC-SA 4.0 | San Cristóbal de las Casas, San Cristóbal de las Casas, Chiapas | 758.397 km | REJECT Low source quality
  candidate inaturalist:1759867 | Miguel Ángel Mota Ayala | type unknown | CC BY-NC 4.0 | Cd. de México, México | 33.269 km
  candidate inaturalist:295253 | Diego Barrales | type unknown | no license | Ecatepec de Morelos, Méx., México | 35.684 km | REJECT License not accepted
  candidate inaturalist:1931060 | Kelly Tolentino | type unknown | CC BY-NC 4.0 | La Mora, 55030 Ecatepec de Morelos, Méx., México | 35.763 km
  candidate inaturalist:1747295 | Alvaro Rivera Rojas (brújula de aves) | type unknown | no license | San Juan del Río, Qro., México | 130.716 km | REJECT License not accepted
  candidate inaturalist:1747296 | Alvaro Rivera Rojas (brújula de aves) | type unknown | no license | San Juan del Río, Qro., México | 130.716 km | REJECT License not accepted
  ... 933 further candidates (full list in the import report after downloading).
WARNING: iNaturalist search truncated at 5 pages ({}).
WARNING: Not a species; no taxonomic match assumed.

Pelecanus erythrorhynchos: 8 candidates, 2 reusable/eligible, 2 selected
  SELECT xeno-canto:XC486233 | Bruce Lagerquist | wing noise | CC BY-NC-SA 4.0 | Flagstaff Lake, Lake County, Oregon | 3220.414 km | geographic tier 5; quality A; type wing noise; reusable license; diversity within tier | https://xeno-canto.org/486233
  SELECT inaturalist:1356173 | Gem | type unknown | CC BY-NC 4.0 | Geist Reservoir, Indiana, USA | 2617.663 km | geographic tier 5; quality not rated; type not supplied; reusable license; diversity within tier | https://www.inaturalist.org/observations/267911000
  candidate inaturalist:904788 | Alvaro Rivera Rojas (brújula de aves) | type unknown | no license | Unnamed Road, 76820 Qro., México | 143.243 km | REJECT License not accepted
  candidate xeno-canto:XC36291 | Andrew Spencer | call | https://creativecommons.org/licenses/by-nc-nd/2.5/ | Riverside Reservoir, Weld Co., Colorado | 2380.797 km | REJECT License not accepted
  candidate xeno-canto:XC36292 | Andrew Spencer | call | https://creativecommons.org/licenses/by-nc-nd/2.5/ | Riverside Reservoir, Weld Co., Colorado | 2380.797 km | REJECT License not accepted
  candidate xeno-canto:XC104394 | Andrew Spencer | wing noise | https://creativecommons.org/licenses/by-nc-nd/2.5/ | Browns Lake, Beltrami Island State Forest, Lake of the Woods Co., Minnesota | 3275.23 km | REJECT License not accepted
  candidate xeno-canto:XC175257 | Jonathon Jongsma | call, wing noise | CC BY-SA 4.0 | Grey Cloud Dunes SNA, Washington, Minnesota | 2888.624 km | REJECT Low source quality
  candidate xeno-canto:XC175255 | Jonathon Jongsma | wing noise | CC BY-SA 4.0 | Grey Cloud Dunes SNA, Washington, Minnesota | 2888.624 km | REJECT Low source quality

Petrochelidon pyrrhonota: 472 candidates, 370 reusable/eligible, 3 selected
  SELECT xeno-canto:XC723708 | Manuel Grosselet | call | CC BY-NC-SA 4.0 | Parque Estatal Sierra Morelos, Toluca de Lerdo, Toluca, Estado de México | 43.405 km | geographic tier 3; quality A; type call; reusable license; diversity within tier | https://xeno-canto.org/723708
  SELECT xeno-canto:XC737195 | Manuel Grosselet | begging call, song | CC BY-NC-SA 4.0 | Parque Estatal Sierra Morelos, Toluca de Lerdo, Toluca, Estado de México | 43.405 km | geographic tier 3; quality A; type begging call, song; reusable license; diversity within tier | https://xeno-canto.org/737195
  SELECT xeno-canto:XC184389 | Manuel Grosselet | alarm call | CC BY-NC-SA 4.0 | State of Mexico | 120.433 km | geographic tier 3; quality B; type alarm call; reusable license; diversity within tier | https://xeno-canto.org/184389
  candidate xeno-canto:XC572047 | Manuel Grosselet | alarm call, flight call | CC BY-NC-SA 4.0 | Salina, Sinaloa | 1217.493 km
  candidate xeno-canto:XC549243 | Isain Contreras Rodríguez | alarm call, call, flight call | CC BY-NC-SA 4.0 | Topolobampo, Ahome, Sinaloa | 1220.208 km
  candidate xeno-canto:XC564922 | Isain Contreras Rodríguez | call, flight call | CC BY-NC-SA 4.0 | Topolobampo, Ahome, Sinaloa | 1220.208 km
  candidate xeno-canto:XC564926 | Isain Contreras Rodríguez | alarm call, call, flight call | CC BY-NC-SA 4.0 | Topolobampo, Ahome, Sinaloa | 1220.208 km
  candidate xeno-canto:XC569598 | Isain Contreras Rodríguez | call, flight call | CC BY-NC-SA 4.0 | Topolobampo, Ahome, Sinaloa | 1220.208 km
  candidate xeno-canto:XC573027 | Manuel Grosselet | flight call | CC BY-NC-SA 4.0 | Topolobampo, Ahome, Sinaloa | 1220.822 km
  candidate xeno-canto:XC566102 | Isain Contreras Rodríguez | call | CC BY-NC-SA 4.0 | Privanzas Los Mochis Ahome, Sinaloa | 1225.922 km
  candidate xeno-canto:XC570413 | Manuel Grosselet | alarm call, flight call | CC BY-NC-SA 4.0 | Privanzas Los Mochis Ahome, Sinaloa | 1225.922 km
  ... 461 further candidates (full list in the import report after downloading).

Peucaea ruficauda: 106 candidates, 74 reusable/eligible, 3 selected
  SELECT inaturalist:1772218 | Miguel Ángel Mota Ayala | type unknown | CC BY-NC 4.0 | Zoológico de San Juan de Aragón, 07920 Ciudad de México, CDMX, México | 24.545 km | geographic tier 2; quality not rated; type not supplied; reusable license; diversity within tier | https://www.inaturalist.org/observations/339349859
  SELECT xeno-canto:XC169377 | Micah Riegner | song | CC BY-NC-SA 3.0 | Tepoztlán, Tepoztlán, Morelos | 45.6 km | geographic tier 4; quality A; type song; reusable license; diversity within tier | https://xeno-canto.org/169377
  SELECT xeno-canto:XC305869 | James Bradley | call | CC BY-NC-SA 4.0 | Ahuaxtla | 111.157 km | geographic tier 4; quality A; type call; reusable license; diversity within tier | https://xeno-canto.org/305869
  candidate xeno-canto:XC169378 | Micah Riegner | song | CC BY-NC-SA 3.0 | Tepoztlán, Tepoztlán, Morelos | 45.6 km
  candidate xeno-canto:XC327538 | Manuel Grosselet | song | CC BY-NC-SA 4.0 | CAmino a los limones Tlayecac Morelos | 78.598 km
  candidate xeno-canto:XC457119 | Manuel Grosselet | call | CC BY-NC-SA 4.0 | Presa del Bosque, Zitácuaro, Michoacán | 117.36 km
  candidate xeno-canto:XC678408 | Alán Palacios | song | CC BY-NC-SA 4.0 | Rancho Tierra Colorada | 132.666 km
  candidate xeno-canto:XC686085 | Alán Palacios | call | CC BY-NC-SA 4.0 | Rancho Tierra Colorada | 132.666 km
  candidate xeno-canto:XC686086 | Alán Palacios | call | CC BY-NC-SA 4.0 | Rancho Tierra Colorada | 132.666 km
  candidate xeno-canto:XC56223 | manuel Grosselet | song | https://creativecommons.org/licenses/by-nc-nd/2.5/ | Mex Jalisco Volcano Colima foothills | 442.994 km | REJECT License not accepted
  candidate xeno-canto:XC317613 | Manuel Grosselet | song | CC BY-NC-SA 4.0 | Rancho las Trancas, Comala, Colima | 469.772 km
  ... 95 further candidates (full list in the import report after downloading).

Peucedramus taeniatus: 227 candidates, 176 reusable/eligible, 3 selected
  SELECT xeno-canto:XC814557 | Manuel Grosselet | call | CC BY-NC-SA 4.0 | Mex DF entrance Desierto de los Leones | 4.266 km | geographic tier 0; quality A; type call; reusable license; diversity within tier | https://xeno-canto.org/814557
  SELECT xeno-canto:XC306788 | Manuel Grosselet | call, song | CC BY-NC-SA 4.0 | Parque ecologico San Bernardo Ocotepec | 4.808 km | geographic tier 0; quality B; type call, song; reusable license; diversity within tier | https://xeno-canto.org/306788
  SELECT inaturalist:1163691 | Álvaro San José Elizundia | type unknown | CC BY-NC 4.0 | Mexico City, Mexico | 2.26 km | geographic tier 0; quality not rated; type not supplied; reusable license; diversity within tier | https://www.inaturalist.org/observations/235995301
  candidate xeno-canto:XC146289 | Manuel Grosselet | call | CC BY-NC-SA 3.0 | Contadero, Mexico City | 1.478 km
  candidate xeno-canto:XC289812 | Manuel Grosselet | call | CC BY-NC-SA 4.0 | Mex DF entrance Desierto de los Leones | 4.266 km
  candidate xeno-canto:XC290276 | Manuel Grosselet | call | CC BY-NC-SA 4.0 | Mex DF entrance Desierto de los Leones | 4.266 km
  candidate xeno-canto:XC306787 | Manuel Grosselet | call | CC BY-NC-SA 4.0 | Parque ecologico San Bernardo Ocotepec | 4.808 km
  candidate inaturalist:1776306 | paoula | type unknown | CC BY-NC 4.0 | 05500 Ciudad de México, CDMX, México | 3.201 km
  candidate xeno-canto:XC353078 | Manuel Grosselet | call | CC BY-NC-SA 4.0 | La Cima, Distrito Federal | 28.297 km
  candidate xeno-canto:XC324452 | Manuel Grosselet | begging call | CC BY-NC-SA 4.0 | La grande Palapa Milpa Alta (near  Ciudad de México), Ciudad de México | 37.137 km
  candidate xeno-canto:XC581586 | Isain Contreras Rodríguez | call | CC BY-NC-SA 4.0 | Milpa Alta (near  Ciudad de México), Ciudad de México | 37.071 km
  ... 216 further candidates (full list in the import report after downloading).

Pheucticus ludovicianus: 890 candidates, 713 reusable/eligible, 3 selected
  SELECT inaturalist:1872533 | Miguel Ángel Mota Ayala | type unknown | CC BY-NC 4.0 | El Parque, Ciudad de México, CDMX, México | 18.787 km | geographic tier 2; quality not rated; type not supplied; reusable license; diversity within tier | https://www.inaturalist.org/observations/351638604
  SELECT xeno-canto:XC125807 | Manuel Grosselet | alarm call | CC BY-NC-SA 3.0 | Minatitlan, refineria de SAnta Alejandrina, Veracruz | 519.049 km | geographic tier 4; quality A; type alarm call; reusable license; diversity within tier | https://xeno-canto.org/125807
  SELECT inaturalist:949213 | Arturo Benavides Mendoza | type unknown | CC BY 4.0 | 86287 Ranchería Emiliano Zapata, Tab., México | 681.559 km | geographic tier 4; quality not rated; type not supplied; reusable license; diversity within tier | https://www.inaturalist.org/observations/204918130
  candidate xeno-canto:XC227668 | Peter Boesman | call | https://creativecommons.org/licenses/by-nc-nd/4.0/ | Campamento Río Lacandon, Chiapas | 914.945 km | REJECT License not accepted
  candidate xeno-canto:XC901102 | David Tattersley | call | CC BY-NC-SA 4.0 | Brownsville, Cameron County, Texas | 756.063 km
  candidate xeno-canto:XC880228 | Peter Boesman | call | https://creativecommons.org/licenses/by-nc-nd/4.0/ | Santa Ana, Petén | 1040.82 km | REJECT License not accepted
  candidate xeno-canto:XC79101 | Mike Nelson | song | https://creativecommons.org/licenses/by-nc-nd/2.5/ | Cherohala Skyway, North River Rd, Cherokee National Forest, North Carolina | 2323.655 km | REJECT License not accepted
  candidate xeno-canto:XC79103 | Mike Nelson | song | https://creativecommons.org/licenses/by-nc-nd/2.5/ | Cherohala Skyway, North River Rd, Cherokee National Forest, North Carolina | 2323.655 km | REJECT License not accepted
  candidate xeno-canto:XC79105 | Mike Nelson | song | https://creativecommons.org/licenses/by-nc-nd/2.5/ | Cherohala Skyway, Huckleberry Knob, Nantahala National Forest, North Carolina | 2324.682 km | REJECT License not accepted
  candidate xeno-canto:XC79107 | Mike Nelson | song | https://creativecommons.org/licenses/by-nc-nd/2.5/ | Cherohala Skyway, Huckleberry Knob, Nantahala National Forest, North Carolina | 2324.682 km | REJECT License not accepted
  candidate xeno-canto:XC79108 | Mike Nelson | song | https://creativecommons.org/licenses/by-nc-nd/2.5/ | Cherohala Skyway, Huckleberry Knob, Nantahala National Forest, North Carolina | 2324.682 km | REJECT License not accepted
  ... 879 further candidates (full list in the import report after downloading).
WARNING: iNaturalist search truncated at 5 pages ({}).

Pheucticus melanocephalus: 1099 candidates, 880 reusable/eligible, 3 selected
  SELECT xeno-canto:XC462125 | Manuel Grosselet | song | CC BY-NC-SA 4.0 | MX Distrito federal la Loma baja | 4.242 km | geographic tier 0; quality A; type song; reusable license; diversity within tier | https://xeno-canto.org/462125
  SELECT xeno-canto:XC341228 | Manuel Grosselet | call | CC BY-NC-SA 4.0 | Mex DF entrance Desierto de los Leones | 4.266 km | geographic tier 0; quality B; type call; reusable license; diversity within tier | https://xeno-canto.org/341228
  SELECT inaturalist:1885123 | Patricia Maldonado | type unknown | CC BY-NC 4.0 | AVA Barranca del Moral | 3.999 km | geographic tier 0; quality not rated; type not supplied; reusable license; diversity within tier | https://www.inaturalist.org/observations/353235251
  candidate xeno-canto:XC630957 | Manuel Grosselet | song | CC BY-NC-SA 4.0 | MX Distrito federal la Loma baja | 4.242 km
  candidate xeno-canto:XC630958 | Manuel Grosselet | song, subsong | CC BY-NC-SA 4.0 | MX Distrito federal la Loma baja | 4.242 km
  candidate inaturalist:1881652 | Gabriela Gil Garduño | type unknown | CC BY-NC 4.0 | La Era, Lomas de la Era, 01860 Ciudad de México, CDMX, México | 4.139 km
  candidate xeno-canto:XC809117 | Manuel Grosselet | song | CC BY-NC-SA 4.0 | Miguel Hidalgo (near  Ciudad de México), Ciudad de México | 11.032 km
  candidate xeno-canto:XC423357 | Manuel Grosselet | song | CC BY-NC-SA 4.0 | Mx, Distrito Federal, Xochimilco | 20.677 km
  candidate xeno-canto:XC398609 | Manuel Grosselet | song | CC BY-NC-SA 4.0 | Lomas de Bezares Miguel Hidalgo Mexico city | 5.885 km
  candidate xeno-canto:XC481869 | Manuel Grosselet | song | CC BY-NC-SA 4.0 | Lomas de Bezares Miguel Hidalgo Mexico city | 5.885 km
  candidate xeno-canto:XC329235 | Manuel Grosselet | call | CC BY-NC-SA 4.0 | Mx, Distrito Federal, Lomas de Bezares, Calle Colina | 6.177 km
  ... 1088 further candidates (full list in the import report after downloading).
WARNING: iNaturalist search truncated at 5 pages ({}).

Pipilo maculatus: 1148 candidates, 879 reusable/eligible, 3 selected
  SELECT xeno-canto:XC462126 | Manuel Grosselet | song | CC BY-NC-SA 4.0 | MX Distrito federal la Loma baja | 4.242 km | geographic tier 0; quality A; type song; reusable license; diversity within tier | https://xeno-canto.org/462126
  SELECT xeno-canto:XC630973 | Manuel Grosselet | call | CC BY-NC-SA 4.0 | MX Distrito federal la Loma baja | 4.242 km | geographic tier 0; quality B; type call; reusable license; diversity within tier | https://xeno-canto.org/630973
  SELECT inaturalist:1143398 | Rodolfo DQ | type unknown | CC BY-NC 4.0 | Calzada de las Águilas, Álvaro Obregón, CDMX, MX | 3.966 km | geographic tier 0; quality not rated; type not supplied; reusable license; diversity within tier | https://www.inaturalist.org/observations/231712909
  candidate xeno-canto:XC32580 | manuel Grosselet | song | https://creativecommons.org/licenses/by-nc-nd/2.5/ | Contadero, Mexico City | 1.477 km | REJECT License not accepted
  candidate xeno-canto:XC32584 | Manuel Grosselet | call | https://creativecommons.org/licenses/by-nc-nd/2.5/ | contadero, Mexico City | 1.477 km | REJECT License not accepted
  candidate xeno-canto:XC168046 | Manuel Grosselet | song | CC BY-NC-SA 3.0 | Mex DF entrance Desierto de los Leones | 4.266 km
  candidate xeno-canto:XC168048 | Manuel Grosselet | song | CC BY-NC-SA 3.0 | Mex DF entrance Desierto de los Leones | 4.266 km
  candidate xeno-canto:XC252813 | Manuel Grosselet | song | CC BY-NC-SA 4.0 | Mex DF entrance Desierto de los Leones | 4.266 km
  candidate xeno-canto:XC252942 | Manuel Grosselet | song | CC BY-NC-SA 4.0 | Mex DF entrance Desierto de los Leones | 4.266 km
  candidate xeno-canto:XC326476 | Manuel Grosselet | song, plane | CC BY-NC-SA 4.0 | Mex DF entrance Desierto de los Leones | 4.266 km
  candidate xeno-canto:XC32581 | Manuel Grosselet | song | https://creativecommons.org/licenses/by-nc-nd/2.5/ | COntadero, Mexico City | 1.477 km | REJECT License not accepted
  ... 1137 further candidates (full list in the import report after downloading).
WARNING: Xeno-canto search truncated at 5 pages (world).
WARNING: iNaturalist search truncated at 5 pages ({}).

Piranga bidentata: 146 candidates, 96 reusable/eligible, 3 selected
  SELECT xeno-canto:XC1098951 | David Ruíz Domínguez | begging call, dawn song, song | CC BY-NC-SA 4.0 | Curimeo, Morelia, Michoacán | 200.576 km | geographic tier 4; quality A; type begging call, dawn song, song; reusable license; diversity within tier | https://xeno-canto.org/1098951
  SELECT xeno-canto:XC980057 | Matthew L. Brady | call | CC BY-NC-SA 4.0 | shade coffee plantations E of La Pintada, Atoyac de Álvarez, Guerrero | 241.939 km | geographic tier 4; quality A; type call; reusable license; diversity within tier | https://xeno-canto.org/980057
  SELECT xeno-canto:XC500841 | Richard E. Webster | dawn song | CC BY-NC-SA 4.0 | Reserva Ecológica Sierra de San Juan--La Noria, Nayarit | 640.634 km | geographic tier 4; quality B; type dawn song; reusable license; diversity within tier | https://xeno-canto.org/500841
  candidate xeno-canto:XC228298 | Peter Boesman | song | https://creativecommons.org/licenses/by-nc-nd/4.0/ | Valle Nacional road, Oaxaca | 363.075 km | REJECT License not accepted
  candidate xeno-canto:XC927847 | Richard E. Webster | song | CC BY-NC-SA 4.0 | Km 75-80 Highway 175, Santiago Comaltepec, Oaxaca | 364.093 km
  candidate xeno-canto:XC228299 | Peter Boesman | call | https://creativecommons.org/licenses/by-nc-nd/4.0/ | Rancho El Cielo, Tamaulipas | 424.129 km | REJECT License not accepted
  candidate xeno-canto:XC500840 | Richard E. Webster | call, scold call | CC BY-NC-SA 4.0 | Reserva Ecológica Sierra de San Juan--La Noria, Nayarit | 640.634 km
  candidate xeno-canto:XC228300 | Peter Boesman | song | https://creativecommons.org/licenses/by-nc-nd/4.0/ | Cola de Caballo area, Nuevo Leon | 680.532 km | REJECT License not accepted
  candidate xeno-canto:XC228301 | Peter Boesman | song | https://creativecommons.org/licenses/by-nc-nd/4.0/ | Cola de Caballo area, Nuevo Leon | 680.532 km | REJECT License not accepted
  candidate xeno-canto:XC913667 | Manuel Grosselet | call | CC BY-NC-SA 4.0 | Tapalapa, Tapalapa, Chiapas | 694.122 km
  candidate xeno-canto:XC913668 | Manuel Grosselet | call | CC BY-NC-SA 4.0 | Tapalapa, Tapalapa, Chiapas | 694.122 km
  ... 135 further candidates (full list in the import report after downloading).
ERROR: piranga-bidentata: Audio exceeds 40 MiB

Piranga flava: 170 candidates, 122 reusable/eligible, 3 selected
  SELECT xeno-canto:XC779495 | Manuel Grosselet | call | CC BY-NC-SA 4.0 | Magdalena Contreras (near  Ciudad de México), Ciudad de México | 6.898 km | geographic tier 2; quality C; type call; reusable license; diversity within tier | https://xeno-canto.org/779495
  SELECT xeno-canto:XC657353 | Leonardo Guzman Hernandez | song | CC BY-NC-SA 4.0 | San Pedro Garza García, San Pedro Garza García, Nuevo León | 703.769 km | geographic tier 4; quality B; type song; reusable license; diversity within tier | https://xeno-canto.org/657353
  SELECT xeno-canto:XC677606 | Manuel Grosselet | flight call | CC BY-NC-SA 4.0 | San Pablo Etla, San Pablo Etla, Oaxaca | 361.011 km | geographic tier 4; quality C; type flight call; reusable license; diversity within tier | https://xeno-canto.org/677606
  candidate inaturalist:1251123 | Alvaro Rivera Rojas (brújula de aves) | type unknown | no license | Amealco de Bonfil, Qro., México | 107.642 km | REJECT License not accepted
  candidate inaturalist:1998227 | Alvaro Rivera Rojas (brújula de aves) | type unknown | no license | 76850 Amealco de Bonfil, Qro., México | 129.637 km | REJECT License not accepted
  candidate inaturalist:1740773 | Alvaro Rivera Rojas (brújula de aves) | type unknown | no license | Las Animas, Centro, 76850 Amealco de Bonfil, Qro., México | 130.136 km | REJECT License not accepted
  candidate inaturalist:1722451 | Alvaro Rivera Rojas (brújula de aves) | type unknown | no license | 76833 Santa Rosa Xajay, Qro., México | 136.634 km | REJECT License not accepted
  candidate inaturalist:127777 | Juan Carlos Pérez Magaña | type unknown | CC BY-NC 4.0 | Morelia, Mich., México | 204.19 km
  candidate inaturalist:174205 | M.C. Víctor Manuel Ortiz Cruz | type unknown | CC BY-NC 4.0 | San Felipe Tejalápam, Oax., México | 358.591 km
  candidate inaturalist:162645 | Manuel Grosselet | type unknown | no license | San Agustín Etla, Oax., Mexique | 361.357 km | REJECT License not accepted
  candidate inaturalist:244572 | Manuel Grosselet | type unknown | no license | San Pablo Etla, Oaxaca, Mexique | 361.965 km | REJECT License not accepted
  ... 159 further candidates (full list in the import report after downloading).

Piranga ludoviciana: 813 candidates, 661 reusable/eligible, 3 selected
  SELECT xeno-canto:XC290281 | Manuel Grosselet | call | CC BY-NC-SA 4.0 | Mx, Distrito Federal, Lomas de Bezares, Calle Colina | 6.177 km | geographic tier 2; quality B; type call; reusable license; diversity within tier | https://xeno-canto.org/290281
  SELECT inaturalist:1910029 | Nathan Zárate | type unknown | CC BY-NC 4.0 | Distrito Federal, MX | 5.505 km | geographic tier 2; quality not rated; type not supplied; reusable license; diversity within tier | https://www.inaturalist.org/observations/356221000
  SELECT inaturalist:1868542 | Efraín Octavio Aguilar Pérez | type unknown | CC BY-NC 4.0 | Bosque de Chapultepec III Secc, Ciudad de México, CDMX, México | 8.969 km | geographic tier 2; quality not rated; type not supplied; reusable license; diversity within tier | https://www.inaturalist.org/observations/351008522
  candidate inaturalist:1868543 | Efraín Octavio Aguilar Pérez | type unknown | CC BY-NC 4.0 | Bosque de Chapultepec III Secc, Ciudad de México, CDMX, México | 8.969 km
  candidate inaturalist:1868544 | Efraín Octavio Aguilar Pérez | type unknown | CC BY-NC 4.0 | Bosque de Chapultepec III Secc, Ciudad de México, CDMX, México | 8.969 km
  candidate inaturalist:1333465 | Octavio Pérez-Martínez | type unknown | CC BY-NC-SA 4.0 | Panteón Civíl de Dolores, 11100 Ciudad de México, CDMX, México | 9.711 km
  candidate inaturalist:2006204 | Efraín Octavio Aguilar Pérez | type unknown | CC BY-NC 4.0 | Parque Nacional Bosque del Pedregal, Ciudad de México, CDMX, México | 12.03 km
  candidate inaturalist:1923354 | Nao | type unknown | CC BY-NC 4.0 | Edicificio M10, Fuentes Brotantes, 14410 Ciudad de México, CDMX, México | 13.081 km
  candidate inaturalist:1866392 | Miguel Ángel Mota Ayala | type unknown | CC BY-NC 4.0 | Campestre Churubusco, Ciudad de México, CDMX, México | 15.605 km
  candidate inaturalist:1281716 | Diego Barrales | type unknown | no license | Estética Unisex Calle Hacienda Sotelo, Francisco Villa, 02420 Ciudad de México, CDMX, México | 17.947 km | REJECT License not accepted
  candidate inaturalist:981607 | Efraín Octavio Aguilar Pérez | type unknown | CC BY-NC 4.0 | Hacienda del Rosario, Ex el Rosario, 02420 Ciudad de México, CDMX, México | 18.219 km
  ... 802 further candidates (full list in the import report after downloading).
WARNING: iNaturalist search truncated at 5 pages ({}).

Piranga rubra: 1083 candidates, 755 reusable/eligible, 3 selected
  SELECT xeno-canto:XC289826 | Manuel Grosselet | call | CC BY-NC-SA 4.0 | Mex DF entrance Desierto de los Leones | 4.266 km | geographic tier 0; quality B; type call; reusable license; diversity within tier | https://xeno-canto.org/289826
  SELECT xeno-canto:XC702564 | Isain Contreras Rodríguez | song | CC BY-NC-SA 4.0 | Parque las maravillas, Ciudad de México | 24.103 km | geographic tier 2; quality A; type song; reusable license; diversity within tier | https://xeno-canto.org/702564
  SELECT inaturalist:1256013 | Efraín Octavio Aguilar Pérez | type unknown | CC BY-NC 4.0 | Bosque de Chapultepec III Secc, Ciudad de México, CDMX, México | 8.599 km | geographic tier 2; quality not rated; type not supplied; reusable license; diversity within tier | https://www.inaturalist.org/observations/252791442
  candidate xeno-canto:XC792626 | Alberto Paz | call | CC BY-NC-SA 4.0 | Xochimilco (near  Mexico City), Mexico City | 20.567 km
  candidate xeno-canto:XC289660 | Manuel Grosselet | call | CC BY-NC-SA 4.0 | Mx, Distrito Federal, Lomas de Bezares, Calle Colina | 6.177 km
  candidate xeno-canto:XC608995 | Fernando Uranga M. | call | CC BY-NC-SA 4.0 | Viveros de Coyoacán (near  Ciudad de México), Ciudad de México | 11.635 km
  candidate xeno-canto:XC592999 | Isain Contreras Rodríguez | call | CC BY-NC-SA 4.0 | Mx, Distrito Federal, Xochimilco | 20.677 km
  candidate xeno-canto:XC501628 | Isain Contreras Rodríguez | call, dog | CC BY-NC-SA 4.0 | Deportivo Nativitas, Xochimilco, Ciudad de México | 22.375 km
  candidate inaturalist:316017 | Diego Barrales | type unknown | no license | C.U., 04510 Ciudad de México, CDMX, México | 9.947 km | REJECT License not accepted
  candidate inaturalist:1237838 | Octavio Pérez-Martínez | type unknown | CC BY-NC-SA 4.0 | Parque de la Juventud, Tolteca, 01150 Ciudad de México, CDMX, México | 9.972 km
  candidate inaturalist:1237839 | Octavio Pérez-Martínez | type unknown | CC BY-NC-SA 4.0 | Parque de la Juventud, Tolteca, 01150 Ciudad de México, CDMX, México | 9.972 km
  ... 1072 further candidates (full list in the import report after downloading).
WARNING: iNaturalist search truncated at 5 pages ({}).

Poecile sclateri: 188 candidates, 141 reusable/eligible, 3 selected
  SELECT xeno-canto:XC289830 | Manuel Grosselet | call | CC BY-NC-SA 4.0 | Mex DF entrance Desierto de los Leones | 4.266 km | geographic tier 0; quality A; type call; reusable license; diversity within tier | https://xeno-canto.org/289830
  SELECT xeno-canto:XC168043 | Manuel Grosselet | song | CC BY-NC-SA 3.0 | Mex DF entrance Desierto de los Leones | 4.266 km | geographic tier 0; quality B; type song; reusable license; diversity within tier | https://xeno-canto.org/168043
  SELECT xeno-canto:XC322416 | Manuel Grosselet | begging call | CC BY-NC-SA 4.0 | Mex DF entrance Desierto de los Leones | 4.266 km | geographic tier 0; quality B; type begging call; reusable license; diversity within tier | https://xeno-canto.org/322416
  candidate xeno-canto:XC326467 | Manuel Grosselet | call, stream  in bg | CC BY-NC-SA 4.0 | Mex DF entrance Desierto de los Leones | 4.266 km
  candidate xeno-canto:XC289829 | Manuel Grosselet | call | CC BY-NC-SA 4.0 | Mex DF entrance Desierto de los Leones | 4.266 km
  candidate xeno-canto:XC289831 | Manuel Grosselet | call, song | CC BY-NC-SA 4.0 | Mex DF entrance Desierto de los Leones | 4.266 km
  candidate xeno-canto:XC291498 | Manuel Grosselet | call | CC BY-NC-SA 4.0 | Mex DF entrance Desierto de los Leones | 4.266 km
  candidate inaturalist:1934064 | Efraín Octavio Aguilar Pérez | type unknown | CC BY-NC 4.0 | Cd. de México, México | 3.719 km
  candidate inaturalist:1934109 | Efraín Octavio Aguilar Pérez | type unknown | CC BY-NC 4.0 | Cd. de México, México | 4.069 km
  candidate inaturalist:2117521 | Efraín Octavio Aguilar Pérez | type unknown | CC BY-NC 4.0 | Cd. de México, México | 4.585 km
  candidate inaturalist:1554963 | Efraín Octavio Aguilar Pérez | type unknown | CC BY-NC 4.0 | Cd. de México, México | 4.632 km
  ... 177 further candidates (full list in the import report after downloading).

Polioptila caerulea: 1099 candidates, 767 reusable/eligible, 3 selected
  SELECT xeno-canto:XC1075268 | Joren van Schie | song | CC BY-NC-SA 4.0 | Tlalpan (near  Ciudad de México), Ciudad de México | 10.868 km | geographic tier 2; quality B; type song; reusable license; diversity within tier | https://xeno-canto.org/1075268
  SELECT xeno-canto:XC586455 | Isain Contreras Rodríguez | call | CC BY-NC-SA 4.0 | Tláhuac, Mexico City | 32.267 km | geographic tier 2; quality B; type call; reusable license; diversity within tier | https://xeno-canto.org/586455
  SELECT inaturalist:1868522 | Efraín Octavio Aguilar Pérez | type unknown | CC BY-NC 4.0 | Bosque de Chapultepec III Secc, Ciudad de México, CDMX, México | 9.275 km | geographic tier 2; quality not rated; type not supplied; reusable license; diversity within tier | https://www.inaturalist.org/observations/351008513
  candidate xeno-canto:XC586456 | Isain Contreras Rodríguez | call | CC BY-NC-SA 4.0 | Tláhuac, Mexico City | 32.267 km
  candidate xeno-canto:XC593014 | Isain Contreras Rodríguez | call | CC BY-NC-SA 4.0 | Tláhuac, Mexico City | 32.267 km
  candidate inaturalist:1734473 | Diego Barrales | type unknown | no license | Ciencias, Escandón I Secc, 11800 Ciudad de México, CDMX, México | 12.231 km | REJECT License not accepted
  candidate inaturalist:1281717 | Diego Barrales | type unknown | no license | Distrito Federal, MX | 17.949 km | REJECT License not accepted
  candidate inaturalist:1707772 | Efraín Octavio Aguilar Pérez | type unknown | CC BY-NC 4.0 | El Parque, Ciudad de México, CDMX, México | 18.571 km
  candidate inaturalist:2138035 | Miguel Ángel Mota Ayala | type unknown | CC BY-NC 4.0 | El Parque, Ciudad de México, CDMX, México | 18.683 km
  candidate inaturalist:1250722 | Efraín Octavio Aguilar Pérez | type unknown | CC BY-NC 4.0 | El Parque, Ciudad de México, CDMX, México | 18.708 km
  candidate inaturalist:1235360 | Efraín Octavio Aguilar Pérez | type unknown | CC BY-NC 4.0 | El Parque, Ciudad de México, CDMX, México | 18.738 km
  ... 1088 further candidates (full list in the import report after downloading).
WARNING: iNaturalist search truncated at 5 pages ({}).

Porzana carolina: 841 candidates, 628 reusable/eligible, 3 selected
  SELECT xeno-canto:XC755160 | Manuel Grosselet | call | CC BY-NC-SA 4.0 | Iztapalapa (near  Ciudad de México), Ciudad de México | 24.729 km | geographic tier 2; quality A; type call; reusable license; diversity within tier | https://xeno-canto.org/755160
  SELECT inaturalist:1933686 | Efraín Octavio Aguilar Pérez | type unknown | CC BY-NC 4.0 | Distrito Federal, MX | 20.607 km | geographic tier 2; quality not rated; type not supplied; reusable license; diversity within tier | https://www.inaturalist.org/observations/359289545
  SELECT xeno-canto:XC669437 | Manuel Grosselet | call | CC BY-NC-SA 4.0 | Iztapalapa (near  Ciudad de México), Ciudad de México | 24.729 km | geographic tier 2; quality B; type call; reusable license; diversity within tier | https://xeno-canto.org/669437
  candidate inaturalist:294508 | Manuel Grosselet | type unknown | no license | Distrito Federal, MX | 24.912 km | REJECT License not accepted
  candidate inaturalist:1899002 | Hilda Guerrero | type unknown | CC BY-NC 4.0 | 16634 CDMX, México | 26.407 km
  candidate xeno-canto:XC749975 | Peter de Rouw | call | CC BY-NC-SA 4.0 | Laguna de Chignahuapan (Ciénagas del Lerma). Almoloya del Río, State of Mexico | 31.242 km
  candidate xeno-canto:XC749976 | Peter de Rouw | call | CC BY-NC-SA 4.0 | Laguna de Chignahuapan (Ciénagas del Lerma). Almoloya del Río, State of Mexico | 31.242 km
  candidate xeno-canto:XC398980 | Dan Lane | call | CC BY-NC-SA 4.0 | Cosamaloapan de Carpio, Veracruz | 373.845 km
  candidate xeno-canto:XC352724 | Frank Lambert | song | https://creativecommons.org/licenses/by-nc-nd/4.0/ | Laguna Zapotlán, Jalisco | 442.191 km | REJECT License not accepted
  candidate xeno-canto:XC287995 | Manuel Grosselet | call | CC BY-NC-SA 4.0 | Minatitlan, refineria de SAnta Alejandrina, Veracruz | 519.049 km
  candidate xeno-canto:XC288001 | Manuel Grosselet | call | CC BY-NC-SA 4.0 | Minatitlan, refineria de SAnta Alejandrina, Veracruz | 519.049 km
  ... 830 further candidates (full list in the import report after downloading).
WARNING: iNaturalist search truncated at 5 pages ({}).

Protonotaria citrea: 670 candidates, 512 reusable/eligible, 3 selected
  SELECT inaturalist:1530499 | Efraín Octavio Aguilar Pérez | type unknown | CC BY-NC 4.0 | Campestre Churubusco, Ciudad de México, CDMX, México | 15.654 km | geographic tier 2; quality not rated; type not supplied; reusable license; diversity within tier | https://www.inaturalist.org/observations/290739755
  SELECT inaturalist:1530500 | Efraín Octavio Aguilar Pérez | type unknown | CC BY-NC 4.0 | Campestre Churubusco, Ciudad de México, CDMX, México | 15.654 km | geographic tier 2; quality not rated; type not supplied; reusable license; diversity within tier | https://www.inaturalist.org/observations/290739755
  SELECT inaturalist:1530501 | Efraín Octavio Aguilar Pérez | type unknown | CC BY-NC 4.0 | Campestre Churubusco, Ciudad de México, CDMX, México | 15.654 km | geographic tier 2; quality not rated; type not supplied; reusable license; diversity within tier | https://www.inaturalist.org/observations/290739755
  candidate inaturalist:1530502 | Efraín Octavio Aguilar Pérez | type unknown | CC BY-NC 4.0 | Campestre Churubusco, Ciudad de México, CDMX, México | 15.654 km
  candidate inaturalist:1577642 | Isain Contreras Rodríguez A.K.A. Isain pff | type unknown | no license | Campestre Churubusco, Ciudad de México, CDMX, México | 15.713 km | REJECT License not accepted
  candidate inaturalist:1872288 | Marilyn Castillo Muñoz | type unknown | cc-by-nc-nd | Barrio Topo Chico, 64102 Monterrey, N.L., México | 723.913 km | REJECT License not accepted
  candidate xeno-canto:XC136275 | Dan Lane | song | CC BY-NC-SA 3.0 | Sherbourne NWR, Whiskey Bay Rd, Iberville Par., LA | 1448.322 km
  candidate xeno-canto:XC330654 | Jim Holmes | call, song | CC BY-NC-SA 4.0 | Joyce WMA, Tangipahoa Parish, Louisiana | 1517.209 km
  candidate xeno-canto:XC749763 | Johan Chaves | call | CC BY-NC-SA 4.0 | Bagaces, Provincia de Guanacaste | 1798.869 km
  candidate xeno-canto:XC33466 | Andrew Spencer | song | https://creativecommons.org/licenses/by-nc-nd/2.5/ | Jack's Bay, White River NWR, Arkansas Co., Arkansas | 1820.387 km | REJECT License not accepted
  candidate xeno-canto:XC228617 | Peter Boesman | song | https://creativecommons.org/licenses/by-nc-nd/4.0/ | Sequoyah NWR, OK | 1837.888 km | REJECT License not accepted
  ... 659 further candidates (full list in the import report after downloading).
WARNING: iNaturalist search truncated at 5 pages ({}).

Psaltriparus minimus: 854 candidates, 645 reusable/eligible, 3 selected
  SELECT inaturalist:1909325 | Nathan Zárate | type unknown | CC BY-NC 4.0 | 8PCH+JC Rancho los encinos, Tlacoyaque, Álvaro Obregón, 01859 Ciudad de México, CDMX, México | 3.601 km | geographic tier 0; quality not rated; type not supplied; reusable license; diversity within tier | https://www.inaturalist.org/observations/356132481
  SELECT xeno-canto:XC314418 | Manuel Grosselet | call | CC BY-NC-SA 4.0 | Lomas de Bezares Miguel Hidalgo Mexico city | 5.885 km | geographic tier 2; quality B; type call; reusable license; diversity within tier | https://xeno-canto.org/314418
  SELECT xeno-canto:XC577116 | Isain Contreras Rodríguez | call, flight call | CC BY-NC-SA 4.0 | Xochimilco (near  Ciudad de México), Ciudad de México | 29.068 km | geographic tier 2; quality B; type call, flight call; reusable license; diversity within tier | https://xeno-canto.org/577116
  candidate xeno-canto:XC417423 | Manuel Grosselet | call | CC BY-NC-SA 4.0 | Lomas de Bezares Miguel Hidalgo Mexico city | 5.885 km
  candidate xeno-canto:XC417549 | Manuel Grosselet | call | CC BY-NC-SA 4.0 | Lomas de Bezares Miguel Hidalgo Mexico city | 5.885 km
  candidate xeno-canto:XC256595 | Manuel Grosselet | call | CC BY-NC-SA 4.0 | Mx, Distrito Federal, Lomas de Bezares, Calle Colina | 6.177 km
  candidate xeno-canto:XC459053 | Manuel Grosselet | call | CC BY-NC-SA 4.0 | Mx, Distrito Federal, Lomas de Bezares, Calle Colina | 6.177 km
  candidate xeno-canto:XC479951 | Manuel Grosselet | call | CC BY-NC-SA 4.0 | Mx, Distrito Federal, Lomas de Bezares, Calle Colina | 6.177 km
  candidate xeno-canto:XC479966 | Manuel Grosselet | call | CC BY-NC-SA 4.0 | Mx, Distrito Federal, Lomas de Bezares, Calle Colina | 6.177 km
  candidate xeno-canto:XC683385 | Manuel Grosselet | call | CC BY-NC-SA 4.0 | Coyoacán (near  Ciudad de México), Ciudad de México | 17.265 km
  candidate xeno-canto:XC290041 | Manuel Grosselet | call | CC BY-NC-SA 4.0 | Mx, Distrito Federal, Xochimilco | 20.677 km
  ... 843 further candidates (full list in the import report after downloading).
WARNING: iNaturalist search truncated at 5 pages ({}).

Psephotus haematonotus: 140 candidates, 89 reusable/eligible, 3 selected
  SELECT xeno-canto:XC676783 | nick talbot | uncertain | CC BY-NC-SA 4.0 | Northern Memorial Park (near  Glenroy), Moreland City, Victoria | 13544.884 km | geographic tier 5; quality A; type uncertain; reusable license; diversity within tier | https://xeno-canto.org/676783
  SELECT xeno-canto:XC1140226 | Nick Talbot | call, wind, traffic | CC BY-NC-SA 4.0 | Plenty Gorge Park (Parks Victoria) (near  Bundoora), City of Whittlesea, Victoria | 13534.113 km | geographic tier 5; quality B; type call, wind, traffic; reusable license; diversity within tier | https://xeno-canto.org/1140226
  SELECT xeno-canto:XC913476 | Nick Talbot | call, flight call, traffic | CC BY-NC-SA 4.0 | Northern Memorial Park (near  Glenroy), City of Merri-bek, Victoria | 13544.884 km | geographic tier 5; quality B; type call, flight call, traffic; reusable license; diversity within tier | https://xeno-canto.org/913476
  candidate xeno-canto:XC64296 | Peter Woodall | call | https://creativecommons.org/licenses/by-nc-nd/2.5/ | Warwick | 12789.538 km | REJECT License not accepted
  candidate xeno-canto:XC328336 | Andrew Spencer | call | https://creativecommons.org/licenses/by-nc-nd/4.0/ | Genowlan Rd, Glen Alice, New South Wales | 13041.396 km | REJECT License not accepted
  candidate xeno-canto:XC269664 | Marc Anderson | flight call | https://creativecommons.org/licenses/by-nc-nd/4.0/ | Capertee National Park, NSW | 13052.632 km | REJECT License not accepted
  candidate xeno-canto:XC578560 | Marc Anderson | call, song | https://creativecommons.org/licenses/by-nc-nd/4.0/ | The Pilliga, New South Wales | 13094.107 km | REJECT License not accepted
  candidate xeno-canto:XC578561 | Marc Anderson | call, song | https://creativecommons.org/licenses/by-nc-nd/4.0/ | The Pilliga, New South Wales | 13094.107 km | REJECT License not accepted
  candidate xeno-canto:XC578562 | Marc Anderson | call | https://creativecommons.org/licenses/by-nc-nd/4.0/ | The Pilliga, New South Wales | 13094.107 km | REJECT License not accepted
  candidate xeno-canto:XC578563 | Marc Anderson | call, song | https://creativecommons.org/licenses/by-nc-nd/4.0/ | The Pilliga, New South Wales | 13094.107 km | REJECT License not accepted
  candidate xeno-canto:XC578564 | Marc Anderson | call | https://creativecommons.org/licenses/by-nc-nd/4.0/ | The Pilliga, New South Wales | 13094.107 km | REJECT License not accepted
  ... 129 further candidates (full list in the import report after downloading).

Psiloscops flammeolus: 238 candidates, 189 reusable/eligible, 3 selected
  SELECT xeno-canto:XC302865 | Dan Lane | song | CC BY-NC-SA 4.0 | Cerro San Felipe, Oaxaca | 368.131 km | geographic tier 4; quality B; type song; reusable license; diversity within tier | https://xeno-canto.org/302865
  SELECT inaturalist:748090 | jorgeortizv | type unknown | CC BY-NC 4.0 | 85797 Son., México | 1408.279 km | geographic tier 4; quality not rated; type not supplied; reusable license; diversity within tier | https://www.inaturalist.org/observations/168937629
  SELECT xeno-canto:XC356285 | Dan Lane | song | CC BY-NC-SA 4.0 | Cerro San Felipe, Oaxaca | 368.131 km | geographic tier 4; quality B; type song; reusable license; diversity within tier | https://xeno-canto.org/356285
  candidate xeno-canto:XC67056 | Daniel Lane | song | CC BY-NC-SA 3.0 | Cerro San Felipe, Oaxaca | 368.131 km
  candidate xeno-canto:XC803262 | GONZALO DE LEON GIRON | song | CC BY-NC-SA 4.0 | Parque Nacional Sierra de San Pedro Mártir  | ? km
  candidate inaturalist:843841 | Alvaro Rivera Rojas (brújula de aves) | type unknown | no license | int. B Diamante No. 2, Linda Vista, 76168 Santiago de Querétaro, Qro., México | 181.326 km | REJECT License not accepted
  candidate inaturalist:843842 | Alvaro Rivera Rojas (brújula de aves) | type unknown | no license | int. B Diamante No. 2, Linda Vista, 76168 Santiago de Querétaro, Qro., México | 181.326 km | REJECT License not accepted
  candidate inaturalist:328961 | Alvaro Rivera Rojas (brújula de aves) | type unknown | no license | Pinal de Amoles | 201.461 km | REJECT License not accepted
  candidate inaturalist:748091 | jorgeortizv | type unknown | CC BY-NC 4.0 | 85797 Son., México | 1408.279 km
  candidate xeno-canto:XC530748 | Edgardo Orozco Díaz  (Birding Guide) Contact: birdergtexpeditions@gmail.com | call, song | CC BY-NC-SA 4.0 | Todos Santos Cuchumatán, Huehuetenango | 916.98 km
  candidate xeno-canto:XC530751 | Edgardo Orozco Díaz  (Birding Guide) Contact: birdergtexpeditions@gmail.com | call, song | CC BY-NC-SA 4.0 | Todos Santos Cuchumatán, Huehuetenango | 916.98 km
  ... 227 further candidates (full list in the import report after downloading).

Ptiliogonys cinereus: 269 candidates, 216 reusable/eligible, 3 selected
  SELECT xeno-canto:XC252943 | Manuel Grosselet | call | CC BY-NC-SA 4.0 | Mex DF entrance Desierto de los Leones | 4.266 km | geographic tier 0; quality A; type call; reusable license; diversity within tier | https://xeno-canto.org/252943
  SELECT inaturalist:1426573 | Efraín Octavio Aguilar Pérez | type unknown | CC BY-NC 4.0 | Cd. de México, México | 4.488 km | geographic tier 0; quality not rated; type not supplied; reusable license; diversity within tier | https://www.inaturalist.org/observations/276775418
  SELECT xeno-canto:XC814542 | Manuel Grosselet | call | CC BY-NC-SA 4.0 | Mex DF entrance Desierto de los Leones | 4.266 km | geographic tier 0; quality A; type call; reusable license; diversity within tier | https://xeno-canto.org/814542
  candidate xeno-canto:XC814543 | Manuel Grosselet | call | CC BY-NC-SA 4.0 | Mex DF entrance Desierto de los Leones | 4.266 km
  candidate xeno-canto:XC814544 | Manuel Grosselet | call | CC BY-NC-SA 4.0 | Mex DF entrance Desierto de los Leones | 4.266 km
  candidate xeno-canto:XC322412 | Manuel Grosselet | call | CC BY-NC-SA 4.0 | Mex DF entrance Desierto de los Leones | 4.266 km
  candidate xeno-canto:XC306789 | Manuel Grosselet | call | CC BY-NC-SA 4.0 | Parque ecologico San Bernardo Ocotepec | 4.808 km
  candidate inaturalist:1891258 | Kendra | type unknown | no license | Barranca Mimosas | 1.287 km | REJECT License not accepted
  candidate inaturalist:1426593 | Efraín Octavio Aguilar Pérez | type unknown | CC BY-NC 4.0 | Cd. de México, México | 4.775 km
  candidate xeno-canto:XC336024 | Manuel Grosselet | call | CC BY-NC-SA 4.0 | Mx, Distrito Federal, Lomas de Bezares, Calle Colina | 6.177 km
  candidate xeno-canto:XC336025 | Manuel Grosselet | call | CC BY-NC-SA 4.0 | Mx, Distrito Federal, Lomas de Bezares, Calle Colina | 6.177 km
  ... 258 further candidates (full list in the import report after downloading).

Pyrocephalus rubinus: 153 candidates, 85 reusable/eligible, 3 selected
  SELECT inaturalist:1868423 | Efraín Octavio Aguilar Pérez | type unknown | CC BY-NC 4.0 | Bosque de Chapultepec III Secc, Ciudad de México, CDMX, México | 8.298 km | geographic tier 2; quality not rated; type not supplied; reusable license; diversity within tier | https://www.inaturalist.org/observations/351002543
  SELECT inaturalist:1921650 | Nao | type unknown | CC BY-NC 4.0 | Espacio Escultórico, C.U., 04510 Ciudad de México, CDMX, México | 10.944 km | geographic tier 2; quality not rated; type not supplied; reusable license; diversity within tier | https://www.inaturalist.org/observations/357685902
  SELECT inaturalist:962047 | Efraín Octavio Aguilar Pérez | type unknown | CC BY-NC 4.0 | Refinería 18 de Marzo, 11210 Ciudad de México, CDMX, México | 15.811 km | geographic tier 2; quality not rated; type not supplied; reusable license; diversity within tier | https://www.inaturalist.org/observations/206481775
  candidate inaturalist:1301369 | Diego Barrales | type unknown | no license | Parque Ecológico de Xochimilco, Ciudad de México, CDMX, México | 20.668 km | REJECT License not accepted
  candidate inaturalist:1368536 | Efraín Octavio Aguilar Pérez | type unknown | CC BY-NC 4.0 | Parque Ecológico de Xochimilco, Ciudad de México, CDMX, México | 20.678 km
  candidate inaturalist:278624 | Magali Vázquez Cárcamo | type unknown | no license | Deportivo los Galeana, 07910 Ciudad de México, CDMX, México | 25.511 km | REJECT License not accepted
  candidate inaturalist:1666267 | Nao | type unknown | CC BY-NC 4.0 | Rotonda CEA Yautlica, Av. de las Torres, Emiliano Zapata, 09637 Ciudad de México, CDMX, México | 32.229 km
  candidate xeno-canto:XC920985 | Alvaro Rivera Rojas | call | CC BY-NC-SA 4.0 | Galindo, San Juan del Río Municipality, Querétaro, Querétaro | 143.244 km | REJECT Low source quality
  candidate xeno-canto:XC920995 | Alvaro Rivera Rojas | call | CC BY-NC-SA 4.0 | Galindo, San Juan del Río Municipality, Querétaro, Querétaro | 143.244 km | REJECT Low source quality
  candidate xeno-canto:XC921039 | Alvaro Rivera Rojas | song | CC BY-NC-SA 4.0 | Galindo, San Juan del Río Municipality, Querétaro, Querétaro | 143.244 km | REJECT Low source quality
  candidate inaturalist:988392 | Aragón Jhonatan y Moran Arely | type unknown | CC BY-NC 4.0 | Ecatepec de Morelos, MX-MX, MX | 34.993 km
  ... 142 further candidates (full list in the import report after downloading).

Quiscalus mexicanus: 1244 candidates, 822 reusable/eligible, 3 selected
  SELECT xeno-canto:XC383781 | Manuel Grosselet | begging call, call | CC BY-NC-SA 4.0 | Lomas de Bezares Miguel Hidalgo Mexico city | 5.885 km | geographic tier 2; quality A; type begging call, call; reusable license; diversity within tier | https://xeno-canto.org/383781
  SELECT xeno-canto:XC398613 | Manuel Grosselet | call, song | CC BY-NC-SA 4.0 | Lomas de Bezares Miguel Hidalgo Mexico city | 5.885 km | geographic tier 2; quality A; type call, song; reusable license; diversity within tier | https://xeno-canto.org/398613
  SELECT xeno-canto:XC576220 | Isain Contreras Rodríguez | call, flight call | CC BY-NC-SA 4.0 | Tláhuac (near  Ciudad de México), Ciudad de México | 28.024 km | geographic tier 2; quality B; type call, flight call; reusable license; diversity within tier | https://xeno-canto.org/576220
  candidate inaturalist:1263945 | Sofia G | type unknown | no license | Base El Olivo, El Olivo, 52789 Naucalpan de Juárez, Méx., México | 3.582 km | REJECT License not accepted
  candidate xeno-canto:XC398611 | Manuel Grosselet | call | CC BY-NC-SA 4.0 | Lomas de Bezares Miguel Hidalgo Mexico city | 5.885 km
  candidate xeno-canto:XC394304 | Manuel Grosselet | song | CC BY-NC-SA 4.0 | Mx, Distrito Federal, Lomas de Bezares, Calle Colina | 6.177 km
  candidate xeno-canto:XC56493 | manuel Grosselet | song | https://creativecommons.org/licenses/by-nc-nd/2.5/ | Mx, Distrito Federal, Xochimilco | 20.677 km | REJECT License not accepted
  candidate xeno-canto:XC682582 | Manuel Grosselet | song | CC BY-NC-SA 4.0 | Iztapalapa (near  Ciudad de México), Ciudad de México | 24.729 km
  candidate xeno-canto:XC618612 | Manuel Grosselet | song | CC BY-NC-SA 4.0 | PArque Yecahuitzol  (near  Ciudad de México), Ciudad de México | 33.208 km
  candidate xeno-canto:XC181485 | Manuel Grosselet | call | CC BY-NC-SA 4.0 | Mx, Distrito Federal, Lomas de Bezares, Calle Colina | 6.177 km
  candidate xeno-canto:XC649581 | Manuel Grosselet | call | CC BY-NC-SA 4.0 | Coyoacán (near  Ciudad de México), Ciudad de México | 15.769 km
  ... 1233 further candidates (full list in the import report after downloading).
WARNING: iNaturalist search truncated at 5 pages ({"place_id":6793}).
WARNING: iNaturalist search truncated at 5 pages ({}).

Regulus satrapa: 934 candidates, 739 reusable/eligible, 3 selected
  SELECT xeno-canto:XC149099 | Manuel Grosselet | call | CC BY-NC-SA 3.0 | Mex DF entrance Desierto de los Leones | 4.266 km | geographic tier 0; quality A; type call; reusable license; diversity within tier | https://xeno-canto.org/149099
  SELECT xeno-canto:XC173820 | Manuel Grosselet | call, song | CC BY-NC-SA 4.0 | Mex DF entrance Desierto de los Leones | 4.266 km | geographic tier 0; quality A; type call, song; reusable license; diversity within tier | https://xeno-canto.org/173820
  SELECT inaturalist:1154581 | Álvaro San José | type unknown | CC BY-NC 4.0 | Mexico City, Mexico | 2.356 km | geographic tier 0; quality not rated; type not supplied; reusable license; diversity within tier | https://www.inaturalist.org/observations/234182731
  candidate xeno-canto:XC149098 | Manuel Grosselet | call | CC BY-NC-SA 3.0 | Mex DF entrance Desierto de los Leones | 4.266 km
  candidate xeno-canto:XC168195 | Manuel Grosselet | song | CC BY-NC-SA 3.0 | Mex DF entrance Desierto de los Leones | 4.266 km
  candidate xeno-canto:XC168196 | Manuel Grosselet | song | CC BY-NC-SA 3.0 | Mex DF entrance Desierto de los Leones | 4.266 km
  candidate inaturalist:1909649 | Nathan Zárate | type unknown | CC BY-NC 4.0 | Distrito Federal, MX | 3.226 km
  candidate xeno-canto:XC305875 | Manuel Grosselet | call, bee | CC BY-NC-SA 4.0 | Magdalena Contreras (near  Ciudad de México), Distrito Federal | 9.552 km
  candidate xeno-canto:XC255746 | Frank Lambert | song | https://creativecommons.org/licenses/by-nc-nd/4.0/ | Parque Ejidal San Nicolás Totolapan, Distrito Federal | 11.436 km | REJECT License not accepted
  candidate xeno-canto:XC305874 | Manuel Grosselet | call | CC BY-NC-SA 4.0 | Magdalena Contreras (near  Ciudad de México), Distrito Federal | 9.552 km
  candidate xeno-canto:XC255745 | Frank Lambert | call, song | https://creativecommons.org/licenses/by-nc-nd/4.0/ | Parque Ejidal San Nicolás Totolapan, Distrito Federal | 11.436 km | REJECT License not accepted
  ... 923 further candidates (full list in the import report after downloading).
WARNING: iNaturalist search truncated at 5 pages ({}).

Saucerottia beryllina: 217 candidates, 178 reusable/eligible, 3 selected
  SELECT inaturalist:1550080 | Efraín Octavio Aguilar Pérez | type unknown | CC BY-NC 4.0 | Torres de Potrero, Ciudad de México, CDMX, México | 4.913 km | geographic tier 0; quality not rated; type not supplied; reusable license; diversity within tier | https://www.inaturalist.org/observations/294338497
  SELECT xeno-canto:XC382221 | Manuel Grosselet | song | CC BY-NC-SA 4.0 | Lomas de Bezares Miguel Hidalgo Mexico city | 5.885 km | geographic tier 2; quality A; type song; reusable license; diversity within tier | https://xeno-canto.org/382221
  SELECT xeno-canto:XC333647 | Esau Toaki Villarreal  | alarm call, cars, city, people | CC BY-NC-SA 4.0 | Tlalpan (near  Ciudad de México), Ciudad de México | 8.309 km | geographic tier 2; quality A; type alarm call, cars, city, people; reusable license; diversity within tier | https://xeno-canto.org/333647
  candidate xeno-canto:XC382220 | Manuel Grosselet | song | CC BY-NC-SA 4.0 | Lomas de Bezares Miguel Hidalgo Mexico city | 5.885 km
  candidate xeno-canto:XC249311 | Manuel Grosselet | call | CC BY-NC-SA 4.0 | Mx, Distrito Federal, Lomas de Bezares, Calle Colina | 6.177 km
  candidate xeno-canto:XC333478 | Esau Toaki Villarreal  | begging call, call, cars, city | CC BY-NC-SA 4.0 | Tlalpan (near  Ciudad de México), Ciudad de México | 8.309 km
  candidate xeno-canto:XC606969 | Isain Contreras Rodríguez | call | CC BY-NC-SA 4.0 | Coyoacán (near  Ciudad de México), Ciudad de México | 10.019 km
  candidate xeno-canto:XC1075266 | Joren van Schie | call | CC BY-NC-SA 4.0 | Tlalpan (near  Ciudad de México), Ciudad de México | 10.868 km
  candidate xeno-canto:XC608992 | Fernando Uranga M. | flight call | CC BY-NC-SA 4.0 | Tlalpan (near  Ciudad de México), Ciudad de México | 11.275 km
  candidate xeno-canto:XC290040 | Manuel Grosselet | call | CC BY-NC-SA 4.0 | Mx, Distrito Federal, Xochimilco | 20.677 km
  candidate xeno-canto:XC593001 | Isain Contreras Rodríguez | call | CC BY-NC-SA 4.0 | Mx, Distrito Federal, Xochimilco | 20.677 km
  ... 206 further candidates (full list in the import report after downloading).

Sayornis nigricans: 756 candidates, 552 reusable/eligible, 3 selected
  SELECT xeno-canto:XC754227 | Manuel Grosselet | song | CC BY-NC-SA 4.0 | Sierra Morelos, Toluca, Estado de México | 43.298 km | geographic tier 3; quality A; type song; reusable license; diversity within tier | https://xeno-canto.org/754227
  SELECT xeno-canto:XC840765 | Manuel Grosselet | call | CC BY-NC-SA 4.0 | Güendulain, Rojas de Cuauhtémoc, Oaxaca | 383.272 km | geographic tier 4; quality A; type call; reusable license; diversity within tier | https://xeno-canto.org/840765
  SELECT xeno-canto:XC325494 | Manuel Grosselet | begging call | CC BY-NC-SA 4.0 | Mazatepec, Morelos | 70.836 km | geographic tier 4; quality A; type begging call; reusable license; diversity within tier | https://xeno-canto.org/325494
  candidate xeno-canto:XC1084262 | Manuel Grosselet | call | CC BY-NC-SA 4.0 | Santiago Ixtaltepec, Teotitlán del Valle, Oaxaca | 385.037 km
  candidate xeno-canto:XC665525 | Manuel Grosselet | call | CC BY-NC-SA 4.0 | Minas, San Miguel Tilquiápam, Oaxaca | 403.01 km
  candidate xeno-canto:XC391570 | Nick Komar | call | CC BY-NC-SA 4.0 | ZooMAT, Tuxtla Gutiérrez, Chiapas | 716.471 km
  candidate xeno-canto:XC559241 | Isain Contreras Rodríguez | song | CC BY-NC-SA 4.0 | Privanzas Los Mochis Ahome, Sinaloa | 1225.922 km
  candidate xeno-canto:XC72078 | Richard E Webster | call | https://creativecommons.org/licenses/by-nc-nd/2.5/ | Los Manzanos,  Sierra San Pedro Martir, Baja California | 2084.808 km | REJECT License not accepted
  candidate xeno-canto:XC339897 | Manuel Grosselet | call | CC BY-NC-SA 4.0 | parque de la amistad, Tijuana, Baja California | 2288.657 km
  candidate xeno-canto:XC253360 | Manuel Grosselet | song | CC BY-NC-SA 4.0 | Ciénegas del Lerma, México | 25.699 km
  candidate xeno-canto:XC457114 | Manuel Grosselet | call | CC BY-NC-SA 4.0 | Presa del Bosque, Zitácuaro, Michoacán | 117.36 km
  ... 745 further candidates (full list in the import report after downloading).
WARNING: iNaturalist search truncated at 5 pages ({}).

Sayornis phoebe: 694 candidates, 529 reusable/eligible, 3 selected
  SELECT xeno-canto:XC165234 | Manuel Grosselet | call | CC BY-NC-SA 3.0 | Mexico City, Federal District, laguna de San Gregorio Atpulco | 25.24 km | geographic tier 2; quality B; type call; reusable license; diversity within tier | https://xeno-canto.org/165234
  SELECT xeno-canto:XC396262 | Joren van Schie | song | CC BY-NC-SA 4.0 | Parque Ecológico de Xochimilco | 20.838 km | geographic tier 4; quality C; type song; reusable license; diversity within tier | https://xeno-canto.org/396262
  SELECT inaturalist:1696289 | Miguel Ángel Mota Ayala | type unknown | CC BY-NC 4.0 | Cuetzalan del Progreso, Pue., México | 199.25 km | geographic tier 4; quality not rated; type not supplied; reusable license; diversity within tier | https://www.inaturalist.org/observations/326930473
  candidate xeno-canto:XC5130 | Nathan Pieplow | call | https://creativecommons.org/licenses/by-nc-nd/2.5/ | El Salto, San Luis Potosi | 556.671 km | REJECT License not accepted
  candidate inaturalist:588995 | Alvaro Rivera Rojas (brújula de aves) | type unknown | no license | Presa Jalpan | 206.291 km | REJECT License not accepted
  candidate inaturalist:556980 | Luis Humberto "Beto" Montemayor | type unknown | no license | 65776 Nuevo Leon, Mexico | 729.127 km | REJECT License not accepted
  candidate inaturalist:565724 | Luis Humberto "Beto" Montemayor | type unknown | no license | 65776 Nuevo Leon, Mexico | 729.853 km | REJECT License not accepted
  candidate inaturalist:550210 | Luis Humberto "Beto" Montemayor | type unknown | no license | 65776 Nuevo Leon, Mexico | 730.607 km | REJECT License not accepted
  candidate inaturalist:1693309 | Sean Vanderluit | type unknown | CC BY 4.0 | Hidalgo, MX-NL, MX | 743.762 km
  candidate inaturalist:1693986 | Álvaro San José Elizundia | type unknown | CC BY-NC 4.0 | Valle de los Cirios, San Quintín, B.C., MX | 1937.404 km
  candidate xeno-canto:XC961961 | A Richardson | call | CC BY-NC-SA 4.0 | Whites City, Eddy County, New Mexico | 1510.069 km
  ... 683 further candidates (full list in the import report after downloading).
WARNING: iNaturalist search truncated at 5 pages ({}).

Seiurus aurocapilla: 962 candidates, 767 reusable/eligible, 3 selected
  SELECT xeno-canto:XC599608 | Isain Contreras Rodríguez | call | CC BY-NC-SA 4.0 | Tlalpan (near  Ciudad de México), Ciudad de México | 11.26 km | geographic tier 2; quality B; type call; reusable license; diversity within tier | https://xeno-canto.org/599608
  SELECT inaturalist:1797959 | Miguel Ángel Mota Ayala | type unknown | CC BY-NC 4.0 | Fuentes Brotantes, 14410 Ciudad de México, CDMX, México | 13.084 km | geographic tier 2; quality not rated; type not supplied; reusable license; diversity within tier | https://www.inaturalist.org/observations/342016616
  SELECT xeno-canto:XC599609 | Isain Contreras Rodríguez | call | CC BY-NC-SA 4.0 | Tlalpan (near  Ciudad de México), Ciudad de México | 11.26 km | geographic tier 2; quality B; type call; reusable license; diversity within tier | https://xeno-canto.org/599609
  candidate inaturalist:1235364 | Efraín Octavio Aguilar Pérez | type unknown | CC BY-NC 4.0 | El Parque, Ciudad de México, CDMX, México | 18.779 km
  candidate inaturalist:1250710 | Efraín Octavio Aguilar Pérez | type unknown | CC BY-NC 4.0 | El Parque, Ciudad de México, CDMX, México | 18.826 km
  candidate xeno-canto:XC943703 | Manuel Grosselet | call | CC BY-NC-SA 4.0 | Tlalixtac de Cabrera, Tlalixtac de Cabrera, Oaxaca | 374.346 km
  candidate xeno-canto:XC943704 | Manuel Grosselet | call | CC BY-NC-SA 4.0 | Tlalixtac de Cabrera, Tlalixtac de Cabrera, Oaxaca | 374.346 km
  candidate xeno-canto:XC398969 | Dan Lane | call | CC BY-NC-SA 4.0 | San Lucas Ojitlán, Oaxaca | 351.482 km
  candidate xeno-canto:XC288807 | Manuel Grosselet | call | CC BY-NC-SA 4.0 | Ixhuatlan del Sureste, Veracruz | 534.408 km
  candidate xeno-canto:XC229634 | Peter Boesman | call | https://creativecommons.org/licenses/by-nc-nd/4.0/ | Cozumel Island, Quintana Roo | 1310.256 km | REJECT License not accepted
  candidate xeno-canto:XC69873 | manuel Grosselet | alarm call | https://creativecommons.org/licenses/by-nc-nd/2.5/ | Tuxtepec, restaurante isabel | 334.705 km | REJECT License not accepted
  ... 951 further candidates (full list in the import report after downloading).
WARNING: iNaturalist search truncated at 5 pages ({}).

Selasphorus heloisa: 37 candidates, 22 reusable/eligible, 3 selected
  SELECT xeno-canto:XC349490 | Scott Olmstead | song, flight display | CC BY-NC-SA 4.0 | Cerro Pelón, Estado de México | 104.167 km | geographic tier 3; quality B; type song, flight display; reusable license; diversity within tier | https://xeno-canto.org/349490
  SELECT xeno-canto:XC775969 | Matthew L. Brady | call, wing whirr | CC BY-NC-SA 4.0 | Omiltemi, Chilpancingo de los Bravo, Guerrero | 204.223 km | geographic tier 4; quality A; type call, wing whirr; reusable license; diversity within tier | https://xeno-canto.org/775969
  SELECT xeno-canto:XC31949 | Nick Athanas | wing whirs | CC BY-NC-SA 3.0 | 3.5 km southwest of La Esperanza, Oaxaca | 362.094 km | geographic tier 4; quality B; type wing whirs; reusable license; diversity within tier | https://xeno-canto.org/31949
  candidate xeno-canto:XC606551 | Isain Contreras Rodríguez | song | CC BY-NC-SA 4.0 | Coajomulco, Huitzilac, Morelos | 36.881 km
  candidate xeno-canto:XC606552 | Isain Contreras Rodríguez | song | CC BY-NC-SA 4.0 | Coajomulco, Huitzilac, Morelos | 36.881 km
  candidate xeno-canto:XC606553 | Isain Contreras Rodríguez | song | CC BY-NC-SA 4.0 | Coajomulco, Huitzilac, Morelos | 36.881 km
  candidate xeno-canto:XC606554 | Isain Contreras Rodríguez | song | CC BY-NC-SA 4.0 | Coajomulco, Huitzilac, Morelos | 36.881 km
  candidate xeno-canto:XC606555 | Isain Contreras Rodríguez | song | CC BY-NC-SA 4.0 | Coajomulco, Huitzilac, Morelos | 36.881 km
  candidate xeno-canto:XC31948 | Nick Athanas | song | CC BY-NC-SA 3.0 | 3.5 km southwest of La Esperanza, Oaxaca | 362.094 km
  candidate xeno-canto:XC880797 | Manuel Grosselet | song | CC BY-NC-SA 4.0 | San Miguel Suchixtepec, San Mateo Río Hondo, Oaxaca | 463.904 km
  candidate xeno-canto:XC681644 | Manuel Grosselet | flight call, song | CC BY-NC-SA 4.0 | San Pablo Río Hondo, San Mateo Río Hondo, Oaxaca | 463.986 km
  ... 26 further candidates (full list in the import report after downloading).

Selasphorus platycercus: 294 candidates, 228 reusable/eligible, 3 selected
  SELECT xeno-canto:XC245875 | Juan Carlos Pérez M. | wing buzz, male display | CC BY-NC-SA 4.0 | San José del Rincón, Estado de México | 101.223 km | geographic tier 3; quality C; type wing buzz, male display; reusable license; diversity within tier | https://xeno-canto.org/245875
  SELECT xeno-canto:XC65612 | Daniel Lane | call | CC BY-NC-SA 3.0 | Volcan de Fuego, E slope, Jalisco | 450.525 km | geographic tier 4; quality A; type call; reusable license; diversity within tier | https://xeno-canto.org/65612
  SELECT xeno-canto:XC419996 | Manuel Grosselet | flight call | CC BY-NC-SA 4.0 | Parque las maravillas, Topilejo | 25.844 km | geographic tier 4; quality B; type flight call; reusable license; diversity within tier | https://xeno-canto.org/419996
  candidate inaturalist:2060560 | Magali Vázquez Cárcamo | type unknown | no license | 12303 CDMX, México | 27.516 km | REJECT License not accepted
  candidate inaturalist:2060561 | Magali Vázquez Cárcamo | type unknown | no license | 12303 CDMX, México | 27.516 km | REJECT License not accepted
  candidate inaturalist:1562274 | Magali Vázquez Cárcamo | type unknown | no license | 14900 CDMX, México | 27.714 km | REJECT License not accepted
  candidate inaturalist:1593390 | Magali Vázquez Cárcamo | type unknown | no license | 14900 CDMX, México | 27.767 km | REJECT License not accepted
  candidate xeno-canto:XC229641 | Peter Boesman | wing rattling | https://creativecommons.org/licenses/by-nc-nd/4.0/ | Floripondio road, Volcan de Nieve, Jalisco | 463.911 km | REJECT License not accepted
  candidate xeno-canto:XC229643 | Peter Boesman | call | https://creativecommons.org/licenses/by-nc-nd/4.0/ | Cerro El Potosi, Nuevo Leon | 616.987 km | REJECT License not accepted
  candidate xeno-canto:XC229642 | Peter Boesman | wing rattling | https://creativecommons.org/licenses/by-nc-nd/4.0/ | Cerro El Potosi, Nuevo Leon | 616.987 km | REJECT License not accepted
  candidate inaturalist:2113859 | Miguel Ángel Mota Ayala | type unknown | CC BY-NC 4.0 | Cd. de México, México | 27.963 km
  ... 283 further candidates (full list in the import report after downloading).

Selasphorus rufus: 212 candidates, 158 reusable/eligible, 3 selected
  SELECT xeno-canto:XC588323 | Isain Contreras Rodríguez | call | CC BY-NC-SA 4.0 | Tepenahuac Milpa Alta | 37.556 km | geographic tier 4; quality B; type call; reusable license; diversity within tier | https://xeno-canto.org/588323
  SELECT xeno-canto:XC588324 | Isain Contreras Rodríguez | call | CC BY-NC-SA 4.0 | Tepenahuac Milpa Alta | 37.556 km | geographic tier 4; quality B; type call; reusable license; diversity within tier | https://xeno-canto.org/588324
  SELECT xeno-canto:XC588325 | Isain Contreras Rodríguez | call | CC BY-NC-SA 4.0 | Tepenahuac Milpa Alta | 37.556 km | geographic tier 4; quality B; type call; reusable license; diversity within tier | https://xeno-canto.org/588325
  candidate inaturalist:2126600 | Magali Vázquez Cárcamo | type unknown | no license | 14904 CDMX, México | 30.611 km | REJECT License not accepted
  candidate xeno-canto:XC588326 | Isain Contreras Rodríguez | call | CC BY-NC-SA 4.0 | Tepenahuac Milpa Alta | 37.556 km
  candidate xeno-canto:XC588327 | Isain Contreras Rodríguez | call | CC BY-NC-SA 4.0 | Tepenahuac Milpa Alta | 37.556 km
  candidate xeno-canto:XC588328 | Isain Contreras Rodríguez | call | CC BY-NC-SA 4.0 | Tepenahuac Milpa Alta | 37.556 km
  candidate xeno-canto:XC588329 | Isain Contreras Rodríguez | call | CC BY-NC-SA 4.0 | Tepenahuac Milpa Alta | 37.556 km
  candidate xeno-canto:XC588330 | Isain Contreras Rodríguez | call | CC BY-NC-SA 4.0 | Tepenahuac Milpa Alta | 37.556 km
  candidate xeno-canto:XC450943 | Dan Lane | call | CC BY-NC-SA 4.0 | La Soledad, Oaxaca | 474.85 km
  candidate inaturalist:318137 | Alvaro Rivera Rojas (brújula de aves) | type unknown | no license | Santa Rosa Jáuregui | 196.628 km | REJECT License not accepted
  ... 201 further candidates (full list in the import report after downloading).

Serinus canaria: 303 candidates, 264 reusable/eligible, 3 selected
  SELECT xeno-canto:XC599012 | Peter Stronach | call, song | CC BY-NC-SA 4.0 | Riba do Cerrado das Vacas, Corvo, Açores | 6807.514 km | geographic tier 5; quality A; type call, song; reusable license; diversity within tier | https://xeno-canto.org/599012
  SELECT xeno-canto:XC907129 | Carlos Pereira | call | CC BY-NC-SA 4.0 | Pico Gaspar, Angra do Heroísmo, Azores | 7143.224 km | geographic tier 5; quality A; type call; reusable license; diversity within tier | https://xeno-canto.org/907129
  SELECT xeno-canto:XC349871 | Tero Linjama | alarm call | CC BY-NC-SA 4.0 | Terceira, Açores | 7280.67 km | geographic tier 5; quality A; type alarm call; reusable license; diversity within tier | https://xeno-canto.org/349871
  candidate xeno-canto:XC794015 | Carlos Pereira | song | CC BY-NC-SA 4.0 | Pedro Miguel, Horta, Azores | 7024.435 km
  candidate xeno-canto:XC794016 | Carlos Pereira | song | CC BY-NC-SA 4.0 | Pedro Miguel, Horta, Azores | 7024.435 km
  candidate xeno-canto:XC794017 | Carlos Pereira | song | CC BY-NC-SA 4.0 | Pedro Miguel, Horta, Azores | 7024.435 km
  candidate xeno-canto:XC794018 | Carlos Pereira | song | CC BY-NC-SA 4.0 | Pedro Miguel, Horta, Azores | 7024.435 km
  candidate xeno-canto:XC794019 | Carlos Pereira | song | CC BY-NC-SA 4.0 | Pedro Miguel, Horta, Azores | 7024.435 km
  candidate xeno-canto:XC794020 | Carlos Pereira | song | CC BY-NC-SA 4.0 | Pedro Miguel, Horta, Azores | 7024.435 km
  candidate xeno-canto:XC794021 | Carlos Pereira | song | CC BY-NC-SA 4.0 | Pedro Miguel, Horta, Azores | 7024.435 km
  candidate xeno-canto:XC794022 | Carlos Pereira | song | CC BY-NC-SA 4.0 | Pedro Miguel, Horta, Azores | 7024.435 km
  ... 292 further candidates (full list in the import report after downloading).

Setophaga coronata: 992 candidates, 784 reusable/eligible, 3 selected
  SELECT xeno-canto:XC618131 | Manuel Grosselet | call | CC BY-NC-SA 4.0 | Iztapalapa (near  Ciudad de México), Ciudad de México | 24.729 km | geographic tier 2; quality A; type call; reusable license; diversity within tier | https://xeno-canto.org/618131
  SELECT inaturalist:1255854 | Efraín Octavio Aguilar Pérez | type unknown | CC BY-NC 4.0 | La Carbonera, Ciudad de México, CDMX, México | 6.594 km | geographic tier 2; quality not rated; type not supplied; reusable license; diversity within tier | https://www.inaturalist.org/observations/252740941
  SELECT xeno-canto:XC618293 | Manuel Grosselet | call | CC BY-NC-SA 4.0 | Miguel Hidalgo (near  Ciudad de México), Ciudad de México | 8.974 km | geographic tier 2; quality B; type call; reusable license; diversity within tier | https://xeno-canto.org/618293
  candidate xeno-canto:XC618294 | Manuel Grosselet | call | CC BY-NC-SA 4.0 | Miguel Hidalgo (near  Ciudad de México), Ciudad de México | 8.974 km
  candidate xeno-canto:XC618129 | Manuel Grosselet | call | CC BY-NC-SA 4.0 | Iztapalapa (near  Ciudad de México), Ciudad de México | 24.729 km
  candidate xeno-canto:XC618130 | Manuel Grosselet | call | CC BY-NC-SA 4.0 | Iztapalapa (near  Ciudad de México), Ciudad de México | 24.729 km
  candidate inaturalist:1736111 | Efraín Octavio Aguilar Pérez | type unknown | CC BY-NC 4.0 | Lomas Altas, 11950 Ciudad de México, CDMX, México | 8.177 km
  candidate inaturalist:1736150 | Efraín Octavio Aguilar Pérez | type unknown | CC BY-NC 4.0 | Lomas Altas, 11950 Ciudad de México, CDMX, México | 8.219 km
  candidate inaturalist:1736167 | Efraín Octavio Aguilar Pérez | type unknown | CC BY-NC 4.0 | Bosque de Chapultepec III Secc, Ciudad de México, CDMX, México | 8.233 km
  candidate inaturalist:1736168 | Efraín Octavio Aguilar Pérez | type unknown | CC BY-NC 4.0 | Bosque de Chapultepec III Secc, Ciudad de México, CDMX, México | 8.233 km
  candidate inaturalist:1736165 | Efraín Octavio Aguilar Pérez | type unknown | CC BY-NC 4.0 | Bosque de Chapultepec III Secc, Ciudad de México, CDMX, México | 8.319 km
  ... 981 further candidates (full list in the import report after downloading).
WARNING: Xeno-canto search truncated at 5 pages (world).
WARNING: iNaturalist search truncated at 5 pages ({}).

Setophaga graciae: 291 candidates, 227 reusable/eligible, 3 selected
  SELECT xeno-canto:XC184508 | Manuel Grosselet | call | CC BY-NC-SA 4.0 | State of Mexico | 120.433 km | geographic tier 3; quality B; type call; reusable license; diversity within tier | https://xeno-canto.org/184508
  SELECT xeno-canto:XC1099288 | Manuel Grosselet | song | CC BY-NC-SA 4.0 | Las Nubes, San Mateo Río Hondo, Oaxaca | 457.866 km | geographic tier 4; quality A; type song; reusable license; diversity within tier | https://xeno-canto.org/1099288
  SELECT inaturalist:1368068 | Efraín Octavio Aguilar Pérez | type unknown | CC BY-NC 4.0 | Cd. de México, México | 36.487 km | geographic tier 4; quality not rated; type not supplied; reusable license; diversity within tier | https://www.inaturalist.org/observations/269501083
  candidate xeno-canto:XC1099289 | Manuel Grosselet | song | CC BY-NC-SA 4.0 | Las Nubes, San Mateo Río Hondo, Oaxaca | 457.866 km
  candidate xeno-canto:XC265569 | Andrew Spencer | call, song | CC BY-NC-SA 4.0 | Cerro La Bufa, San Sebastián del Oeste, Jalisco | 598.889 km
  candidate xeno-canto:XC265571 | Andrew Spencer | call, song | CC BY-NC-SA 4.0 | Cerro La Bufa, San Sebastián del Oeste, Jalisco | 598.889 km
  candidate xeno-canto:XC501797 | Richard E. Webster | song | CC BY-NC-SA 4.0 | Reserva Ecológica Sierra de San Juan--La Noria, Nayarit | 640.634 km
  candidate xeno-canto:XC256660 | Frank Lambert | song | https://creativecommons.org/licenses/by-nc-nd/4.0/ | Near La Concordia, Chiapas (area 2) | 778.15 km | REJECT License not accepted
  candidate xeno-canto:XC335966 | Richard E. Webster | song | CC BY-NC-SA 4.0 | between Jaltenango and Finca Prusia, Chiapas | 792.1 km
  candidate xeno-canto:XC265577 | Andrew Spencer | call | CC BY-NC-SA 4.0 | Reserva Chara Pinta, Sinaloa | 828.33 km
  candidate xeno-canto:XC265579 | Andrew Spencer | call | CC BY-NC-SA 4.0 | Reserva Chara Pinta, Sinaloa | 828.33 km
  ... 280 further candidates (full list in the import report after downloading).

Setophaga nigrescens: 573 candidates, 452 reusable/eligible, 3 selected
  SELECT xeno-canto:XC587115 | Isain Contreras Rodríguez | call | CC BY-NC-SA 4.0 | Parque las maravillas, Ciudad de México | 24.103 km | geographic tier 2; quality B; type call; reusable license; diversity within tier | https://xeno-canto.org/587115
  SELECT inaturalist:1250966 | Efraín Octavio Aguilar Pérez | type unknown | CC BY-NC 4.0 | Parque Nacional Bosque del Pedregal, Ciudad de México, CDMX, México | 10.073 km | geographic tier 2; quality not rated; type not supplied; reusable license; diversity within tier | https://www.inaturalist.org/observations/251711907
  SELECT xeno-canto:XC501459 | Isain Contreras Rodríguez | call | CC BY-NC-SA 4.0 | Aquiles Serdán - Hermenegildo Galeana (near  Ciudad de México), Ciudad de México | 28.525 km | geographic tier 2; quality B; type call; reusable license; diversity within tier | https://xeno-canto.org/501459
  candidate inaturalist:1250948 | Efraín Octavio Aguilar Pérez | type unknown | CC BY-NC 4.0 | Parque Nacional Bosque del Pedregal, Ciudad de México, CDMX, México | 10.159 km
  candidate xeno-canto:XC519641 | Isain Contreras Rodríguez | call | CC BY-NC-SA 4.0 | Mazatlán, Mazatlán, Sinaloa | 865.402 km
  candidate xeno-canto:XC158384 | Micah Riegner | call | CC BY-NC-SA 3.0 | Reserva Monte Mojino, Sonora | 1291.176 km
  candidate xeno-canto:XC72294 | Richard E Webster | song | https://creativecommons.org/licenses/by-nc-nd/2.5/ | Observatorio area, Sierra San Pedro Martir, Baja California | 2077.004 km | REJECT License not accepted
  candidate xeno-canto:XC72295 | Richard E Webster | song | https://creativecommons.org/licenses/by-nc-nd/2.5/ | Observatorio area, Sierra San Pedro Martir, Baja California | 2077.004 km | REJECT License not accepted
  candidate xeno-canto:XC72296 | Richard E Webster | song | https://creativecommons.org/licenses/by-nc-nd/2.5/ | Observatorio area, Sierra San Pedro Martir, Baja California | 2077.004 km | REJECT License not accepted
  candidate xeno-canto:XC72298 | Richard E Webster | song | https://creativecommons.org/licenses/by-nc-nd/2.5/ | Observatorio area, Sierra San Pedro Martir, Baja California | 2077.004 km | REJECT License not accepted
  candidate xeno-canto:XC72299 | Richard E Webster | song | https://creativecommons.org/licenses/by-nc-nd/2.5/ | Observatorio area, Sierra San Pedro Martir, Baja California | 2077.004 km | REJECT License not accepted
  ... 562 further candidates (full list in the import report after downloading).

Setophaga occidentalis: 175 candidates, 149 reusable/eligible, 3 selected
  SELECT xeno-canto:XC694391 | Alán Palacios | call | CC BY-NC-SA 4.0 | Cañada de León, Santa Catarina Ixtepeji, Oaxaca | 368.07 km | geographic tier 4; quality B; type call; reusable license; diversity within tier | https://xeno-canto.org/694391
  SELECT xeno-canto:XC212662 | Dan Lane | call | CC BY-NC-SA 4.0 | Yuvila Rd, La Cumbre, Oaxaca | 373.697 km | geographic tier 4; quality B; type call; reusable license; diversity within tier | https://xeno-canto.org/212662
  SELECT xeno-canto:XC150249 | Paul Marvin | call, song | CC BY-NC-SA 3.0 | Kitchen Creek Rd (north section) Cleveland National Forest, San Diego Co, California | 2271.679 km | geographic tier 5; quality A; type call, song; reusable license; diversity within tier | https://xeno-canto.org/150249
  candidate xeno-canto:XC66342 | manuel Grosselet | call | https://creativecommons.org/licenses/by-nc-nd/2.5/ | Mx, Oaxaca Monte Albán | 369.972 km | REJECT License not accepted
  candidate inaturalist:333082 | Alvaro Rivera Rojas (brújula de aves) | type unknown | no license | Amealco de Bonfil | 129.587 km | REJECT License not accepted
  candidate inaturalist:1231822 | Alvaro Rivera Rojas (brújula de aves) | type unknown | no license | EL EDEN, 76337 Tejamanil, Qro., México | 198.061 km | REJECT License not accepted
  candidate xeno-canto:XC674958 | Paul Marvin | call | CC BY-NC-SA 4.0 | Nestor Park, San Diego County, California | 2301.743 km
  candidate xeno-canto:XC150317 | Paul Marvin | call, flight call | CC BY-NC-SA 3.0 | Fort Rosecrans National Cemetery, San Diego, California | 2321.421 km
  candidate xeno-canto:XC150324 | Paul Marvin | song | CC BY-NC-SA 3.0 | Chevron Meadow (Crane  Flat), Yosemite National Park, California | 2850.819 km
  candidate xeno-canto:XC737540 | Paul Marvin | song | CC BY-NC-SA 4.0 | Ellis Rd, Amador County, California | 2940.685 km
  candidate xeno-canto:XC737877 | Paul Marvin | song | CC BY-NC-SA 4.0 | Ellis Rd, Amador County, California | 2940.685 km
  ... 164 further candidates (full list in the import report after downloading).

Setophaga townsendi: 594 candidates, 436 reusable/eligible, 3 selected
  SELECT xeno-canto:XC501629 | Isain Contreras Rodríguez | call, fireworks | CC BY-NC-SA 4.0 | Deportivo Nativitas, Xochimilco, Ciudad de México | 22.375 km | geographic tier 2; quality B; type call, fireworks; reusable license; diversity within tier | https://xeno-canto.org/501629
  SELECT inaturalist:2148101 | Miguel Ángel Mota Ayala | type unknown | CC BY-NC 4.0 | Bosque de Chapultepec III Secc, Ciudad de México, CDMX, México | 8.102 km | geographic tier 2; quality not rated; type not supplied; reusable license; diversity within tier | https://www.inaturalist.org/observations/397663794
  SELECT inaturalist:1250944 | Efraín Octavio Aguilar Pérez | type unknown | CC BY-NC 4.0 | Parque Nacional Bosque del Pedregal, Ciudad de México, CDMX, México | 10.149 km | geographic tier 2; quality not rated; type not supplied; reusable license; diversity within tier | https://www.inaturalist.org/observations/251709119
  candidate xeno-canto:XC173816 | Manuel Grosselet | song | CC BY-NC-SA 4.0 | Mex DF entrance Desierto de los Leones | 4.266 km | REJECT Low source quality
  candidate xeno-canto:XC173817 | Manuel Grosselet | song | CC BY-NC-SA 4.0 | Mex DF entrance Desierto de los Leones | 4.266 km | REJECT Low source quality
  candidate inaturalist:1263342 | Efraín Octavio Aguilar Pérez | type unknown | CC BY-NC 4.0 | San Andrés Totoltepec, Ciudad de México, CDMX, México | 12.838 km
  candidate inaturalist:1263343 | Efraín Octavio Aguilar Pérez | type unknown | CC BY-NC 4.0 | San Andrés Totoltepec, Ciudad de México, CDMX, México | 12.838 km
  candidate xeno-canto:XC1035703 | Bobby Wilcox | call | CC BY-NC-SA 4.0 | Cabañas Puesto del Sol, San Mateo Río Hondo, Oaxaca | 459.83 km
  candidate xeno-canto:XC265559 | Andrew Spencer | call, flight call | CC BY-NC-SA 4.0 | Tzontehuitz, Chiapas | 761.593 km
  candidate xeno-canto:XC212660 | Dan Lane | call | CC BY-NC-SA 4.0 | Yuvila Rd, La Cumbre, Oaxaca | 373.697 km
  candidate xeno-canto:XC335339 | Richard E. Webster | song | CC BY-NC-SA 4.0 | Campamento El Triunfo, Chiapas | 799.902 km
  ... 583 further candidates (full list in the import report after downloading).

Setophaga virens: 837 candidates, 633 reusable/eligible, 3 selected
  SELECT xeno-canto:XC351421 | Manuel Grosselet | call | CC BY-NC-SA 4.0 | Mexico, Oaxaca, Road 175 Km 90- 80 | 352.923 km | geographic tier 4; quality A; type call; reusable license; diversity within tier | https://xeno-canto.org/351421
  SELECT inaturalist:1691987 | Miguel Ángel Mota Ayala | type unknown | CC BY-NC 4.0 | Cuetzalan del Progreso, Pue., México | 199.385 km | geographic tier 4; quality not rated; type not supplied; reusable license; diversity within tier | https://www.inaturalist.org/observations/326144228
  SELECT xeno-canto:XC351422 | Manuel Grosselet | call | CC BY-NC-SA 4.0 | Mexico, Oaxaca, Road 175 Km 90- 80 | 352.923 km | geographic tier 4; quality B; type call; reusable license; diversity within tier | https://xeno-canto.org/351422
  candidate xeno-canto:XC400100 | Dan Lane | call | CC BY-NC-SA 4.0 | San Juan Bautista Valle Nacional, San Juan Bautista Valle Nacional, Oaxaca | 356.95 km
  candidate xeno-canto:XC31481 | Daniel Lane | call | CC BY-NC-SA 3.0 | Cañon del Sumidero, Chiapas  | 707.273 km
  candidate inaturalist:560757 | Alvaro Rivera Rojas (brújula de aves) | type unknown | no license | Presa Jalpan | 206.291 km | REJECT License not accepted
  candidate inaturalist:183264 | Juan Carlos Pérez Magaña | type unknown | CC BY-NC 4.0 | Emiliano Zapata, Ver., México | 258.346 km
  candidate inaturalist:183267 | Juan Carlos Pérez Magaña | type unknown | CC BY-NC 4.0 | Emiliano Zapata, Ver., México | 258.346 km
  candidate inaturalist:186388 | Juan Carlos Pérez Magaña | type unknown | CC BY-NC 4.0 | El Lencero, Ver., México | 258.402 km
  candidate inaturalist:1011816 | Luis Humberto "Beto" Montemayor | type unknown | no license | Centro de Gral Zuazua, Gral. Zuazua, N.L., Mexico | 733.331 km | REJECT License not accepted
  candidate inaturalist:184109 | Alfredo Dorantes Euan | type unknown | no license | Petecbiltun, Yucatán | 1015.779 km | REJECT License not accepted
  ... 826 further candidates (full list in the import report after downloading).
WARNING: iNaturalist search truncated at 5 pages ({}).

Sialia mexicana: 303 candidates, 240 reusable/eligible, 3 selected
  SELECT xeno-canto:XC347941 | Richard E. Webster | dawn calling | CC BY-NC-SA 4.0 | La Corona Arriba, Sierra San Pedro Martir, Baja California | 2078.061 km | geographic tier 4; quality A; type dawn calling; reusable license; diversity within tier | https://xeno-canto.org/347941
  SELECT xeno-canto:XC420007 | Manuel Grosselet | call | CC BY-NC-SA 4.0 | Parque las maravillas, Topilejo | 25.844 km | geographic tier 4; quality B; type call; reusable license; diversity within tier | https://xeno-canto.org/420007
  SELECT xeno-canto:XC347943 | Richard E. Webster | call, flight call | CC BY-NC-SA 4.0 | La Corona Arriba, Sierra San Pedro Martir, Baja California | 2078.061 km | geographic tier 4; quality B; type call, flight call; reusable license; diversity within tier | https://xeno-canto.org/347943
  candidate xeno-canto:XC71759 | Richard E Webster | call, dawn song, dawn calls like dawn song | https://creativecommons.org/licenses/by-nc-nd/2.5/ | Observatorio area, Sierra San Pedro Martir, Baja California | 2077.004 km | REJECT License not accepted
  candidate xeno-canto:XC71762 | Richard E Webster | call, interaction calls | https://creativecommons.org/licenses/by-nc-nd/2.5/ | Observatorio area, Sierra San Pedro Martir, Baja California | 2077.004 km | REJECT License not accepted
  candidate xeno-canto:XC71750 | Richard E Webster | call, dawn song, dawn calls like dawn song | https://creativecommons.org/licenses/by-nc-nd/2.5/ | La Corona Arriba, Sierra San Pedro Martir, Baja California | 2078.061 km | REJECT License not accepted
  candidate xeno-canto:XC71753 | Richard E Webster | call, dawn song, dawn calls like dawn song | https://creativecommons.org/licenses/by-nc-nd/2.5/ | La Corona Arriba, Sierra San Pedro Martir, Baja California | 2078.061 km | REJECT License not accepted
  candidate xeno-canto:XC71754 | Richard E Webster | call, dawn song, dawn calls like dawn song | https://creativecommons.org/licenses/by-nc-nd/2.5/ | La Corona Arriba, Sierra San Pedro Martir, Baja California | 2078.061 km | REJECT License not accepted
  candidate xeno-canto:XC71755 | Richard E Webster | call, dawn song, dawn calls like dawn song | https://creativecommons.org/licenses/by-nc-nd/2.5/ | La Corona Arriba, Sierra San Pedro Martir, Baja California | 2078.061 km | REJECT License not accepted
  candidate xeno-canto:XC71757 | Richard E Webster | call, dawn song, dawn calls like dawn song | https://creativecommons.org/licenses/by-nc-nd/2.5/ | La Corona Arriba, Sierra San Pedro Martir, Baja California | 2078.061 km | REJECT License not accepted
  candidate xeno-canto:XC71747 | Richard E Webster | call, dawn song, dawn calls like dawn song | https://creativecommons.org/licenses/by-nc-nd/2.5/ | Laguna Hanson, Sierra Juarez | 2177.483 km | REJECT License not accepted
  ... 292 further candidates (full list in the import report after downloading).

Sialia sialis: 754 candidates, 570 reusable/eligible, 3 selected
  SELECT xeno-canto:XC337447 | Richard E. Webster | call, phrases | CC BY-NC-SA 4.0 | near Maicoba, Sonora | 1383.355 km | geographic tier 4; quality A; type call, phrases; reusable license; diversity within tier | https://xeno-canto.org/337447
  SELECT xeno-canto:XC337449 | Richard E. Webster | alarm call | CC BY-NC-SA 4.0 | Mesa El Campanero, Yécora, Sonora | 1408.906 km | geographic tier 4; quality A; type alarm call; reusable license; diversity within tier | https://xeno-canto.org/337449
  SELECT xeno-canto:XC439864 | Richard E. Webster | song | CC BY-NC-SA 4.0 | Mesa El Campanero, Yécora, Sonora | 1408.906 km | geographic tier 4; quality A; type song; reusable license; diversity within tier | https://xeno-canto.org/439864
  candidate xeno-canto:XC439868 | Richard E. Webster | flight song, song | CC BY-NC-SA 4.0 | Mesa El Campanero, Yécora, Sonora | 1408.906 km
  candidate xeno-canto:XC452139 | Richard E. Webster | song | CC BY-NC-SA 4.0 | Mesa El Campanero, Yécora, Sonora | 1408.906 km
  candidate xeno-canto:XC452141 | Richard E. Webster | song | CC BY-NC-SA 4.0 | Mesa El Campanero, Yécora, Sonora | 1408.906 km
  candidate xeno-canto:XC502282 | Richard E. Webster | call | CC BY-NC-SA 4.0 | Mesa El Campanero, Yécora, Sonora | 1408.906 km
  candidate xeno-canto:XC502283 | Richard E. Webster | call, song | CC BY-NC-SA 4.0 | Mesa El Campanero, Yécora, Sonora | 1408.906 km
  candidate xeno-canto:XC502284 | Richard E. Webster | call, song, interaction calls | CC BY-NC-SA 4.0 | Mesa El Campanero, Yécora, Sonora | 1408.906 km
  candidate xeno-canto:XC615821 | Manuel Grosselet | call | CC BY-NC-SA 4.0 | Аројо Секо, Xico, Veracruz | 235.397 km
  candidate xeno-canto:XC615822 | Manuel Grosselet | call | CC BY-NC-SA 4.0 | Аројо Секо, Xico, Veracruz | 235.397 km
  ... 743 further candidates (full list in the import report after downloading).
WARNING: iNaturalist search truncated at 5 pages ({}).

Sitta carolinensis: 1040 candidates, 834 reusable/eligible, 3 selected
  SELECT xeno-canto:XC252941 | Manuel Grosselet | song | CC BY-NC-SA 4.0 | Mex DF entrance Desierto de los Leones | 4.266 km | geographic tier 0; quality A; type song; reusable license; diversity within tier | https://xeno-canto.org/252941
  SELECT xeno-canto:XC252947 | Manuel Grosselet | call | CC BY-NC-SA 4.0 | Mex DF entrance Desierto de los Leones | 4.266 km | geographic tier 0; quality A; type call; reusable license; diversity within tier | https://xeno-canto.org/252947
  SELECT inaturalist:2116395 | Efraín Octavio Aguilar Pérez | type unknown | CC BY-NC 4.0 | Cd. de México, México | 3.884 km | geographic tier 0; quality not rated; type not supplied; reusable license; diversity within tier | https://www.inaturalist.org/observations/390713230
  candidate inaturalist:2116400 | Efraín Octavio Aguilar Pérez | type unknown | CC BY-NC 4.0 | Cd. de México, México | 3.884 km
  candidate inaturalist:1712319 | Efraín Octavio Aguilar Pérez | type unknown | CC BY-NC 4.0 | Cd. de México, México | 4.968 km
  candidate inaturalist:1712320 | Efraín Octavio Aguilar Pérez | type unknown | CC BY-NC 4.0 | Cd. de México, México | 4.968 km
  candidate xeno-canto:XC778877 | Manuel Grosselet | call | CC BY-NC-SA 4.0 | Magdalena Contreras (near  Ciudad de México), Ciudad de México | 6.898 km
  candidate xeno-canto:XC599594 | Isain Contreras Rodríguez | call | CC BY-NC-SA 4.0 | Tlalpan (near  Ciudad de México), Ciudad de México | 11.26 km
  candidate xeno-canto:XC599595 | Isain Contreras Rodríguez | call | CC BY-NC-SA 4.0 | Tlalpan (near  Ciudad de México), Ciudad de México | 11.26 km
  candidate xeno-canto:XC587119 | Isain Contreras Rodríguez | call | CC BY-NC-SA 4.0 | Parque las maravillas, Ciudad de México | 24.103 km
  candidate inaturalist:1909848 | Nathan Zárate | type unknown | CC BY-NC 4.0 | 01864 CDMX, México | 5.076 km
  ... 1029 further candidates (full list in the import report after downloading).
WARNING: Xeno-canto search truncated at 5 pages (world).
WARNING: iNaturalist search truncated at 5 pages ({}).

Sitta pygmaea: 601 candidates, 440 reusable/eligible, 3 selected
  SELECT xeno-canto:XC289816 | Manuel Grosselet | song | CC BY-NC-SA 4.0 | Mex DF entrance Desierto de los Leones | 4.266 km | geographic tier 0; quality A; type song; reusable license; diversity within tier | https://xeno-canto.org/289816
  SELECT xeno-canto:XC814545 | Manuel Grosselet | call | CC BY-NC-SA 4.0 | Mex DF entrance Desierto de los Leones | 4.266 km | geographic tier 0; quality B; type call; reusable license; diversity within tier | https://xeno-canto.org/814545
  SELECT inaturalist:2116400 | Efraín Octavio Aguilar Pérez | type unknown | CC BY-NC 4.0 | Cd. de México, México | 3.884 km | geographic tier 0; quality not rated; type not supplied; reusable license; diversity within tier | https://www.inaturalist.org/observations/390713226
  candidate xeno-canto:XC167979 | Manuel Grosselet | song | CC BY-NC-SA 3.0 | Mex DF entrance Desierto de los Leones | 4.266 km
  candidate xeno-canto:XC702566 | Isain Contreras Rodríguez | call | CC BY-NC-SA 4.0 | Parque las maravillas, Ciudad de México | 24.103 km
  candidate xeno-canto:XC977839 | Matthew L. Brady | call | CC BY-NC-SA 4.0 | Parque Las Maravillas, Tlalpan, Ciudad de México | 25.149 km
  candidate xeno-canto:XC353079 | Manuel Grosselet | call | CC BY-NC-SA 4.0 | La Cima, Distrito Federal | 28.297 km
  candidate xeno-canto:XC587113 | Isain Contreras Rodríguez | call, flight call | CC BY-NC-SA 4.0 | Parque las maravillas, Ciudad de México | 24.103 km
  candidate inaturalist:1293682 | Magali Vázquez Cárcamo | type unknown | no license | 14900 CDMX, México | 25.444 km | REJECT License not accepted
  candidate inaturalist:1736585 | Magali Vázquez Cárcamo | type unknown | no license | Parque Nacional Cumbres del Ajusco, Cerro Pico del Águila km 21 Col. Héroes de 1910, 14714 Ciudad de México, CDMX, México | 25.546 km | REJECT License not accepted
  candidate xeno-canto:XC229769 | Peter Boesman | call | https://creativecommons.org/licenses/by-nc-nd/4.0/ | Cerro El Potosi, Nuevo Leon | 616.987 km | REJECT License not accepted
  ... 590 further candidates (full list in the import report after downloading).

Spatula clypeata: 368 candidates, 258 reusable/eligible, 3 selected
  SELECT xeno-canto:XC309689 | Manuel Grosselet | alarm call, flight call | CC BY-NC-SA 4.0 | Nabor Carillo, Estado de México | 35.12 km | geographic tier 3; quality B; type alarm call, flight call; reusable license; diversity within tier | https://xeno-canto.org/309689
  SELECT xeno-canto:XC168805 | Paul Driver | call, wing noise | CC BY-NC-SA 3.0 | Henderson Bird Viewing Preserve, Henderson, Nevada | 2412.495 km | geographic tier 5; quality A; type call, wing noise; reusable license; diversity within tier | https://xeno-canto.org/168805
  SELECT xeno-canto:XC368726 | Sue Riffe | song, flying in and landing on water | CC BY-NC-SA 4.0 | Pole Mtn Lake, Jackson County, Colorado | 2455.861 km | geographic tier 5; quality A; type song, flying in and landing on water; reusable license; diversity within tier | https://xeno-canto.org/368726
  candidate inaturalist:156464 | Alvaro Rivera Rojas (brújula de aves) | type unknown | no license | Presa Centenario | 143.543 km | REJECT License not accepted
  candidate xeno-canto:XC218531 | Peter Boesman | call | https://creativecommons.org/licenses/by-nc-nd/4.0/ | Whitewater Draw NWR, AZ | 1713.33 km | REJECT License not accepted
  candidate xeno-canto:XC218532 | Peter Boesman | call | https://creativecommons.org/licenses/by-nc-nd/4.0/ | Whitewater Draw NWR, AZ | 1713.33 km | REJECT License not accepted
  candidate xeno-canto:XC218536 | Peter Boesman | call | https://creativecommons.org/licenses/by-nc-nd/4.0/ | Sequoyah NWR, OK | 1837.888 km | REJECT License not accepted
  candidate xeno-canto:XC218538 | Peter Boesman | flight call | https://creativecommons.org/licenses/by-nc-nd/4.0/ | Sequoyah NWR, OK | 1837.888 km | REJECT License not accepted
  candidate xeno-canto:XC168806 | Paul Driver | call | CC BY-NC-SA 3.0 | Henderson Bird Viewing Preserve, Henderson, Nevada | 2412.495 km
  candidate xeno-canto:XC74951 | Todd Wilson | call, female and male calls | https://creativecommons.org/licenses/by-nc-nd/2.5/ | Vernon Marsh, Waukesha County, Wisconsin | 2813.269 km | REJECT License not accepted
  candidate xeno-canto:XC70560 | Paul Driver | call, male and female calls | https://creativecommons.org/licenses/by-nc-nd/2.5/ | Minot, ND | 3207.716 km | REJECT License not accepted
  ... 357 further candidates (full list in the import report after downloading).

Sphyrapicus thyroideus: 114 candidates, 77 reusable/eligible, 3 selected
  SELECT xeno-canto:XC348771 | Richard E. Webster | alarm call | CC BY-NC-SA 4.0 | La Corona Arriba, Sierra San Pedro Martir, Baja California | 2078.061 km | geographic tier 4; quality A; type alarm call; reusable license; diversity within tier | https://xeno-canto.org/348771
  SELECT xeno-canto:XC348773 | Richard E. Webster | call | CC BY-NC-SA 4.0 | La Corona Arriba, Sierra San Pedro Martir, Baja California | 2078.061 km | geographic tier 4; quality B; type call; reusable license; diversity within tier | https://xeno-canto.org/348773
  SELECT xeno-canto:XC638844 | Pritam Baruah | drumming | CC BY-NC-SA 4.0 | Genesee Mountain Park, Jefferson County, Colorado | 2334.736 km | geographic tier 5; quality A; type drumming; reusable license; diversity within tier | https://xeno-canto.org/638844
  candidate xeno-canto:XC72131 | Richard E Webster | drumming | https://creativecommons.org/licenses/by-nc-nd/2.5/ | Observatorio area, Sierra San Pedro Martir, Baja California | 2077.004 km | REJECT License not accepted
  candidate xeno-canto:XC72135 | Richard E Webster | drumming | https://creativecommons.org/licenses/by-nc-nd/2.5/ | Observatorio area, Sierra San Pedro Martir, Baja California | 2077.004 km | REJECT License not accepted
  candidate xeno-canto:XC72136 | Richard E Webster | drumming | https://creativecommons.org/licenses/by-nc-nd/2.5/ | Observatorio area, Sierra San Pedro Martir, Baja California | 2077.004 km | REJECT License not accepted
  candidate xeno-canto:XC229819 | Peter Boesman | call | https://creativecommons.org/licenses/by-nc-nd/4.0/ | Barranca Rancho Liebre, Sinaloa | 834.147 km | REJECT License not accepted
  candidate xeno-canto:XC72132 | Richard E Webster | drumming | https://creativecommons.org/licenses/by-nc-nd/2.5/ | Observatorio area, Sierra San Pedro Martir, Baja California | 2077.004 km | REJECT License not accepted
  candidate xeno-canto:XC72134 | Richard E Webster | drumming | https://creativecommons.org/licenses/by-nc-nd/2.5/ | Observatorio area, Sierra San Pedro Martir, Baja California | 2077.004 km | REJECT License not accepted
  candidate xeno-canto:XC72137 | Richard E Webster | drumming | https://creativecommons.org/licenses/by-nc-nd/2.5/ | Observatorio area, Sierra San Pedro Martir, Baja California | 2077.004 km | REJECT License not accepted
  candidate xeno-canto:XC72138 | Richard E Webster | drumming | https://creativecommons.org/licenses/by-nc-nd/2.5/ | Observatorio area, Sierra San Pedro Martir, Baja California | 2077.004 km | REJECT License not accepted
  ... 103 further candidates (full list in the import report after downloading).

Sphyrapicus varius: 698 candidates, 543 reusable/eligible, 3 selected
  SELECT xeno-canto:XC684682 | Alán Palacios | drumming | CC BY-NC-SA 4.0 | Localidad Sendero Mina de Agua - Carnicería | 86.079 km | geographic tier 4; quality B; type drumming; reusable license; diversity within tier | https://xeno-canto.org/684682
  SELECT xeno-canto:XC627326 | Manuel Grosselet | call | CC BY-NC-SA 4.0 | San Pablo Etla, San Pablo Etla, Oaxaca | 361.011 km | geographic tier 4; quality B; type call; reusable license; diversity within tier | https://xeno-canto.org/627326
  SELECT inaturalist:327510 | Carlos | type unknown | CC BY-NC 4.0 | 51260 Méx., México | 77.475 km | geographic tier 4; quality not rated; type not supplied; reusable license; diversity within tier | https://www.inaturalist.org/observations/100717308
  candidate xeno-canto:XC609739 | Manuel Grosselet | drumming | CC BY-NC-SA 4.0 | Cabañas Terrasas de la Tierra, San Sebastián Río Hondo, San Mateo Río Hondo, Oaxaca | 457.977 km
  candidate xeno-canto:XC245884 | Juan Carlos Pérez M. | call | CC BY-NC-SA 4.0 | Angangueo, Michoacán | 111.33 km
  candidate xeno-canto:XC1093056 | Manuel Grosselet | call | CC BY-NC-SA 4.0 | Mancha, Actopan, Veracruz | 304.769 km
  candidate inaturalist:1964099 | gerardomiguelalonso-gmam04 | type unknown | CC BY-NC 4.0 | Haras Cdad. Ecológica, Pue., México | 128.173 km
  candidate inaturalist:153191 | Alvaro Rivera Rojas (brújula de aves) | type unknown | no license | Tequisquiapan | 144.17 km | REJECT License not accepted
  candidate inaturalist:29462 | Ricardo Arredondo T. | type unknown | CC BY-NC 4.0 | Tangancícuaro, Mich., México | 322.429 km
  candidate inaturalist:169892 | Manuel Grosselet | type unknown | no license | 1ra Secc San Pablo Etla, 68258 San Pablo Etla, Oax., Mexique | 361.54 km | REJECT License not accepted
  candidate inaturalist:1316291 | ariadna_ibarra_morales | type unknown | no license | Fraccionamiento Las Américas, 97302 Mérida, Yuc., México | 1022.955 km | REJECT License not accepted
  ... 687 further candidates (full list in the import report after downloading).
WARNING: iNaturalist search truncated at 5 pages ({}).

Spinus notatus: 33 candidates, 18 reusable/eligible, 3 selected
  SELECT xeno-canto:XC261401 | Manuel Grosselet | song | CC BY-NC-SA 4.0 | Cumbres de Aquila, Ver | 213.734 km | geographic tier 4; quality A; type song; reusable license; diversity within tier | https://xeno-canto.org/261401
  SELECT xeno-canto:XC500473 | Richard E. Webster | call | CC BY-NC-SA 4.0 | Reserva Ecológica Sierra de San Juan--La Noria, Nayarit | 640.634 km | geographic tier 4; quality A; type call; reusable license; diversity within tier | https://xeno-canto.org/500473
  SELECT inaturalist:1196570 | Efraín Octavio Aguilar Pérez | type unknown | CC BY-NC 4.0 | Cd. de México, México | 12.308 km | geographic tier 4; quality not rated; type not supplied; reusable license; diversity within tier | https://www.inaturalist.org/observations/240617758
  candidate xeno-canto:XC5143 | Nathan Pieplow | song | https://creativecommons.org/licenses/by-nc-nd/2.5/ | near Tlanchinol, Hidalgo | 192.983 km | REJECT License not accepted
  candidate xeno-canto:XC5144 | Nathan Pieplow | song | https://creativecommons.org/licenses/by-nc-nd/2.5/ | near Tlanchinol, Hidalgo | 192.983 km | REJECT License not accepted
  candidate xeno-canto:XC500474 | Richard E. Webster | call | CC BY-NC-SA 4.0 | Reserva Ecológica Sierra de San Juan--La Noria, Nayarit | 640.634 km
  candidate xeno-canto:XC681642 | Manuel Grosselet | call | CC BY-NC-SA 4.0 | Oaxaca,  San Augustin Etla, terreno de Golf | 358.779 km
  candidate xeno-canto:XC28791 | Daniel Lane | call, song | CC BY-NC-SA 3.0 | Tamaulipas, Rancho del Cielo  | 418.759 km
  candidate xeno-canto:XC351718 | Frank Lambert | call | https://creativecommons.org/licenses/by-nc-nd/4.0/ | NE slope Volcan de Fuego, Jalisco | 447.303 km | REJECT License not accepted
  candidate xeno-canto:XC609734 | Manuel Grosselet | call | CC BY-NC-SA 4.0 | Cabañas Terrasas de la Tierra, San Sebastián Río Hondo, San Mateo Río Hondo, Oaxaca | 457.977 km
  candidate xeno-canto:XC350778 | Manuel Grosselet | call | CC BY-NC-SA 4.0 | Los Mazos RMO, Casimiro Castillo, Jalisco | 536.327 km
  ... 22 further candidates (full list in the import report after downloading).

Spinus pinus: 884 candidates, 666 reusable/eligible, 3 selected
  SELECT xeno-canto:XC168029 | Manuel Grosselet | call | CC BY-NC-SA 3.0 | Mex DF entrance Desierto de los Leones | 4.266 km | geographic tier 0; quality B; type call; reusable license; diversity within tier | https://xeno-canto.org/168029
  SELECT xeno-canto:XC168032 | Manuel Grosselet | call | CC BY-NC-SA 3.0 | Mex DF entrance Desierto de los Leones | 4.266 km | geographic tier 0; quality B; type call; reusable license; diversity within tier | https://xeno-canto.org/168032
  SELECT inaturalist:1907578 | Hilda Guerrero | type unknown | CC BY-NC 4.0 | 05753 CDMX, México | 7.412 km | geographic tier 2; quality not rated; type not supplied; reusable license; diversity within tier | https://www.inaturalist.org/observations/355858946
  candidate xeno-canto:XC55201 | manuel Grosselet | call | https://creativecommons.org/licenses/by-nc-nd/2.5/ | COntadero, Mexico City | 1.477 km | REJECT License not accepted
  candidate xeno-canto:XC80595 | manuel Grosselet | song | https://creativecommons.org/licenses/by-nc-nd/2.5/ | Mex DF entrance Desierto de los Leones | 4.266 km | REJECT License not accepted
  candidate inaturalist:1570219 | Magali Vázquez Cárcamo | type unknown | no license | 14700 San Miguel Ajusco, CDMX, México | 17.025 km | REJECT License not accepted
  candidate inaturalist:1730787 | Magali Vázquez Cárcamo | type unknown | no license | 14904 CDMX, México | 27.984 km | REJECT License not accepted
  candidate inaturalist:1730788 | Magali Vázquez Cárcamo | type unknown | no license | 14904 CDMX, México | 27.984 km | REJECT License not accepted
  candidate xeno-canto:XC707951 | Manuel Grosselet | call | CC BY-NC-SA 4.0 | Parque Estatal Sierra Morelos, Toluca de Lerdo, Toluca, Estado de México | 43.405 km
  candidate xeno-canto:XC698504 | Manuel Grosselet | call | CC BY-NC-SA 4.0 | Toluca de Lerdo, Toluca, Estado de México | 43.851 km
  candidate inaturalist:616942 | mickingles | type unknown | CC BY-NC 4.0 | Toluca, State of Mexico, Mexico | 42.981 km
  ... 873 further candidates (full list in the import report after downloading).
WARNING: iNaturalist search truncated at 5 pages ({}).

Spinus psaltria: 1130 candidates, 820 reusable/eligible, 3 selected
  SELECT xeno-canto:XC587174 | Manuel Grosselet | call | CC BY-NC-SA 4.0 | Iztapalapa (near  Ciudad de México), Ciudad de México | 24.729 km | geographic tier 2; quality A; type call; reusable license; diversity within tier | https://xeno-canto.org/587174
  SELECT xeno-canto:XC587177 | Manuel Grosselet | imitation, song, mimicry/imitation | CC BY-NC-SA 4.0 | Iztapalapa (near  Ciudad de México), Ciudad de México | 24.729 km | geographic tier 2; quality A; type imitation, song, mimicry/imitation; reusable license; diversity within tier | https://xeno-canto.org/587177
  SELECT xeno-canto:XC755164 | Manuel Grosselet | begging call | CC BY-NC-SA 4.0 | Iztapalapa (near  Ciudad de México), Ciudad de México | 24.729 km | geographic tier 2; quality A; type begging call; reusable license; diversity within tier | https://xeno-canto.org/755164
  candidate xeno-canto:XC587175 | Manuel Grosselet | call | CC BY-NC-SA 4.0 | Iztapalapa (near  Ciudad de México), Ciudad de México | 24.729 km
  candidate xeno-canto:XC818088 | Manuel Grosselet | call | CC BY-NC-SA 4.0 | Iztapalapa (near  Ciudad de México), Ciudad de México | 24.729 km
  candidate xeno-canto:XC592996 | Isain Contreras Rodríguez | call | CC BY-NC-SA 4.0 | Mx, Distrito Federal, Xochimilco | 20.677 km
  candidate xeno-canto:XC478216 | Manuel Grosselet | call, song | CC BY-NC-SA 4.0 | Mexico City, Federal District, laguna de San Gregorio Atpulco | 25.24 km
  candidate xeno-canto:XC578112 | Isain Contreras Rodríguez | song | CC BY-NC-SA 4.0 | Mexico City, Federal District, laguna de San Gregorio Atpulco | 25.24 km
  candidate xeno-canto:XC578113 | Isain Contreras Rodríguez | song | CC BY-NC-SA 4.0 | Mexico City, Federal District, laguna de San Gregorio Atpulco | 25.24 km
  candidate xeno-canto:XC586469 | Isain Contreras Rodríguez | call | CC BY-NC-SA 4.0 | Mexico City, Federal District, laguna de San Gregorio Atpulco | 25.24 km
  candidate xeno-canto:XC576228 | Isain Contreras Rodríguez | call | CC BY-NC-SA 4.0 | Tláhuac (near  Ciudad de México), Ciudad de México | 28.024 km
  ... 1119 further candidates (full list in the import report after downloading).
WARNING: iNaturalist search truncated at 5 pages ({}).

Spizella atrogularis: 296 candidates, 224 reusable/eligible, 3 selected
  SELECT xeno-canto:XC618609 | Manuel Grosselet | song | CC BY-NC-SA 4.0 | PArque Yecahuitzol  (near  Ciudad de México), Ciudad de México | 33.208 km | geographic tier 2; quality A; type song; reusable license; diversity within tier | https://xeno-canto.org/618609
  SELECT inaturalist:1634434 | Miguel Ángel Mota Ayala | type unknown | CC BY-NC 4.0 | Lomas de la Estancia, Ciudad de México, CDMX, México | 28.871 km | geographic tier 2; quality not rated; type not supplied; reusable license; diversity within tier | https://www.inaturalist.org/observations/313489220
  SELECT xeno-canto:XC618610 | Manuel Grosselet | song | CC BY-NC-SA 4.0 | PArque Yecahuitzol  (near  Ciudad de México), Ciudad de México | 33.208 km | geographic tier 2; quality A; type song; reusable license; diversity within tier | https://xeno-canto.org/618610
  candidate xeno-canto:XC178085 | Alejandro Gama | song | CC BY-NC-SA 4.0 | Reserva ecológica del Pedregal de San Angel, Distrito Federal | 10.333 km
  candidate inaturalist:1905621 | Efraín Octavio Aguilar Pérez | type unknown | CC BY-NC 4.0 | Lomas de la Estancia, Ciudad de México, CDMX, México | 29.08 km
  candidate inaturalist:672046 | Moran Arely y Aragón Jhonatan | type unknown | CC BY-NC 4.0 | Distrito Federal, MX | 29.477 km
  candidate inaturalist:1882547 | Karina Rivas-Angel | type unknown | CC BY-NC 4.0 | Distrito Federal, MX | 30.983 km
  candidate inaturalist:532068 | Karen Lizbeth López Jacobo | type unknown | no license | Distrito Federal, MX | 31.434 km | REJECT License not accepted
  candidate inaturalist:1923285 | Nao | type unknown | CC BY-NC 4.0 | Amp Emiliano Zapata, Ciudad de México, CDMX, México | 31.552 km
  candidate inaturalist:422761 | Cristy | type unknown | CC BY-NC 4.0 | Emiliano Zapata, Ciudad de México, CDMX, México | 32.264 km
  candidate xeno-canto:XC739238 | Ivann Romero | song | CC BY-NC-SA 4.0 | Sierra Morelos, Toluca, Estado de México | 45.348 km
  ... 285 further candidates (full list in the import report after downloading).

Spizella pallida: 628 candidates, 463 reusable/eligible, 3 selected
  SELECT xeno-canto:XC707932 | Manuel Grosselet | call, subsong | CC BY-NC-SA 4.0 | Tláhuac (near  Mexico City), Mexico City | 32.293 km | geographic tier 2; quality B; type call, subsong; reusable license; diversity within tier | https://xeno-canto.org/707932
  SELECT xeno-canto:XC712993 | Manuel Grosselet | subsong | CC BY-NC-SA 4.0 | Iztapalapa (near  Ciudad de México), Ciudad de México | 24.729 km | geographic tier 2; quality B; type subsong; reusable license; diversity within tier | https://xeno-canto.org/712993
  SELECT xeno-canto:XC610080 | Manuel Grosselet | call | CC BY-NC-SA 4.0 | San Pablo Etla, San Pablo Etla, Oaxaca | 360.905 km | geographic tier 4; quality B; type call; reusable license; diversity within tier | https://xeno-canto.org/610080
  candidate xeno-canto:XC229850 | Peter Boesman | call | https://creativecommons.org/licenses/by-nc-nd/4.0/ | La Noria Road, Sinaloa | 851.042 km | REJECT License not accepted
  candidate xeno-canto:XC229851 | Peter Boesman | call | https://creativecommons.org/licenses/by-nc-nd/4.0/ | La Noria Road, Sinaloa | 851.042 km | REJECT License not accepted
  candidate xeno-canto:XC21434 | Richard E Webster | song | https://creativecommons.org/licenses/by-nc-nd/2.5/ | San Isidro, Rio La Purisima, Baja Sur | 1511.374 km | REJECT License not accepted
  candidate inaturalist:902347 | Alvaro Rivera Rojas (brújula de aves) | type unknown | no license | Nuevo San Juan, 76808 San Juan del Río, Qro., México | 135.576 km | REJECT License not accepted
  candidate inaturalist:1749444 | Alvaro Rivera Rojas (brújula de aves) | type unknown | no license | Nuevo San Juan, 76808 San Juan del Río, Qro., México | 135.576 km | REJECT License not accepted
  candidate inaturalist:552138 | Chia⚡aka Cory Chiappone | type unknown | no license | Ocampo, Coah., Mexico | 1154.444 km | REJECT License not accepted
  candidate xeno-canto:XC140973 | Andrew Spencer | flight call | CC BY-NC-SA 3.0 | Rio Grande Village, Big Bend National Park, Brewster Co., Texas | 1154.592 km
  candidate xeno-canto:XC940063 | Sue Riffe | song | CC BY-NC-SA 4.0 | Holbrook Reservoir, Otero Cty, Colorado | 2121.831 km
  ... 617 further candidates (full list in the import report after downloading).

Spizella passerina: 1036 candidates, 790 reusable/eligible, 3 selected
  SELECT inaturalist:894136 | Miguel Ángel Mota Ayala | type unknown | CC BY-NC 4.0 | C.U., Ciudad de México, CDMX, México | 10.071 km | geographic tier 2; quality not rated; type not supplied; reusable license; diversity within tier | https://www.inaturalist.org/observations/198967094
  SELECT inaturalist:684761 | Martín Sánchez Vilchis | type unknown | CC BY-NC 4.0 | D.g.a.p.a, C.U., 04510 Ciudad de México, CDMX, México | 11.426 km | geographic tier 2; quality not rated; type not supplied; reusable license; diversity within tier | https://www.inaturalist.org/observations/160195882
  SELECT inaturalist:962047 | Efraín Octavio Aguilar Pérez | type unknown | CC BY-NC 4.0 | Refinería 18 de Marzo, 11210 Ciudad de México, CDMX, México | 15.811 km | geographic tier 2; quality not rated; type not supplied; reusable license; diversity within tier | https://www.inaturalist.org/observations/206481764
  candidate inaturalist:962049 | Efraín Octavio Aguilar Pérez | type unknown | CC BY-NC 4.0 | Refinería 18 de Marzo, 11210 Ciudad de México, CDMX, México | 15.82 km
  candidate inaturalist:1487280 | Hanji Eduardo Alegría Ovando | type unknown | CC BY-NC 4.0 | Parque Ecológico de Xochimilco, Ciudad de México, CDMX, México | 20.647 km
  candidate inaturalist:1487282 | Hanji Eduardo Alegría Ovando | type unknown | CC BY-NC 4.0 | Parque Ecológico de Xochimilco, Ciudad de México, CDMX, México | 20.647 km
  candidate inaturalist:1301377 | Diego Barrales | type unknown | no license | Parque Ecológico de Xochimilco, Ciudad de México, CDMX, México | 20.668 km | REJECT License not accepted
  candidate inaturalist:1300982 | Diego Barrales | type unknown | no license | Distrito Federal, MX | 20.969 km | REJECT License not accepted
  candidate inaturalist:1429805 | Efraín Octavio Aguilar Pérez | type unknown | CC BY-NC 4.0 | Zona de Conservación Ecológica, Ciudad de México, CDMX, México | 28.821 km
  candidate inaturalist:980188 | Diego Barrales | type unknown | no license | Zona de Conservación Ecológica, Ciudad de México, CDMX, México | 29.112 km | REJECT License not accepted
  candidate inaturalist:2011417 | Miguel Ángel Mota Ayala | type unknown | CC BY-NC 4.0 | Amp Emiliano Zapata, Ciudad de México, CDMX, México | 32.129 km
  ... 1025 further candidates (full list in the import report after downloading).
WARNING: iNaturalist search truncated at 5 pages ({}).

Sporophila torqueola: 255 candidates, 175 reusable/eligible, 3 selected
  SELECT xeno-canto:XC818085 | Manuel Grosselet | song | CC BY-NC-SA 4.0 | Iztapalapa (near  Ciudad de México), Ciudad de México | 24.729 km | geographic tier 2; quality A; type song; reusable license; diversity within tier | https://xeno-canto.org/818085
  SELECT inaturalist:1070787 | Efraín Octavio Aguilar Pérez | type unknown | CC BY-NC 4.0 | Campestre Churubusco, Ciudad de México, CDMX, México | 15.862 km | geographic tier 2; quality not rated; type not supplied; reusable license; diversity within tier | https://www.inaturalist.org/observations/219596753
  SELECT xeno-canto:XC818086 | Manuel Grosselet | song | CC BY-NC-SA 4.0 | Iztapalapa (near  Ciudad de México), Ciudad de México | 24.729 km | geographic tier 2; quality A; type song; reusable license; diversity within tier | https://xeno-canto.org/818086
  candidate inaturalist:1218733 | Efraín Octavio Aguilar Pérez | type unknown | CC BY-NC 4.0 | Parque Ecológico de Xochimilco, Ciudad de México, CDMX, México | 20.628 km
  candidate xeno-canto:XC737184 | Manuel Grosselet | song | CC BY-NC-SA 4.0 | Parque Estatal Sierra Morelos, Toluca de Lerdo, Toluca, Estado de México | 43.405 km
  candidate xeno-canto:XC737185 | Manuel Grosselet | song | CC BY-NC-SA 4.0 | Parque Estatal Sierra Morelos, Toluca de Lerdo, Toluca, Estado de México | 43.405 km
  candidate xeno-canto:XC737186 | Manuel Grosselet | song | CC BY-NC-SA 4.0 | Parque Estatal Sierra Morelos, Toluca de Lerdo, Toluca, Estado de México | 43.405 km
  candidate xeno-canto:XC327526 | Manuel Grosselet | song, rooster in far back | CC BY-NC-SA 4.0 | CAmino a los limones Tlayecac Morelos | 78.598 km
  candidate xeno-canto:XC327351 | Jorge Daniel Ruiz Contreras | song | CC BY-NC-SA 4.0 | Estación Biológica El Limón, Tepalcingo, Morelos | 97.101 km
  candidate xeno-canto:XC327552 | Manuel Grosselet | call | CC BY-NC-SA 4.0 | Presa de los carros, Cayehuacán, Axochiapan, Morelos | 104.261 km
  candidate xeno-canto:XC327557 | Manuel Grosselet | song | CC BY-NC-SA 4.0 | Presa de los carros, Chietla, Puebla | 104.803 km
  ... 244 further candidates (full list in the import report after downloading).

Stelgidopteryx serripennis: 333 candidates, 251 reusable/eligible, 3 selected
  SELECT xeno-canto:XC732256 | Manuel Grosselet | call | CC BY-NC-SA 4.0 | Guadalupe Hidalgo, Soledad Etla, Oaxaca | 356.591 km | geographic tier 4; quality A; type call; reusable license; diversity within tier | https://xeno-canto.org/732256
  SELECT xeno-canto:XC733060 | Manuel Grosselet | flight call | CC BY-NC-SA 4.0 | subida al mogote de humo San Agustín Etla, San Agustín Etla, Oaxaca | 357.399 km | geographic tier 4; quality A; type flight call; reusable license; diversity within tier | https://xeno-canto.org/733060
  SELECT xeno-canto:XC910219 | Manuel Grosselet | song | CC BY-NC-SA 4.0 | San Pablo Etla, San Pablo Etla, Oaxaca | 361.011 km | geographic tier 4; quality A; type song; reusable license; diversity within tier | https://xeno-canto.org/910219
  candidate xeno-canto:XC552295 | Manuel Grosselet | flight call | CC BY-NC-SA 4.0 | Oaxaca,  San Augustin Etla, terreno de Golf | 358.779 km
  candidate xeno-canto:XC731951 | Manuel Grosselet | call, flight call | CC BY-NC-SA 4.0 | San Pablo Etla, San Pablo Etla, Oaxaca | 362.724 km
  candidate xeno-canto:XC782422 | Manuel Grosselet | flight call | CC BY-NC-SA 4.0 | Monte Albán, Santa Cruz Xoxocotlán, Oaxaca | 369.276 km
  candidate xeno-canto:XC538379 | Isain Contreras Rodríguez | call | CC BY-NC-SA 4.0 | Topolobampo, Ahome, Sinaloa | 1220.208 km
  candidate xeno-canto:XC910210 | Manuel Grosselet | type unknown | CC BY-NC-SA 4.0 | San Pablo Etla, San Pablo Etla, Oaxaca | 361.011 km
  candidate xeno-canto:XC910211 | Manuel Grosselet | type unknown | CC BY-NC-SA 4.0 | San Pablo Etla, San Pablo Etla, Oaxaca | 361.011 km
  candidate xeno-canto:XC655307 | Manuel Grosselet | flight call | CC BY-NC-SA 4.0 | San Agustín Etla, San Pablo Etla, Oaxaca | 358.231 km
  candidate xeno-canto:XC565283 | Manuel Grosselet | flight call | CC BY-NC-SA 4.0 | Oaxaca,  San Augustin Etla, terreno de Golf | 358.779 km
  ... 322 further candidates (full list in the import report after downloading).

Streptopelia decaocto: 1166 candidates, 845 reusable/eligible, 3 selected
  SELECT inaturalist:1054747 | Efraín Octavio Aguilar Pérez | type unknown | CC BY-NC 4.0 | Paseos de Taxqueña, Ciudad de México, CDMX, México | 16.322 km | geographic tier 2; quality not rated; type not supplied; reusable license; diversity within tier | https://www.inaturalist.org/observations/217733564
  SELECT inaturalist:1057258 | Efraín Octavio Aguilar Pérez | type unknown | CC BY-NC 4.0 | Zoológico de San Juan de Aragón, 07920 Ciudad de México, CDMX, México | 24.875 km | geographic tier 2; quality not rated; type not supplied; reusable license; diversity within tier | https://www.inaturalist.org/observations/218035839
  SELECT inaturalist:1392247 | Efraín Octavio Aguilar Pérez | type unknown | CC BY-NC 4.0 | Zoológico de San Juan de Aragón, 07920 Ciudad de México, CDMX, México | 25.195 km | geographic tier 2; quality not rated; type not supplied; reusable license; diversity within tier | https://www.inaturalist.org/observations/272583747
  candidate inaturalist:1075131 | Miguel Ángel Mota Ayala | type unknown | CC BY-NC 4.0 | Deportivo los Galeana, 07910 Ciudad de México, CDMX, México | 25.67 km
  candidate inaturalist:1700980 | Efraín Octavio Aguilar Pérez | type unknown | CC BY-NC 4.0 | Cruztitla, San Antonio Tecómitl, CDMX, México | 33.831 km
  candidate inaturalist:1700981 | Efraín Octavio Aguilar Pérez | type unknown | CC BY-NC 4.0 | Cruztitla, San Antonio Tecómitl, CDMX, México | 33.831 km
  candidate xeno-canto:XC1080792 | Homero Bennet | song | CC BY-NC-SA 4.0 | Coatzacoalcos, Coatzacoalcos Municipality, Veracruz | 526.659 km
  candidate xeno-canto:XC381881 | Manuel Grosselet | song | CC BY-NC-SA 4.0 | General Bravo, Nuevo León | 714.689 km
  candidate xeno-canto:XC381882 | Manuel Grosselet | song, wing beat | CC BY-NC-SA 4.0 | General Bravo, Nuevo León | 714.689 km
  candidate xeno-canto:XC1136176 | Manuel Grosselet | song | CC BY-NC-SA 4.0 | Mérida, Mérida Municipality, Yucatán | 1028.269 km
  candidate xeno-canto:XC490221 | Manuel Grosselet | song | CC BY-NC-SA 4.0 | Privanzas Los Mochis Ahome, Sinaloa | 1225.922 km
  ... 1155 further candidates (full list in the import report after downloading).
WARNING: Xeno-canto search truncated at 5 pages (world).
WARNING: iNaturalist search truncated at 5 pages ({}).

Sturnus vulgaris: 992 candidates, 741 reusable/eligible, 3 selected
  SELECT inaturalist:1738246 | Miguel Ángel Mota Ayala | type unknown | CC BY-NC 4.0 | Hacienda del Rosario, Ex el Rosario, 02420 Ciudad de México, CDMX, México | 17.999 km | geographic tier 2; quality not rated; type not supplied; reusable license; diversity within tier | https://www.inaturalist.org/observations/334292428
  SELECT inaturalist:1771768 | Miguel Ángel Mota Ayala | type unknown | CC BY-NC 4.0 | Hacienda del Rosario, Ex el Rosario, 02420 Ciudad de México, CDMX, México | 18.004 km | geographic tier 2; quality not rated; type not supplied; reusable license; diversity within tier | https://www.inaturalist.org/observations/339262750
  SELECT xeno-canto:XC523649 | Manuel Grosselet | song | CC BY-NC-SA 4.0 | Los Mochis, Ahome, Sinaloa | 1227.681 km | geographic tier 4; quality A; type song; reusable license; diversity within tier | https://xeno-canto.org/523649
  candidate xeno-canto:XC449532 | Richard E. Webster | call | CC BY-NC-SA 4.0 | Rio Mayo, Navojoa, Sonora | 1347.8 km
  candidate xeno-canto:XC348932 | Richard E. Webster | call, song | CC BY-NC-SA 4.0 | Catavina, Baja California | 1937.728 km
  candidate xeno-canto:XC348933 | Richard E. Webster | call, song | CC BY-NC-SA 4.0 | Catavina, Baja California | 1937.728 km
  candidate xeno-canto:XC72207 | Richard E Webster | call | https://creativecommons.org/licenses/by-nc-nd/2.5/ | Laguna Hanson, Sierra Juarez | 2177.483 km | REJECT License not accepted
  candidate xeno-canto:XC348935 | Richard E. Webster | call | CC BY-NC-SA 4.0 | Catavina, Baja California | 1937.728 km
  candidate inaturalist:826065 | Mizrain Sánchez | type unknown | CC BY-NC 4.0 | 56310 Méx., México | 41.955 km
  candidate inaturalist:214056 | Ernesto P. Montes | type unknown | no license | San Jose, Tequixquiac, Méx., México | 63.454 km | REJECT License not accepted
  candidate inaturalist:607835 | Hazel Haro | type unknown | CC BY-NC 4.0 | Tulancingo | 125.986 km
  ... 981 further candidates (full list in the import report after downloading).
WARNING: Xeno-canto search truncated at 5 pages (world).
WARNING: iNaturalist search truncated at 5 pages ({}).

Tachycineta thalassina: 296 candidates, 230 reusable/eligible, 3 selected
  SELECT xeno-canto:XC168034 | Manuel Grosselet | call | CC BY-NC-SA 3.0 | Mex DF entrance Desierto de los Leones | 4.266 km | geographic tier 0; quality B; type call; reusable license; diversity within tier | https://xeno-canto.org/168034
  SELECT xeno-canto:XC252185 | Manuel Grosselet | flight call | CC BY-NC-SA 4.0 | Mex DF entrance Desierto de los Leones | 4.266 km | geographic tier 0; quality B; type flight call; reusable license; diversity within tier | https://xeno-canto.org/252185
  SELECT xeno-canto:XC341242 | Manuel Grosselet | flight call | CC BY-NC-SA 4.0 | Mex DF entrance Desierto de los Leones | 4.266 km | geographic tier 0; quality C; type flight call; reusable license; diversity within tier | https://xeno-canto.org/341242
  candidate xeno-canto:XC707944 | Manuel Grosselet | flight call | CC BY-NC-SA 4.0 | Parque Estatal Sierra Morelos, Toluca de Lerdo, Toluca, Estado de México | 43.405 km
  candidate xeno-canto:XC72210 | Richard E Webster | call | https://creativecommons.org/licenses/by-nc-nd/2.5/ | Observatorio area, Sierra San Pedro Martir, Baja California | 2077.004 km | REJECT License not accepted
  candidate xeno-canto:XC72211 | Richard E Webster | flight call | https://creativecommons.org/licenses/by-nc-nd/2.5/ | Observatorio area, Sierra San Pedro Martir, Baja California | 2077.004 km | REJECT License not accepted
  candidate xeno-canto:XC72213 | Richard E Webster | flight call | https://creativecommons.org/licenses/by-nc-nd/2.5/ | Observatorio area, Sierra San Pedro Martir, Baja California | 2077.004 km | REJECT License not accepted
  candidate xeno-canto:XC72214 | Richard E Webster | call, dawn song, dawn calls like dawn song | https://creativecommons.org/licenses/by-nc-nd/2.5/ | Observatorio area, Sierra San Pedro Martir, Baja California | 2077.004 km | REJECT License not accepted
  candidate xeno-canto:XC72215 | Richard E Webster | call, dawn song, dawn calls like dawn song | https://creativecommons.org/licenses/by-nc-nd/2.5/ | Observatorio area, Sierra San Pedro Martir, Baja California | 2077.004 km | REJECT License not accepted
  candidate xeno-canto:XC72209 | Richard E Webster | call | https://creativecommons.org/licenses/by-nc-nd/2.5/ | La Corona Arriba, Sierra San Pedro Martir, Baja California | 2078.061 km | REJECT License not accepted
  candidate xeno-canto:XC72212 | Richard E Webster | flight call | https://creativecommons.org/licenses/by-nc-nd/2.5/ | La Corona Arriba, Sierra San Pedro Martir, Baja California | 2078.061 km | REJECT License not accepted
  ... 285 further candidates (full list in the import report after downloading).

Thryomanes bewickii: 1528 candidates, 1122 reusable/eligible, 3 selected
  SELECT inaturalist:1061061 | prm66 | type unknown | CC BY-NC 4.0 | Calle General Francisco Villarreal, Cuajimalpa de Morelos, CDMX, MX | 1.799 km | geographic tier 0; quality not rated; type not supplied; reusable license; diversity within tier | https://www.inaturalist.org/observations/218369395
  SELECT inaturalist:1081162 | Octavio Pérez-Martínez | type unknown | CC BY-NC-SA 4.0 | Santa Fe, Zedec Sta Fé, Ciudad de México, CDMX, México | 4.289 km | geographic tier 0; quality not rated; type not supplied; reusable license; diversity within tier | https://www.inaturalist.org/observations/221004584
  SELECT inaturalist:1903855 | Alejandra Castillo | type unknown | CC BY-NC 4.0 | AVA B JALALPA | 4.776 km | geographic tier 0; quality not rated; type not supplied; reusable license; diversity within tier | https://www.inaturalist.org/observations/355472619
  candidate inaturalist:1895919 | Kendra | type unknown | no license | AVA La Diferencia | 4.357 km | REJECT License not accepted
  candidate inaturalist:44989 | Joel Galván | type unknown | CC BY-NC 4.0 | Las Cruces, 10330 Ciudad de México, CDMX, México | 4.934 km
  candidate inaturalist:44990 | Joel Galván | type unknown | CC BY-NC 4.0 | Las Cruces, 10330 Ciudad de México, CDMX, México | 4.934 km
  candidate xeno-canto:XC314413 | Manuel Grosselet | song | CC BY-NC-SA 4.0 | Lomas de Bezares Miguel Hidalgo Mexico city | 5.885 km
  candidate xeno-canto:XC382222 | Manuel Grosselet | song | CC BY-NC-SA 4.0 | Lomas de Bezares Miguel Hidalgo Mexico city | 5.885 km
  candidate xeno-canto:XC383782 | Manuel Grosselet | call | CC BY-NC-SA 4.0 | Lomas de Bezares Miguel Hidalgo Mexico city | 5.885 km
  candidate xeno-canto:XC383784 | Manuel Grosselet | call, song | CC BY-NC-SA 4.0 | Lomas de Bezares Miguel Hidalgo Mexico city | 5.885 km
  candidate xeno-canto:XC333643 | Esau Toaki Villarreal  | song, cars, city, people | CC BY-NC-SA 4.0 | Tlalpan (near  Ciudad de México), Ciudad de México | 8.309 km
  ... 1517 further candidates (full list in the import report after downloading).
WARNING: Xeno-canto search truncated at 5 pages (world).
WARNING: iNaturalist search truncated at 5 pages ({}).

Toxostoma curvirostre: 1218 candidates, 917 reusable/eligible, 3 selected
  SELECT inaturalist:1163666 | Álvaro San José Elizundia | type unknown | CC BY-NC 4.0 | Lomas de Santa Fe, Contadero, 05348 Ciudad de México, CDMX, Mexico | 1.221 km | geographic tier 0; quality not rated; type not supplied; reusable license; diversity within tier | https://www.inaturalist.org/observations/235986840
  SELECT inaturalist:904509 | Octavio Pérez-Martínez | type unknown | CC BY-NC-SA 4.0 | Garcimarrero, Ciudad de México, CDMX, México | 4.952 km | geographic tier 0; quality not rated; type not supplied; reusable license; diversity within tier | https://www.inaturalist.org/observations/200036884
  SELECT xeno-canto:XC166767 | Manuel Grosselet | song | CC BY-NC-SA 3.0 | Mx, Distrito Federal, Lomas de Bezares, Calle Colina | 6.177 km | geographic tier 2; quality A; type song; reusable license; diversity within tier | https://xeno-canto.org/166767
  candidate xeno-canto:XC167955 | Manuel Grosselet | song | CC BY-NC-SA 3.0 | Mx, Distrito Federal, Lomas de Bezares, Calle Colina | 6.177 km
  candidate xeno-canto:XC305396 | Manuel Grosselet | song | CC BY-NC-SA 4.0 | Mx, Distrito Federal, Lomas de Bezares, Calle Colina | 6.177 km
  candidate xeno-canto:XC305397 | Manuel Grosselet | call, song | CC BY-NC-SA 4.0 | Mx, Distrito Federal, Lomas de Bezares, Calle Colina | 6.177 km
  candidate xeno-canto:XC305870 | Manuel Grosselet | call, song | CC BY-NC-SA 4.0 | Mx, Distrito Federal, Lomas de Bezares, Calle Colina | 6.177 km
  candidate xeno-canto:XC305871 | Manuel Grosselet | call | CC BY-NC-SA 4.0 | Mx, Distrito Federal, Lomas de Bezares, Calle Colina | 6.177 km
  candidate xeno-canto:XC305872 | Manuel Grosselet | call, song | CC BY-NC-SA 4.0 | Mx, Distrito Federal, Lomas de Bezares, Calle Colina | 6.177 km
  candidate xeno-canto:XC818080 | Manuel Grosselet | call | CC BY-NC-SA 4.0 | Iztapalapa (near  Ciudad de México), Ciudad de México | 24.729 km
  candidate xeno-canto:XC263749 | Manuel Grosselet | call | CC BY-NC-SA 4.0 | Mx, Distrito Federal, Lomas de Bezares, Calle Colina | 6.177 km
  ... 1207 further candidates (full list in the import report after downloading).
WARNING: Xeno-canto search truncated at 5 pages (world).
WARNING: iNaturalist search truncated at 5 pages ({}).

Troglodytes aedon: 1269 candidates, 975 reusable/eligible, 3 selected
  SELECT xeno-canto:XC462119 | Manuel Grosselet | song | CC BY-NC-SA 4.0 | MX Distrito federal la Loma baja | 4.242 km | geographic tier 0; quality A; type song; reusable license; diversity within tier | https://xeno-canto.org/462119
  SELECT xeno-canto:XC252193 | Manuel Grosselet | call | CC BY-NC-SA 4.0 | Mex DF entrance Desierto de los Leones | 4.266 km | geographic tier 0; quality A; type call; reusable license; diversity within tier | https://xeno-canto.org/252193
  SELECT inaturalist:1906363 | David Ricardo Osorio Meléndez | type unknown | CC BY-NC 4.0 | Calle Navío & Av. Secretaría de Marina, Lomas del Chamizal, 05129 Ciudad de México, CDMX, México | 4.294 km | geographic tier 0; quality not rated; type not supplied; reusable license; diversity within tier | https://www.inaturalist.org/observations/355713676
  candidate xeno-canto:XC630963 | Manuel Grosselet | song | CC BY-NC-SA 4.0 | MX Distrito federal la Loma baja | 4.242 km
  candidate xeno-canto:XC314415 | Manuel Grosselet | song | CC BY-NC-SA 4.0 | Lomas de Bezares Miguel Hidalgo Mexico city | 5.885 km
  candidate xeno-canto:XC747191 | Manuel Grosselet | alarm call | CC BY-NC-SA 4.0 | Lomas de Bezares Miguel Hidalgo Mexico city | 5.885 km
  candidate xeno-canto:XC747192 | Manuel Grosselet | alarm call, song | CC BY-NC-SA 4.0 | Lomas de Bezares Miguel Hidalgo Mexico city | 5.885 km
  candidate xeno-canto:XC808382 | Manuel Grosselet | song | CC BY-NC-SA 4.0 | Lomas de Bezares Miguel Hidalgo Mexico city | 5.885 km
  candidate xeno-canto:XC305877 | Manuel Grosselet | song | CC BY-NC-SA 4.0 | Magdalena Contreras (near  Ciudad de México), Distrito Federal | 9.552 km
  candidate xeno-canto:XC324444 | Manuel Grosselet | song | CC BY-NC-SA 4.0 | La grande Palapa Milpa Alta (near  Ciudad de México), Ciudad de México | 37.137 km
  candidate xeno-canto:XC324456 | Manuel Grosselet | song | CC BY-NC-SA 4.0 | La grande Palapa Milpa Alta (near  Ciudad de México), Ciudad de México | 37.137 km
  ... 1258 further candidates (full list in the import report after downloading).
WARNING: Xeno-canto search truncated at 5 pages (world).
WARNING: iNaturalist search truncated at 5 pages ({}).
